0.000000000000000000e+00 0.000000000000000000e+00 0.000000000000000000e+00 0.000000000000000000e+00 0.000000000000000000e+00 0.000000000000000000e+00 0.000000000000000000e+00 0.000000000000000000e+00 0.000000000000000000e+00 0.000000000000000000e+00 0.000000000000000000e+00 0.000000000000000000e+00 0.000000000000000000e+00 0.000000000000000000e+00 0.000000000000000000e+00 0.000000000000000000e+00 0.000000000000000000e+00 0.000000000000000000e+00 0.000000000000000000e+00 0.000000000000000000e+00 0.000000000000000000e+00 0.000000000000000000e+00 0.000000000000000000e+00 0.000000000000000000e+00 0.000000000000000000e+00 0.000000000000000000e+00 0.000000000000000000e+00 0.000000000000000000e+00 0.000000000000000000e+00 0.000000000000000000e+00 1.732050848790194220e+00 1.732050848790194442e+00 1.732050848790194442e+00 1.732050848790194442e+00 1.732050848790194886e+00 1.732050848790194886e+00 1.732050848790195108e+00 1.732050848790195108e+00 1.732050848790195330e+00 1.732050848790195330e+00 1.732050848790195774e+00 1.732050848790195774e+00 1.732050848790195774e+00 1.732050848790195774e+00 1.732050848790195774e+00 1.732050848790195774e+00 1.732050848790195996e+00 1.732050848790195996e+00 1.732050848790195996e+00 1.732050848790195996e+00 1.732050848790195996e+00 1.732050848790195996e+00 1.732050848790195996e+00 1.732050848790195996e+00 1.732050848790195996e+00 1.732050848790195996e+00 1.732050848790195996e+00 1.732050848790195996e+00 1.732050848790195996e+00 1.732050848790195996e+00 1.732050826770784813e+00 1.732050826770784813e+00 1.732050826770784813e+00 1.732050826770784813e+00 1.732050826770785035e+00 1.732050826770785035e+00 1.732050826770785035e+00 1.732050826770785035e+00 1.732050826770785035e+00 1.732050826770785035e+00 1.732050826770785035e+00 1.732050826770785035e+00 1.732050826770785035e+00 1.732050826770785035e+00 1.732050826770785035e+00 1.732050826770785035e+00 1.732050826770785035e+00 1.732050826770785035e+00 1.732050826770785035e+00 1.732050826770785035e+00 1.732050826770785701e+00 1.732050826770785701e+00 1.732050826770785701e+00 1.732050826770785701e+00 1.732050826770785701e+00 1.732050826770785701e+00 1.732050826770785701e+00 1.732050826770785701e+00 1.732050826770785701e+00 1.732050826770785701e+00
0.000000000000000000e+00 0.000000000000000000e+00 0.000000000000000000e+00 0.000000000000000000e+00 0.000000000000000000e+00 0.000000000000000000e+00 0.000000000000000000e+00 0.000000000000000000e+00 0.000000000000000000e+00 0.000000000000000000e+00 0.000000000000000000e+00 0.000000000000000000e+00 0.000000000000000000e+00 0.000000000000000000e+00 0.000000000000000000e+00 0.000000000000000000e+00 0.000000000000000000e+00 0.000000000000000000e+00 0.000000000000000000e+00 0.000000000000000000e+00 0.000000000000000000e+00 0.000000000000000000e+00 0.000000000000000000e+00 0.000000000000000000e+00 0.000000000000000000e+00 0.000000000000000000e+00 0.000000000000000000e+00 0.000000000000000000e+00 0.000000000000000000e+00 0.000000000000000000e+00 1.732050848790196884e+00 1.732050848790197328e+00 1.732050848790197328e+00 1.732050848790197328e+00 1.732050848790197550e+00 1.732050848790197550e+00 1.732050848790197772e+00 1.732050848790197772e+00 1.732050848790198216e+00 1.732050848790198216e+00 1.732050848790198438e+00 1.732050848790198438e+00 1.732050848790198438e+00 1.732050848790198438e+00 1.732050848790198438e+00 1.732050848790198438e+00 1.732050848790198661e+00 1.732050848790198661e+00 1.732050848790198883e+00 1.732050848790198883e+00 1.732050848790198883e+00 1.732050848790198883e+00 1.732050848790198883e+00 1.732050848790198883e+00 1.732050848790198883e+00 1.732050848790198883e+00 1.732050848790198883e+00 1.732050848790198883e+00 1.732050848790198883e+00 1.732050848790198661e+00 1.732050826770782148e+00 1.732050826770782148e+00 1.732050826770782148e+00 1.732050826770782148e+00 1.732050826770782370e+00 1.732050826770782370e+00 1.732050826770782370e+00 1.732050826770782370e+00 1.732050826770782370e+00 1.732050826770782370e+00 1.732050826770782370e+00 1.732050826770782370e+00 1.732050826770782370e+00 1.732050826770782370e+00 1.732050826770782370e+00 1.732050826770782370e+00 1.732050826770782370e+00 1.732050826770782370e+00 1.732050826770782370e+00 1.732050826770782370e+00 1.732050826770782814e+00 1.732050826770782814e+00 1.732050826770782814e+00 1.732050826770782814e+00 1.732050826770782814e+00 1.732050826770782814e+00 1.732050826770782814e+00 1.732050826770782814e+00 1.732050826770782814e+00 1.732050826770782814e+00
0.000000000000000000e+00 0.000000000000000000e+00 0.000000000000000000e+00 0.000000000000000000e+00 0.000000000000000000e+00 0.000000000000000000e+00 0.000000000000000000e+00 0.000000000000000000e+00 0.000000000000000000e+00 0.000000000000000000e+00 0.000000000000000000e+00 0.000000000000000000e+00 0.000000000000000000e+00 0.000000000000000000e+00 0.000000000000000000e+00 0.000000000000000000e+00 0.000000000000000000e+00 0.000000000000000000e+00 0.000000000000000000e+00 0.000000000000000000e+00 0.000000000000000000e+00 0.000000000000000000e+00 0.000000000000000000e+00 0.000000000000000000e+00 0.000000000000000000e+00 0.000000000000000000e+00 0.000000000000000000e+00 0.000000000000000000e+00 0.000000000000000000e+00 0.000000000000000000e+00 1.732050848790197994e+00 1.732050848790198216e+00 1.732050848790198216e+00 1.732050848790198216e+00 1.732050848790198438e+00 1.732050848790198438e+00 1.732050848790198661e+00 1.732050848790198661e+00 1.732050848790199105e+00 1.732050848790199105e+00 1.732050848790199327e+00 1.732050848790199327e+00 1.732050848790199327e+00 1.732050848790199327e+00 1.732050848790199327e+00 1.732050848790199327e+00 1.732050848790199549e+00 1.732050848790199549e+00 1.732050848790199771e+00 1.732050848790199771e+00 1.732050848790199771e+00 1.732050848790199771e+00 1.732050848790199771e+00 1.732050848790199771e+00 1.732050848790199771e+00 1.732050848790199771e+00 1.732050848790199771e+00 1.732050848790199771e+00 1.732050848790199771e+00 1.732050848790199549e+00 1.732050826770781038e+00 1.732050826770781038e+00 1.732050826770781038e+00 1.732050826770781038e+00 1.732050826770781482e+00 1.732050826770781482e+00 1.732050826770781482e+00 1.732050826770781482e+00 1.732050826770781482e+00 1.732050826770781482e+00 1.732050826770781482e+00 1.732050826770781482e+00 1.732050826770781482e+00 1.732050826770781482e+00 1.732050826770781482e+00 1.732050826770781482e+00 1.732050826770781482e+00 1.732050826770781482e+00 1.732050826770781482e+00 1.732050826770781482e+00 1.732050826770781926e+00 1.732050826770781926e+00 1.732050826770781926e+00 1.732050826770781926e+00 1.732050826770781926e+00 1.732050826770781926e+00 1.732050826770781926e+00 1.732050826770781926e+00 1.732050826770781926e+00 1.732050826770781926e+00
0.000000000000000000e+00 0.000000000000000000e+00 0.000000000000000000e+00 0.000000000000000000e+00 0.000000000000000000e+00 0.000000000000000000e+00 0.000000000000000000e+00 0.000000000000000000e+00 0.000000000000000000e+00 0.000000000000000000e+00 0.000000000000000000e+00 0.000000000000000000e+00 0.000000000000000000e+00 0.000000000000000000e+00 0.000000000000000000e+00 0.000000000000000000e+00 0.000000000000000000e+00 0.000000000000000000e+00 0.000000000000000000e+00 0.000000000000000000e+00 0.000000000000000000e+00 0.000000000000000000e+00 0.000000000000000000e+00 0.000000000000000000e+00 0.000000000000000000e+00 0.000000000000000000e+00 0.000000000000000000e+00 0.000000000000000000e+00 0.000000000000000000e+00 0.000000000000000000e+00 1.732050848790194442e+00 1.732050848790194664e+00 1.732050848790194664e+00 1.732050848790194664e+00 1.732050848790194886e+00 1.732050848790194886e+00 1.732050848790195108e+00 1.732050848790195108e+00 1.732050848790195330e+00 1.732050848790195330e+00 1.732050848790195774e+00 1.732050848790195774e+00 1.732050848790195774e+00 1.732050848790195774e+00 1.732050848790195774e+00 1.732050848790195774e+00 1.732050848790195996e+00 1.732050848790195996e+00 1.732050848790196218e+00 1.732050848790196218e+00 1.732050848790196218e+00 1.732050848790196218e+00 1.732050848790196218e+00 1.732050848790196218e+00 1.732050848790196218e+00 1.732050848790196218e+00 1.732050848790196218e+00 1.732050848790196218e+00 1.732050848790196218e+00 1.732050848790195996e+00 1.732050826770784591e+00 1.732050826770784591e+00 1.732050826770784591e+00 1.732050826770784591e+00 1.732050826770785035e+00 1.732050826770785035e+00 1.732050826770785035e+00 1.732050826770785035e+00 1.732050826770785035e+00 1.732050826770785035e+00 1.732050826770785035e+00 1.732050826770785035e+00 1.732050826770785035e+00 1.732050826770785035e+00 1.732050826770785035e+00 1.732050826770785035e+00 1.732050826770785035e+00 1.732050826770785035e+00 1.732050826770785035e+00 1.732050826770785035e+00 1.732050826770785479e+00 1.732050826770785479e+00 1.732050826770785479e+00 1.732050826770785479e+00 1.732050826770785479e+00 1.732050826770785479e+00 1.732050826770785479e+00 1.732050826770785479e+00 1.732050826770785479e+00 1.732050826770785479e+00
0.000000000000000000e+00 0.000000000000000000e+00 0.000000000000000000e+00 0.000000000000000000e+00 0.000000000000000000e+00 0.000000000000000000e+00 0.000000000000000000e+00 0.000000000000000000e+00 0.000000000000000000e+00 0.000000000000000000e+00 0.000000000000000000e+00 0.000000000000000000e+00 0.000000000000000000e+00 0.000000000000000000e+00 0.000000000000000000e+00 0.000000000000000000e+00 0.000000000000000000e+00 0.000000000000000000e+00 0.000000000000000000e+00 0.000000000000000000e+00 0.000000000000000000e+00 0.000000000000000000e+00 0.000000000000000000e+00 0.000000000000000000e+00 0.000000000000000000e+00 0.000000000000000000e+00 0.000000000000000000e+00 0.000000000000000000e+00 0.000000000000000000e+00 0.000000000000000000e+00 1.732050848790194886e+00 1.732050848790195108e+00 1.732050848790195108e+00 1.732050848790195108e+00 1.732050848790195330e+00 1.732050848790195330e+00 1.732050848790195774e+00 1.732050848790195774e+00 1.732050848790195996e+00 1.732050848790195996e+00 1.732050848790196218e+00 1.732050848790196218e+00 1.732050848790196218e+00 1.732050848790196218e+00 1.732050848790196218e+00 1.732050848790196218e+00 1.732050848790196440e+00 1.732050848790196440e+00 1.732050848790196662e+00 1.732050848790196662e+00 1.732050848790196662e+00 1.732050848790196662e+00 1.732050848790196662e+00 1.732050848790196662e+00 1.732050848790196662e+00 1.732050848790196662e+00 1.732050848790196662e+00 1.732050848790196662e+00 1.732050848790196662e+00 1.732050848790196440e+00 1.732050826770784369e+00 1.732050826770784369e+00 1.732050826770784369e+00 1.732050826770784369e+00 1.732050826770784591e+00 1.732050826770784591e+00 1.732050826770784591e+00 1.732050826770784591e+00 1.732050826770784591e+00 1.732050826770784591e+00 1.732050826770784591e+00 1.732050826770784591e+00 1.732050826770784591e+00 1.732050826770784591e+00 1.732050826770784591e+00 1.732050826770784591e+00 1.732050826770784591e+00 1.732050826770784591e+00 1.732050826770784591e+00 1.732050826770784591e+00 1.732050826770785035e+00 1.732050826770785035e+00 1.732050826770785035e+00 1.732050826770785035e+00 1.732050826770785035e+00 1.732050826770785035e+00 1.732050826770785035e+00 1.732050826770785035e+00 1.732050826770785035e+00 1.732050826770785035e+00
0.000000000000000000e+00 0.000000000000000000e+00 0.000000000000000000e+00 0.000000000000000000e+00 0.000000000000000000e+00 0.000000000000000000e+00 0.000000000000000000e+00 0.000000000000000000e+00 0.000000000000000000e+00 0.000000000000000000e+00 0.000000000000000000e+00 0.000000000000000000e+00 0.000000000000000000e+00 0.000000000000000000e+00 0.000000000000000000e+00 0.000000000000000000e+00 0.000000000000000000e+00 0.000000000000000000e+00 0.000000000000000000e+00 0.000000000000000000e+00 0.000000000000000000e+00 0.000000000000000000e+00 0.000000000000000000e+00 0.000000000000000000e+00 0.000000000000000000e+00 0.000000000000000000e+00 0.000000000000000000e+00 0.000000000000000000e+00 0.000000000000000000e+00 0.000000000000000000e+00 1.732050848790194886e+00 1.732050848790195108e+00 1.732050848790195108e+00 1.732050848790195108e+00 1.732050848790195330e+00 1.732050848790195330e+00 1.732050848790195774e+00 1.732050848790195774e+00 1.732050848790195996e+00 1.732050848790195996e+00 1.732050848790196218e+00 1.732050848790196218e+00 1.732050848790196218e+00 1.732050848790196218e+00 1.732050848790196218e+00 1.732050848790196218e+00 1.732050848790196440e+00 1.732050848790196440e+00 1.732050848790196662e+00 1.732050848790196662e+00 1.732050848790196662e+00 1.732050848790196662e+00 1.732050848790196662e+00 1.732050848790196662e+00 1.732050848790196662e+00 1.732050848790196662e+00 1.732050848790196662e+00 1.732050848790196662e+00 1.732050848790196662e+00 1.732050848790196440e+00 1.732050826770784369e+00 1.732050826770784369e+00 1.732050826770784369e+00 1.732050826770784369e+00 1.732050826770784591e+00 1.732050826770784591e+00 1.732050826770784591e+00 1.732050826770784591e+00 1.732050826770784591e+00 1.732050826770784591e+00 1.732050826770784591e+00 1.732050826770784591e+00 1.732050826770784591e+00 1.732050826770784591e+00 1.732050826770784591e+00 1.732050826770784591e+00 1.732050826770784591e+00 1.732050826770784591e+00 1.732050826770784591e+00 1.732050826770784591e+00 1.732050826770785035e+00 1.732050826770785035e+00 1.732050826770785035e+00 1.732050826770785035e+00 1.732050826770785035e+00 1.732050826770785035e+00 1.732050826770785035e+00 1.732050826770785035e+00 1.732050826770785035e+00 1.732050826770785035e+00
0.000000000000000000e+00 0.000000000000000000e+00 0.000000000000000000e+00 0.000000000000000000e+00 0.000000000000000000e+00 0.000000000000000000e+00 0.000000000000000000e+00 0.000000000000000000e+00 0.000000000000000000e+00 0.000000000000000000e+00 0.000000000000000000e+00 0.000000000000000000e+00 0.000000000000000000e+00 0.000000000000000000e+00 0.000000000000000000e+00 0.000000000000000000e+00 0.000000000000000000e+00 0.000000000000000000e+00 0.000000000000000000e+00 0.000000000000000000e+00 0.000000000000000000e+00 0.000000000000000000e+00 0.000000000000000000e+00 0.000000000000000000e+00 0.000000000000000000e+00 0.000000000000000000e+00 0.000000000000000000e+00 0.000000000000000000e+00 0.000000000000000000e+00 0.000000000000000000e+00 1.732050848790194886e+00 1.732050848790195108e+00 1.732050848790195108e+00 1.732050848790195108e+00 1.732050848790195330e+00 1.732050848790195330e+00 1.732050848790195774e+00 1.732050848790195774e+00 1.732050848790195996e+00 1.732050848790195996e+00 1.732050848790196218e+00 1.732050848790196218e+00 1.732050848790196218e+00 1.732050848790196218e+00 1.732050848790196218e+00 1.732050848790196218e+00 1.732050848790196440e+00 1.732050848790196440e+00 1.732050848790196662e+00 1.732050848790196662e+00 1.732050848790196662e+00 1.732050848790196662e+00 1.732050848790196662e+00 1.732050848790196662e+00 1.732050848790196662e+00 1.732050848790196662e+00 1.732050848790196662e+00 1.732050848790196662e+00 1.732050848790196662e+00 1.732050848790196440e+00 1.732050826770784369e+00 1.732050826770784369e+00 1.732050826770784369e+00 1.732050826770784369e+00 1.732050826770784591e+00 1.732050826770784591e+00 1.732050826770784591e+00 1.732050826770784591e+00 1.732050826770784591e+00 1.732050826770784591e+00 1.732050826770784591e+00 1.732050826770784591e+00 1.732050826770784591e+00 1.732050826770784591e+00 1.732050826770784591e+00 1.732050826770784591e+00 1.732050826770784591e+00 1.732050826770784591e+00 1.732050826770784591e+00 1.732050826770784591e+00 1.732050826770785035e+00 1.732050826770785035e+00 1.732050826770785035e+00 1.732050826770785035e+00 1.732050826770785035e+00 1.732050826770785035e+00 1.732050826770785035e+00 1.732050826770785035e+00 1.732050826770785035e+00 1.732050826770785035e+00
0.000000000000000000e+00 0.000000000000000000e+00 0.000000000000000000e+00 0.000000000000000000e+00 0.000000000000000000e+00 0.000000000000000000e+00 0.000000000000000000e+00 0.000000000000000000e+00 0.000000000000000000e+00 0.000000000000000000e+00 0.000000000000000000e+00 0.000000000000000000e+00 0.000000000000000000e+00 0.000000000000000000e+00 0.000000000000000000e+00 0.000000000000000000e+00 0.000000000000000000e+00 0.000000000000000000e+00 0.000000000000000000e+00 0.000000000000000000e+00 0.000000000000000000e+00 0.000000000000000000e+00 0.000000000000000000e+00 0.000000000000000000e+00 0.000000000000000000e+00 0.000000000000000000e+00 0.000000000000000000e+00 0.000000000000000000e+00 0.000000000000000000e+00 0.000000000000000000e+00 1.732050848790194886e+00 1.732050848790195108e+00 1.732050848790195108e+00 1.732050848790195108e+00 1.732050848790195330e+00 1.732050848790195330e+00 1.732050848790195774e+00 1.732050848790195774e+00 1.732050848790195996e+00 1.732050848790195996e+00 1.732050848790196218e+00 1.732050848790196218e+00 1.732050848790196218e+00 1.732050848790196218e+00 1.732050848790196218e+00 1.732050848790196218e+00 1.732050848790196440e+00 1.732050848790196440e+00 1.732050848790196662e+00 1.732050848790196662e+00 1.732050848790196662e+00 1.732050848790196662e+00 1.732050848790196662e+00 1.732050848790196662e+00 1.732050848790196662e+00 1.732050848790196662e+00 1.732050848790196662e+00 1.732050848790196662e+00 1.732050848790196662e+00 1.732050848790196440e+00 1.732050826770784369e+00 1.732050826770784369e+00 1.732050826770784369e+00 1.732050826770784369e+00 1.732050826770784591e+00 1.732050826770784591e+00 1.732050826770784591e+00 1.732050826770784591e+00 1.732050826770784591e+00 1.732050826770784591e+00 1.732050826770784591e+00 1.732050826770784591e+00 1.732050826770784591e+00 1.732050826770784591e+00 1.732050826770784591e+00 1.732050826770784591e+00 1.732050826770784591e+00 1.732050826770784591e+00 1.732050826770784591e+00 1.732050826770784591e+00 1.732050826770785035e+00 1.732050826770785035e+00 1.732050826770785035e+00 1.732050826770785035e+00 1.732050826770785035e+00 1.732050826770785035e+00 1.732050826770785035e+00 1.732050826770785035e+00 1.732050826770785035e+00 1.732050826770785035e+00
0.000000000000000000e+00 0.000000000000000000e+00 0.000000000000000000e+00 0.000000000000000000e+00 0.000000000000000000e+00 0.000000000000000000e+00 0.000000000000000000e+00 0.000000000000000000e+00 0.000000000000000000e+00 0.000000000000000000e+00 0.000000000000000000e+00 0.000000000000000000e+00 0.000000000000000000e+00 0.000000000000000000e+00 0.000000000000000000e+00 0.000000000000000000e+00 0.000000000000000000e+00 0.000000000000000000e+00 0.000000000000000000e+00 0.000000000000000000e+00 0.000000000000000000e+00 0.000000000000000000e+00 0.000000000000000000e+00 0.000000000000000000e+00 0.000000000000000000e+00 0.000000000000000000e+00 0.000000000000000000e+00 0.000000000000000000e+00 0.000000000000000000e+00 0.000000000000000000e+00 1.732050848790194886e+00 1.732050848790195108e+00 1.732050848790195108e+00 1.732050848790195108e+00 1.732050848790195330e+00 1.732050848790195330e+00 1.732050848790195774e+00 1.732050848790195774e+00 1.732050848790195996e+00 1.732050848790195996e+00 1.732050848790196218e+00 1.732050848790196218e+00 1.732050848790196218e+00 1.732050848790196218e+00 1.732050848790196218e+00 1.732050848790196218e+00 1.732050848790196440e+00 1.732050848790196440e+00 1.732050848790196662e+00 1.732050848790196662e+00 1.732050848790196662e+00 1.732050848790196662e+00 1.732050848790196662e+00 1.732050848790196662e+00 1.732050848790196662e+00 1.732050848790196662e+00 1.732050848790196662e+00 1.732050848790196662e+00 1.732050848790196662e+00 1.732050848790196440e+00 1.732050826770784369e+00 1.732050826770784369e+00 1.732050826770784369e+00 1.732050826770784369e+00 1.732050826770784591e+00 1.732050826770784591e+00 1.732050826770784591e+00 1.732050826770784591e+00 1.732050826770784591e+00 1.732050826770784591e+00 1.732050826770784591e+00 1.732050826770784591e+00 1.732050826770784591e+00 1.732050826770784591e+00 1.732050826770784591e+00 1.732050826770784591e+00 1.732050826770784591e+00 1.732050826770784591e+00 1.732050826770784591e+00 1.732050826770784591e+00 1.732050826770785035e+00 1.732050826770785035e+00 1.732050826770785035e+00 1.732050826770785035e+00 1.732050826770785035e+00 1.732050826770785035e+00 1.732050826770785035e+00 1.732050826770785035e+00 1.732050826770785035e+00 1.732050826770785035e+00
0.000000000000000000e+00 0.000000000000000000e+00 0.000000000000000000e+00 0.000000000000000000e+00 0.000000000000000000e+00 0.000000000000000000e+00 0.000000000000000000e+00 0.000000000000000000e+00 0.000000000000000000e+00 0.000000000000000000e+00 0.000000000000000000e+00 0.000000000000000000e+00 0.000000000000000000e+00 0.000000000000000000e+00 0.000000000000000000e+00 0.000000000000000000e+00 0.000000000000000000e+00 0.000000000000000000e+00 0.000000000000000000e+00 0.000000000000000000e+00 0.000000000000000000e+00 0.000000000000000000e+00 0.000000000000000000e+00 0.000000000000000000e+00 0.000000000000000000e+00 0.000000000000000000e+00 0.000000000000000000e+00 0.000000000000000000e+00 0.000000000000000000e+00 0.000000000000000000e+00 1.732050848790194886e+00 1.732050848790195108e+00 1.732050848790195108e+00 1.732050848790195108e+00 1.732050848790195330e+00 1.732050848790195330e+00 1.732050848790195774e+00 1.732050848790195774e+00 1.732050848790195996e+00 1.732050848790195996e+00 1.732050848790196218e+00 1.732050848790196218e+00 1.732050848790196218e+00 1.732050848790196218e+00 1.732050848790196218e+00 1.732050848790196218e+00 1.732050848790196440e+00 1.732050848790196440e+00 1.732050848790196662e+00 1.732050848790196662e+00 1.732050848790196662e+00 1.732050848790196662e+00 1.732050848790196662e+00 1.732050848790196662e+00 1.732050848790196662e+00 1.732050848790196662e+00 1.732050848790196662e+00 1.732050848790196662e+00 1.732050848790196662e+00 1.732050848790196440e+00 1.732050826770784369e+00 1.732050826770784369e+00 1.732050826770784369e+00 1.732050826770784369e+00 1.732050826770784591e+00 1.732050826770784591e+00 1.732050826770784591e+00 1.732050826770784591e+00 1.732050826770784591e+00 1.732050826770784591e+00 1.732050826770784591e+00 1.732050826770784591e+00 1.732050826770784591e+00 1.732050826770784591e+00 1.732050826770784591e+00 1.732050826770784591e+00 1.732050826770784591e+00 1.732050826770784591e+00 1.732050826770784591e+00 1.732050826770784591e+00 1.732050826770785035e+00 1.732050826770785035e+00 1.732050826770785035e+00 1.732050826770785035e+00 1.732050826770785035e+00 1.732050826770785035e+00 1.732050826770785035e+00 1.732050826770785035e+00 1.732050826770785035e+00 1.732050826770785035e+00
0.000000000000000000e+00 0.000000000000000000e+00 0.000000000000000000e+00 0.000000000000000000e+00 0.000000000000000000e+00 0.000000000000000000e+00 0.000000000000000000e+00 0.000000000000000000e+00 0.000000000000000000e+00 0.000000000000000000e+00 0.000000000000000000e+00 0.000000000000000000e+00 0.000000000000000000e+00 0.000000000000000000e+00 0.000000000000000000e+00 0.000000000000000000e+00 0.000000000000000000e+00 0.000000000000000000e+00 0.000000000000000000e+00 0.000000000000000000e+00 0.000000000000000000e+00 0.000000000000000000e+00 0.000000000000000000e+00 0.000000000000000000e+00 0.000000000000000000e+00 0.000000000000000000e+00 0.000000000000000000e+00 0.000000000000000000e+00 0.000000000000000000e+00 0.000000000000000000e+00 1.732050848790194886e+00 1.732050848790195108e+00 1.732050848790195108e+00 1.732050848790195108e+00 1.732050848790195330e+00 1.732050848790195330e+00 1.732050848790195774e+00 1.732050848790195774e+00 1.732050848790195996e+00 1.732050848790195996e+00 1.732050848790196218e+00 1.732050848790196218e+00 1.732050848790196218e+00 1.732050848790196218e+00 1.732050848790196218e+00 1.732050848790196218e+00 1.732050848790196440e+00 1.732050848790196440e+00 1.732050848790196662e+00 1.732050848790196662e+00 1.732050848790196662e+00 1.732050848790196662e+00 1.732050848790196662e+00 1.732050848790196662e+00 1.732050848790196662e+00 1.732050848790196662e+00 1.732050848790196662e+00 1.732050848790196662e+00 1.732050848790196662e+00 1.732050848790196440e+00 1.732050826770784369e+00 1.732050826770784369e+00 1.732050826770784369e+00 1.732050826770784369e+00 1.732050826770784591e+00 1.732050826770784591e+00 1.732050826770784591e+00 1.732050826770784591e+00 1.732050826770784591e+00 1.732050826770784591e+00 1.732050826770784591e+00 1.732050826770784591e+00 1.732050826770784591e+00 1.732050826770784591e+00 1.732050826770784591e+00 1.732050826770784591e+00 1.732050826770784591e+00 1.732050826770784591e+00 1.732050826770784591e+00 1.732050826770784591e+00 1.732050826770785035e+00 1.732050826770785035e+00 1.732050826770785035e+00 1.732050826770785035e+00 1.732050826770785035e+00 1.732050826770785035e+00 1.732050826770785035e+00 1.732050826770785035e+00 1.732050826770785035e+00 1.732050826770785035e+00
0.000000000000000000e+00 0.000000000000000000e+00 0.000000000000000000e+00 0.000000000000000000e+00 0.000000000000000000e+00 0.000000000000000000e+00 0.000000000000000000e+00 0.000000000000000000e+00 0.000000000000000000e+00 0.000000000000000000e+00 0.000000000000000000e+00 0.000000000000000000e+00 0.000000000000000000e+00 0.000000000000000000e+00 0.000000000000000000e+00 0.000000000000000000e+00 0.000000000000000000e+00 0.000000000000000000e+00 0.000000000000000000e+00 0.000000000000000000e+00 0.000000000000000000e+00 0.000000000000000000e+00 0.000000000000000000e+00 0.000000000000000000e+00 0.000000000000000000e+00 0.000000000000000000e+00 0.000000000000000000e+00 0.000000000000000000e+00 0.000000000000000000e+00 0.000000000000000000e+00 1.732050848790194886e+00 1.732050848790195108e+00 1.732050848790195108e+00 1.732050848790195108e+00 1.732050848790195330e+00 1.732050848790195330e+00 1.732050848790195774e+00 1.732050848790195774e+00 1.732050848790195996e+00 1.732050848790195996e+00 1.732050848790196218e+00 1.732050848790196218e+00 1.732050848790196218e+00 1.732050848790196218e+00 1.732050848790196218e+00 1.732050848790196218e+00 1.732050848790196440e+00 1.732050848790196440e+00 1.732050848790196662e+00 1.732050848790196662e+00 1.732050848790196662e+00 1.732050848790196662e+00 1.732050848790196662e+00 1.732050848790196662e+00 1.732050848790196662e+00 1.732050848790196662e+00 1.732050848790196662e+00 1.732050848790196662e+00 1.732050848790196662e+00 1.732050848790196440e+00 1.732050826770784369e+00 1.732050826770784369e+00 1.732050826770784369e+00 1.732050826770784369e+00 1.732050826770784591e+00 1.732050826770784591e+00 1.732050826770784591e+00 1.732050826770784591e+00 1.732050826770784591e+00 1.732050826770784591e+00 1.732050826770784591e+00 1.732050826770784591e+00 1.732050826770784591e+00 1.732050826770784591e+00 1.732050826770784591e+00 1.732050826770784591e+00 1.732050826770784591e+00 1.732050826770784591e+00 1.732050826770784591e+00 1.732050826770784591e+00 1.732050826770785035e+00 1.732050826770785035e+00 1.732050826770785035e+00 1.732050826770785035e+00 1.732050826770785035e+00 1.732050826770785035e+00 1.732050826770785035e+00 1.732050826770785035e+00 1.732050826770785035e+00 1.732050826770785035e+00
0.000000000000000000e+00 0.000000000000000000e+00 0.000000000000000000e+00 0.000000000000000000e+00 0.000000000000000000e+00 0.000000000000000000e+00 0.000000000000000000e+00 0.000000000000000000e+00 0.000000000000000000e+00 0.000000000000000000e+00 0.000000000000000000e+00 0.000000000000000000e+00 0.000000000000000000e+00 0.000000000000000000e+00 0.000000000000000000e+00 0.000000000000000000e+00 0.000000000000000000e+00 0.000000000000000000e+00 0.000000000000000000e+00 0.000000000000000000e+00 0.000000000000000000e+00 0.000000000000000000e+00 0.000000000000000000e+00 0.000000000000000000e+00 0.000000000000000000e+00 0.000000000000000000e+00 0.000000000000000000e+00 0.000000000000000000e+00 0.000000000000000000e+00 0.000000000000000000e+00 1.732050848790194886e+00 1.732050848790195108e+00 1.732050848790195108e+00 1.732050848790195108e+00 1.732050848790195330e+00 1.732050848790195330e+00 1.732050848790195774e+00 1.732050848790195774e+00 1.732050848790195996e+00 1.732050848790195996e+00 1.732050848790196218e+00 1.732050848790196218e+00 1.732050848790196218e+00 1.732050848790196218e+00 1.732050848790196218e+00 1.732050848790196218e+00 1.732050848790196440e+00 1.732050848790196440e+00 1.732050848790196662e+00 1.732050848790196662e+00 1.732050848790196662e+00 1.732050848790196662e+00 1.732050848790196662e+00 1.732050848790196662e+00 1.732050848790196662e+00 1.732050848790196662e+00 1.732050848790196662e+00 1.732050848790196662e+00 1.732050848790196662e+00 1.732050848790196440e+00 1.732050826770784369e+00 1.732050826770784369e+00 1.732050826770784369e+00 1.732050826770784369e+00 1.732050826770784591e+00 1.732050826770784591e+00 1.732050826770784591e+00 1.732050826770784591e+00 1.732050826770784591e+00 1.732050826770784591e+00 1.732050826770784591e+00 1.732050826770784591e+00 1.732050826770784591e+00 1.732050826770784591e+00 1.732050826770784591e+00 1.732050826770784591e+00 1.732050826770784591e+00 1.732050826770784591e+00 1.732050826770784591e+00 1.732050826770784591e+00 1.732050826770785035e+00 1.732050826770785035e+00 1.732050826770785035e+00 1.732050826770785035e+00 1.732050826770785035e+00 1.732050826770785035e+00 1.732050826770785035e+00 1.732050826770785035e+00 1.732050826770785035e+00 1.732050826770785035e+00
0.000000000000000000e+00 0.000000000000000000e+00 0.000000000000000000e+00 0.000000000000000000e+00 0.000000000000000000e+00 0.000000000000000000e+00 0.000000000000000000e+00 0.000000000000000000e+00 0.000000000000000000e+00 0.000000000000000000e+00 0.000000000000000000e+00 0.000000000000000000e+00 0.000000000000000000e+00 0.000000000000000000e+00 0.000000000000000000e+00 0.000000000000000000e+00 0.000000000000000000e+00 0.000000000000000000e+00 0.000000000000000000e+00 0.000000000000000000e+00 0.000000000000000000e+00 0.000000000000000000e+00 0.000000000000000000e+00 0.000000000000000000e+00 0.000000000000000000e+00 0.000000000000000000e+00 0.000000000000000000e+00 0.000000000000000000e+00 0.000000000000000000e+00 0.000000000000000000e+00 1.732050848790194886e+00 1.732050848790195108e+00 1.732050848790195108e+00 1.732050848790195108e+00 1.732050848790195330e+00 1.732050848790195330e+00 1.732050848790195774e+00 1.732050848790195774e+00 1.732050848790195996e+00 1.732050848790195996e+00 1.732050848790196218e+00 1.732050848790196218e+00 1.732050848790196218e+00 1.732050848790196218e+00 1.732050848790196218e+00 1.732050848790196218e+00 1.732050848790196440e+00 1.732050848790196440e+00 1.732050848790196662e+00 1.732050848790196662e+00 1.732050848790196662e+00 1.732050848790196662e+00 1.732050848790196662e+00 1.732050848790196662e+00 1.732050848790196662e+00 1.732050848790196662e+00 1.732050848790196662e+00 1.732050848790196662e+00 1.732050848790196662e+00 1.732050848790196440e+00 1.732050826770784369e+00 1.732050826770784369e+00 1.732050826770784369e+00 1.732050826770784369e+00 1.732050826770784591e+00 1.732050826770784591e+00 1.732050826770784591e+00 1.732050826770784591e+00 1.732050826770784591e+00 1.732050826770784591e+00 1.732050826770784591e+00 1.732050826770784591e+00 1.732050826770784591e+00 1.732050826770784591e+00 1.732050826770784591e+00 1.732050826770784591e+00 1.732050826770784591e+00 1.732050826770784591e+00 1.732050826770784591e+00 1.732050826770784591e+00 1.732050826770785035e+00 1.732050826770785035e+00 1.732050826770785035e+00 1.732050826770785035e+00 1.732050826770785035e+00 1.732050826770785035e+00 1.732050826770785035e+00 1.732050826770785035e+00 1.732050826770785035e+00 1.732050826770785035e+00
0.000000000000000000e+00 0.000000000000000000e+00 0.000000000000000000e+00 0.000000000000000000e+00 0.000000000000000000e+00 0.000000000000000000e+00 0.000000000000000000e+00 0.000000000000000000e+00 0.000000000000000000e+00 0.000000000000000000e+00 0.000000000000000000e+00 0.000000000000000000e+00 0.000000000000000000e+00 0.000000000000000000e+00 0.000000000000000000e+00 0.000000000000000000e+00 0.000000000000000000e+00 0.000000000000000000e+00 0.000000000000000000e+00 0.000000000000000000e+00 0.000000000000000000e+00 0.000000000000000000e+00 0.000000000000000000e+00 0.000000000000000000e+00 0.000000000000000000e+00 0.000000000000000000e+00 0.000000000000000000e+00 0.000000000000000000e+00 0.000000000000000000e+00 0.000000000000000000e+00 1.732050848790194886e+00 1.732050848790195108e+00 1.732050848790195108e+00 1.732050848790195108e+00 1.732050848790195330e+00 1.732050848790195330e+00 1.732050848790195774e+00 1.732050848790195774e+00 1.732050848790195996e+00 1.732050848790195996e+00 1.732050848790196218e+00 1.732050848790196218e+00 1.732050848790196218e+00 1.732050848790196218e+00 1.732050848790196218e+00 1.732050848790196218e+00 1.732050848790196440e+00 1.732050848790196440e+00 1.732050848790196662e+00 1.732050848790196662e+00 1.732050848790196662e+00 1.732050848790196662e+00 1.732050848790196662e+00 1.732050848790196662e+00 1.732050848790196662e+00 1.732050848790196662e+00 1.732050848790196662e+00 1.732050848790196662e+00 1.732050848790196662e+00 1.732050848790196440e+00 1.732050826770784369e+00 1.732050826770784369e+00 1.732050826770784369e+00 1.732050826770784369e+00 1.732050826770784591e+00 1.732050826770784591e+00 1.732050826770784591e+00 1.732050826770784591e+00 1.732050826770784591e+00 1.732050826770784591e+00 1.732050826770784591e+00 1.732050826770784591e+00 1.732050826770784591e+00 1.732050826770784591e+00 1.732050826770784591e+00 1.732050826770784591e+00 1.732050826770784591e+00 1.732050826770784591e+00 1.732050826770784591e+00 1.732050826770784591e+00 1.732050826770785035e+00 1.732050826770785035e+00 1.732050826770785035e+00 1.732050826770785035e+00 1.732050826770785035e+00 1.732050826770785035e+00 1.732050826770785035e+00 1.732050826770785035e+00 1.732050826770785035e+00 1.732050826770785035e+00
0.000000000000000000e+00 0.000000000000000000e+00 0.000000000000000000e+00 0.000000000000000000e+00 0.000000000000000000e+00 0.000000000000000000e+00 0.000000000000000000e+00 0.000000000000000000e+00 0.000000000000000000e+00 0.000000000000000000e+00 0.000000000000000000e+00 0.000000000000000000e+00 0.000000000000000000e+00 0.000000000000000000e+00 0.000000000000000000e+00 0.000000000000000000e+00 0.000000000000000000e+00 0.000000000000000000e+00 0.000000000000000000e+00 0.000000000000000000e+00 0.000000000000000000e+00 0.000000000000000000e+00 0.000000000000000000e+00 0.000000000000000000e+00 0.000000000000000000e+00 0.000000000000000000e+00 0.000000000000000000e+00 0.000000000000000000e+00 0.000000000000000000e+00 0.000000000000000000e+00 1.732050848790194886e+00 1.732050848790195108e+00 1.732050848790195108e+00 1.732050848790195108e+00 1.732050848790195330e+00 1.732050848790195330e+00 1.732050848790195774e+00 1.732050848790195774e+00 1.732050848790195996e+00 1.732050848790195996e+00 1.732050848790196218e+00 1.732050848790196218e+00 1.732050848790196218e+00 1.732050848790196218e+00 1.732050848790196218e+00 1.732050848790196218e+00 1.732050848790196440e+00 1.732050848790196440e+00 1.732050848790196662e+00 1.732050848790196662e+00 1.732050848790196662e+00 1.732050848790196662e+00 1.732050848790196662e+00 1.732050848790196662e+00 1.732050848790196662e+00 1.732050848790196662e+00 1.732050848790196662e+00 1.732050848790196662e+00 1.732050848790196662e+00 1.732050848790196440e+00 1.732050826770784369e+00 1.732050826770784369e+00 1.732050826770784369e+00 1.732050826770784369e+00 1.732050826770784591e+00 1.732050826770784591e+00 1.732050826770784591e+00 1.732050826770784591e+00 1.732050826770784591e+00 1.732050826770784591e+00 1.732050826770784591e+00 1.732050826770784591e+00 1.732050826770784591e+00 1.732050826770784591e+00 1.732050826770784591e+00 1.732050826770784591e+00 1.732050826770784591e+00 1.732050826770784591e+00 1.732050826770784591e+00 1.732050826770784591e+00 1.732050826770785035e+00 1.732050826770785035e+00 1.732050826770785035e+00 1.732050826770785035e+00 1.732050826770785035e+00 1.732050826770785035e+00 1.732050826770785035e+00 1.732050826770785035e+00 1.732050826770785035e+00 1.732050826770785035e+00
0.000000000000000000e+00 0.000000000000000000e+00 0.000000000000000000e+00 0.000000000000000000e+00 0.000000000000000000e+00 0.000000000000000000e+00 0.000000000000000000e+00 0.000000000000000000e+00 0.000000000000000000e+00 0.000000000000000000e+00 0.000000000000000000e+00 0.000000000000000000e+00 0.000000000000000000e+00 0.000000000000000000e+00 0.000000000000000000e+00 0.000000000000000000e+00 0.000000000000000000e+00 0.000000000000000000e+00 0.000000000000000000e+00 0.000000000000000000e+00 0.000000000000000000e+00 0.000000000000000000e+00 0.000000000000000000e+00 0.000000000000000000e+00 0.000000000000000000e+00 0.000000000000000000e+00 0.000000000000000000e+00 0.000000000000000000e+00 0.000000000000000000e+00 0.000000000000000000e+00 1.732050848790194886e+00 1.732050848790195108e+00 1.732050848790195108e+00 1.732050848790195108e+00 1.732050848790195330e+00 1.732050848790195330e+00 1.732050848790195774e+00 1.732050848790195774e+00 1.732050848790195996e+00 1.732050848790195996e+00 1.732050848790196218e+00 1.732050848790196218e+00 1.732050848790196218e+00 1.732050848790196218e+00 1.732050848790196218e+00 1.732050848790196218e+00 1.732050848790196440e+00 1.732050848790196440e+00 1.732050848790196662e+00 1.732050848790196662e+00 1.732050848790196662e+00 1.732050848790196662e+00 1.732050848790196662e+00 1.732050848790196662e+00 1.732050848790196662e+00 1.732050848790196662e+00 1.732050848790196662e+00 1.732050848790196662e+00 1.732050848790196662e+00 1.732050848790196440e+00 1.732050826770784369e+00 1.732050826770784369e+00 1.732050826770784369e+00 1.732050826770784369e+00 1.732050826770784591e+00 1.732050826770784591e+00 1.732050826770784591e+00 1.732050826770784591e+00 1.732050826770784591e+00 1.732050826770784591e+00 1.732050826770784591e+00 1.732050826770784591e+00 1.732050826770784591e+00 1.732050826770784591e+00 1.732050826770784591e+00 1.732050826770784591e+00 1.732050826770784591e+00 1.732050826770784591e+00 1.732050826770784591e+00 1.732050826770784591e+00 1.732050826770785035e+00 1.732050826770785035e+00 1.732050826770785035e+00 1.732050826770785035e+00 1.732050826770785035e+00 1.732050826770785035e+00 1.732050826770785035e+00 1.732050826770785035e+00 1.732050826770785035e+00 1.732050826770785035e+00
0.000000000000000000e+00 0.000000000000000000e+00 0.000000000000000000e+00 0.000000000000000000e+00 0.000000000000000000e+00 0.000000000000000000e+00 0.000000000000000000e+00 0.000000000000000000e+00 0.000000000000000000e+00 0.000000000000000000e+00 0.000000000000000000e+00 0.000000000000000000e+00 0.000000000000000000e+00 0.000000000000000000e+00 0.000000000000000000e+00 0.000000000000000000e+00 0.000000000000000000e+00 0.000000000000000000e+00 0.000000000000000000e+00 0.000000000000000000e+00 0.000000000000000000e+00 0.000000000000000000e+00 0.000000000000000000e+00 0.000000000000000000e+00 0.000000000000000000e+00 0.000000000000000000e+00 0.000000000000000000e+00 0.000000000000000000e+00 0.000000000000000000e+00 0.000000000000000000e+00 1.732050848790194886e+00 1.732050848790195108e+00 1.732050848790195108e+00 1.732050848790195108e+00 1.732050848790195330e+00 1.732050848790195330e+00 1.732050848790195774e+00 1.732050848790195774e+00 1.732050848790195996e+00 1.732050848790195996e+00 1.732050848790196218e+00 1.732050848790196218e+00 1.732050848790196218e+00 1.732050848790196218e+00 1.732050848790196218e+00 1.732050848790196218e+00 1.732050848790196440e+00 1.732050848790196440e+00 1.732050848790196662e+00 1.732050848790196662e+00 1.732050848790196662e+00 1.732050848790196662e+00 1.732050848790196662e+00 1.732050848790196662e+00 1.732050848790196662e+00 1.732050848790196662e+00 1.732050848790196662e+00 1.732050848790196662e+00 1.732050848790196662e+00 1.732050848790196440e+00 1.732050826770784369e+00 1.732050826770784369e+00 1.732050826770784369e+00 1.732050826770784369e+00 1.732050826770784591e+00 1.732050826770784591e+00 1.732050826770784591e+00 1.732050826770784591e+00 1.732050826770784591e+00 1.732050826770784591e+00 1.732050826770784591e+00 1.732050826770784591e+00 1.732050826770784591e+00 1.732050826770784591e+00 1.732050826770784591e+00 1.732050826770784591e+00 1.732050826770784591e+00 1.732050826770784591e+00 1.732050826770784591e+00 1.732050826770784591e+00 1.732050826770785035e+00 1.732050826770785035e+00 1.732050826770785035e+00 1.732050826770785035e+00 1.732050826770785035e+00 1.732050826770785035e+00 1.732050826770785035e+00 1.732050826770785035e+00 1.732050826770785035e+00 1.732050826770785035e+00
0.000000000000000000e+00 0.000000000000000000e+00 0.000000000000000000e+00 0.000000000000000000e+00 0.000000000000000000e+00 0.000000000000000000e+00 0.000000000000000000e+00 0.000000000000000000e+00 0.000000000000000000e+00 0.000000000000000000e+00 0.000000000000000000e+00 0.000000000000000000e+00 0.000000000000000000e+00 0.000000000000000000e+00 0.000000000000000000e+00 0.000000000000000000e+00 0.000000000000000000e+00 0.000000000000000000e+00 0.000000000000000000e+00 0.000000000000000000e+00 0.000000000000000000e+00 0.000000000000000000e+00 0.000000000000000000e+00 0.000000000000000000e+00 0.000000000000000000e+00 0.000000000000000000e+00 0.000000000000000000e+00 0.000000000000000000e+00 0.000000000000000000e+00 0.000000000000000000e+00 1.732050848790194886e+00 1.732050848790195108e+00 1.732050848790195108e+00 1.732050848790195108e+00 1.732050848790195330e+00 1.732050848790195330e+00 1.732050848790195774e+00 1.732050848790195774e+00 1.732050848790195996e+00 1.732050848790195996e+00 1.732050848790196218e+00 1.732050848790196218e+00 1.732050848790196218e+00 1.732050848790196218e+00 1.732050848790196218e+00 1.732050848790196218e+00 1.732050848790196440e+00 1.732050848790196440e+00 1.732050848790196662e+00 1.732050848790196662e+00 1.732050848790196662e+00 1.732050848790196662e+00 1.732050848790196662e+00 1.732050848790196662e+00 1.732050848790196662e+00 1.732050848790196662e+00 1.732050848790196662e+00 1.732050848790196662e+00 1.732050848790196662e+00 1.732050848790196440e+00 1.732050826770784369e+00 1.732050826770784369e+00 1.732050826770784369e+00 1.732050826770784369e+00 1.732050826770784591e+00 1.732050826770784591e+00 1.732050826770784591e+00 1.732050826770784591e+00 1.732050826770784591e+00 1.732050826770784591e+00 1.732050826770784591e+00 1.732050826770784591e+00 1.732050826770784591e+00 1.732050826770784591e+00 1.732050826770784591e+00 1.732050826770784591e+00 1.732050826770784591e+00 1.732050826770784591e+00 1.732050826770784591e+00 1.732050826770784591e+00 1.732050826770785035e+00 1.732050826770785035e+00 1.732050826770785035e+00 1.732050826770785035e+00 1.732050826770785035e+00 1.732050826770785035e+00 1.732050826770785035e+00 1.732050826770785035e+00 1.732050826770785035e+00 1.732050826770785035e+00
0.000000000000000000e+00 0.000000000000000000e+00 0.000000000000000000e+00 0.000000000000000000e+00 0.000000000000000000e+00 0.000000000000000000e+00 0.000000000000000000e+00 0.000000000000000000e+00 0.000000000000000000e+00 0.000000000000000000e+00 0.000000000000000000e+00 0.000000000000000000e+00 0.000000000000000000e+00 0.000000000000000000e+00 0.000000000000000000e+00 0.000000000000000000e+00 0.000000000000000000e+00 0.000000000000000000e+00 0.000000000000000000e+00 0.000000000000000000e+00 0.000000000000000000e+00 0.000000000000000000e+00 0.000000000000000000e+00 0.000000000000000000e+00 0.000000000000000000e+00 0.000000000000000000e+00 0.000000000000000000e+00 0.000000000000000000e+00 0.000000000000000000e+00 0.000000000000000000e+00 1.732050848790194886e+00 1.732050848790195108e+00 1.732050848790195108e+00 1.732050848790195108e+00 1.732050848790195330e+00 1.732050848790195330e+00 1.732050848790195774e+00 1.732050848790195774e+00 1.732050848790195996e+00 1.732050848790195996e+00 1.732050848790196218e+00 1.732050848790196218e+00 1.732050848790196218e+00 1.732050848790196218e+00 1.732050848790196218e+00 1.732050848790196218e+00 1.732050848790196440e+00 1.732050848790196440e+00 1.732050848790196662e+00 1.732050848790196662e+00 1.732050848790196662e+00 1.732050848790196662e+00 1.732050848790196662e+00 1.732050848790196662e+00 1.732050848790196662e+00 1.732050848790196662e+00 1.732050848790196662e+00 1.732050848790196662e+00 1.732050848790196662e+00 1.732050848790196440e+00 1.732050826770784369e+00 1.732050826770784369e+00 1.732050826770784369e+00 1.732050826770784369e+00 1.732050826770784591e+00 1.732050826770784591e+00 1.732050826770784591e+00 1.732050826770784591e+00 1.732050826770784591e+00 1.732050826770784591e+00 1.732050826770784591e+00 1.732050826770784591e+00 1.732050826770784591e+00 1.732050826770784591e+00 1.732050826770784591e+00 1.732050826770784591e+00 1.732050826770784591e+00 1.732050826770784591e+00 1.732050826770784591e+00 1.732050826770784591e+00 1.732050826770785035e+00 1.732050826770785035e+00 1.732050826770785035e+00 1.732050826770785035e+00 1.732050826770785035e+00 1.732050826770785035e+00 1.732050826770785035e+00 1.732050826770785035e+00 1.732050826770785035e+00 1.732050826770785035e+00
0.000000000000000000e+00 0.000000000000000000e+00 0.000000000000000000e+00 0.000000000000000000e+00 0.000000000000000000e+00 0.000000000000000000e+00 0.000000000000000000e+00 0.000000000000000000e+00 0.000000000000000000e+00 0.000000000000000000e+00 0.000000000000000000e+00 0.000000000000000000e+00 0.000000000000000000e+00 0.000000000000000000e+00 0.000000000000000000e+00 0.000000000000000000e+00 0.000000000000000000e+00 0.000000000000000000e+00 0.000000000000000000e+00 0.000000000000000000e+00 0.000000000000000000e+00 0.000000000000000000e+00 0.000000000000000000e+00 0.000000000000000000e+00 0.000000000000000000e+00 0.000000000000000000e+00 0.000000000000000000e+00 0.000000000000000000e+00 0.000000000000000000e+00 0.000000000000000000e+00 1.732050848790194886e+00 1.732050848790195108e+00 1.732050848790195108e+00 1.732050848790195108e+00 1.732050848790195330e+00 1.732050848790195330e+00 1.732050848790195774e+00 1.732050848790195774e+00 1.732050848790195996e+00 1.732050848790195996e+00 1.732050848790196218e+00 1.732050848790196218e+00 1.732050848790196218e+00 1.732050848790196218e+00 1.732050848790196218e+00 1.732050848790196218e+00 1.732050848790196440e+00 1.732050848790196440e+00 1.732050848790196662e+00 1.732050848790196662e+00 1.732050848790196662e+00 1.732050848790196662e+00 1.732050848790196662e+00 1.732050848790196662e+00 1.732050848790196662e+00 1.732050848790196662e+00 1.732050848790196662e+00 1.732050848790196662e+00 1.732050848790196662e+00 1.732050848790196440e+00 1.732050826770784369e+00 1.732050826770784369e+00 1.732050826770784369e+00 1.732050826770784369e+00 1.732050826770784591e+00 1.732050826770784591e+00 1.732050826770784591e+00 1.732050826770784591e+00 1.732050826770784591e+00 1.732050826770784591e+00 1.732050826770784591e+00 1.732050826770784591e+00 1.732050826770784591e+00 1.732050826770784591e+00 1.732050826770784591e+00 1.732050826770784591e+00 1.732050826770784591e+00 1.732050826770784591e+00 1.732050826770784591e+00 1.732050826770784591e+00 1.732050826770785035e+00 1.732050826770785035e+00 1.732050826770785035e+00 1.732050826770785035e+00 1.732050826770785035e+00 1.732050826770785035e+00 1.732050826770785035e+00 1.732050826770785035e+00 1.732050826770785035e+00 1.732050826770785035e+00
0.000000000000000000e+00 0.000000000000000000e+00 0.000000000000000000e+00 0.000000000000000000e+00 0.000000000000000000e+00 0.000000000000000000e+00 0.000000000000000000e+00 0.000000000000000000e+00 0.000000000000000000e+00 0.000000000000000000e+00 0.000000000000000000e+00 0.000000000000000000e+00 0.000000000000000000e+00 0.000000000000000000e+00 0.000000000000000000e+00 0.000000000000000000e+00 0.000000000000000000e+00 0.000000000000000000e+00 0.000000000000000000e+00 0.000000000000000000e+00 0.000000000000000000e+00 0.000000000000000000e+00 0.000000000000000000e+00 0.000000000000000000e+00 0.000000000000000000e+00 0.000000000000000000e+00 0.000000000000000000e+00 0.000000000000000000e+00 0.000000000000000000e+00 0.000000000000000000e+00 1.732050848790194886e+00 1.732050848790195108e+00 1.732050848790195108e+00 1.732050848790195108e+00 1.732050848790195330e+00 1.732050848790195330e+00 1.732050848790195774e+00 1.732050848790195774e+00 1.732050848790195996e+00 1.732050848790195996e+00 1.732050848790196218e+00 1.732050848790196218e+00 1.732050848790196218e+00 1.732050848790196218e+00 1.732050848790196218e+00 1.732050848790196218e+00 1.732050848790196440e+00 1.732050848790196440e+00 1.732050848790196662e+00 1.732050848790196662e+00 1.732050848790196662e+00 1.732050848790196662e+00 1.732050848790196662e+00 1.732050848790196662e+00 1.732050848790196662e+00 1.732050848790196662e+00 1.732050848790196662e+00 1.732050848790196662e+00 1.732050848790196662e+00 1.732050848790196440e+00 1.732050826770784369e+00 1.732050826770784369e+00 1.732050826770784369e+00 1.732050826770784369e+00 1.732050826770784591e+00 1.732050826770784591e+00 1.732050826770784591e+00 1.732050826770784591e+00 1.732050826770784591e+00 1.732050826770784591e+00 1.732050826770784591e+00 1.732050826770784591e+00 1.732050826770784591e+00 1.732050826770784591e+00 1.732050826770784591e+00 1.732050826770784591e+00 1.732050826770784591e+00 1.732050826770784591e+00 1.732050826770784591e+00 1.732050826770784591e+00 1.732050826770785035e+00 1.732050826770785035e+00 1.732050826770785035e+00 1.732050826770785035e+00 1.732050826770785035e+00 1.732050826770785035e+00 1.732050826770785035e+00 1.732050826770785035e+00 1.732050826770785035e+00 1.732050826770785035e+00
0.000000000000000000e+00 0.000000000000000000e+00 0.000000000000000000e+00 0.000000000000000000e+00 0.000000000000000000e+00 0.000000000000000000e+00 0.000000000000000000e+00 0.000000000000000000e+00 0.000000000000000000e+00 0.000000000000000000e+00 0.000000000000000000e+00 0.000000000000000000e+00 0.000000000000000000e+00 0.000000000000000000e+00 0.000000000000000000e+00 0.000000000000000000e+00 0.000000000000000000e+00 0.000000000000000000e+00 0.000000000000000000e+00 0.000000000000000000e+00 0.000000000000000000e+00 0.000000000000000000e+00 0.000000000000000000e+00 0.000000000000000000e+00 0.000000000000000000e+00 0.000000000000000000e+00 0.000000000000000000e+00 0.000000000000000000e+00 0.000000000000000000e+00 0.000000000000000000e+00 1.732050848790194886e+00 1.732050848790195108e+00 1.732050848790195108e+00 1.732050848790195108e+00 1.732050848790195330e+00 1.732050848790195330e+00 1.732050848790195774e+00 1.732050848790195774e+00 1.732050848790195996e+00 1.732050848790195996e+00 1.732050848790196218e+00 1.732050848790196218e+00 1.732050848790196218e+00 1.732050848790196218e+00 1.732050848790196218e+00 1.732050848790196218e+00 1.732050848790196440e+00 1.732050848790196440e+00 1.732050848790196662e+00 1.732050848790196662e+00 1.732050848790196662e+00 1.732050848790196662e+00 1.732050848790196662e+00 1.732050848790196662e+00 1.732050848790196662e+00 1.732050848790196662e+00 1.732050848790196662e+00 1.732050848790196662e+00 1.732050848790196662e+00 1.732050848790196440e+00 1.732050826770784369e+00 1.732050826770784369e+00 1.732050826770784369e+00 1.732050826770784369e+00 1.732050826770784591e+00 1.732050826770784591e+00 1.732050826770784591e+00 1.732050826770784591e+00 1.732050826770784591e+00 1.732050826770784591e+00 1.732050826770784591e+00 1.732050826770784591e+00 1.732050826770784591e+00 1.732050826770784591e+00 1.732050826770784591e+00 1.732050826770784591e+00 1.732050826770784591e+00 1.732050826770784591e+00 1.732050826770784591e+00 1.732050826770784591e+00 1.732050826770785035e+00 1.732050826770785035e+00 1.732050826770785035e+00 1.732050826770785035e+00 1.732050826770785035e+00 1.732050826770785035e+00 1.732050826770785035e+00 1.732050826770785035e+00 1.732050826770785035e+00 1.732050826770785035e+00
0.000000000000000000e+00 0.000000000000000000e+00 0.000000000000000000e+00 0.000000000000000000e+00 0.000000000000000000e+00 0.000000000000000000e+00 0.000000000000000000e+00 0.000000000000000000e+00 0.000000000000000000e+00 0.000000000000000000e+00 0.000000000000000000e+00 0.000000000000000000e+00 0.000000000000000000e+00 0.000000000000000000e+00 0.000000000000000000e+00 0.000000000000000000e+00 0.000000000000000000e+00 0.000000000000000000e+00 0.000000000000000000e+00 0.000000000000000000e+00 0.000000000000000000e+00 0.000000000000000000e+00 0.000000000000000000e+00 0.000000000000000000e+00 0.000000000000000000e+00 0.000000000000000000e+00 0.000000000000000000e+00 0.000000000000000000e+00 0.000000000000000000e+00 0.000000000000000000e+00 1.732050848790194886e+00 1.732050848790195108e+00 1.732050848790195108e+00 1.732050848790195108e+00 1.732050848790195330e+00 1.732050848790195330e+00 1.732050848790195774e+00 1.732050848790195774e+00 1.732050848790195996e+00 1.732050848790195996e+00 1.732050848790196218e+00 1.732050848790196218e+00 1.732050848790196218e+00 1.732050848790196218e+00 1.732050848790196218e+00 1.732050848790196218e+00 1.732050848790196440e+00 1.732050848790196440e+00 1.732050848790196662e+00 1.732050848790196662e+00 1.732050848790196662e+00 1.732050848790196662e+00 1.732050848790196662e+00 1.732050848790196662e+00 1.732050848790196662e+00 1.732050848790196662e+00 1.732050848790196662e+00 1.732050848790196662e+00 1.732050848790196662e+00 1.732050848790196440e+00 1.732050826770784369e+00 1.732050826770784369e+00 1.732050826770784369e+00 1.732050826770784369e+00 1.732050826770784591e+00 1.732050826770784591e+00 1.732050826770784591e+00 1.732050826770784591e+00 1.732050826770784591e+00 1.732050826770784591e+00 1.732050826770784591e+00 1.732050826770784591e+00 1.732050826770784591e+00 1.732050826770784591e+00 1.732050826770784591e+00 1.732050826770784591e+00 1.732050826770784591e+00 1.732050826770784591e+00 1.732050826770784591e+00 1.732050826770784591e+00 1.732050826770785035e+00 1.732050826770785035e+00 1.732050826770785035e+00 1.732050826770785035e+00 1.732050826770785035e+00 1.732050826770785035e+00 1.732050826770785035e+00 1.732050826770785035e+00 1.732050826770785035e+00 1.732050826770785035e+00
0.000000000000000000e+00 0.000000000000000000e+00 0.000000000000000000e+00 0.000000000000000000e+00 0.000000000000000000e+00 0.000000000000000000e+00 0.000000000000000000e+00 0.000000000000000000e+00 0.000000000000000000e+00 0.000000000000000000e+00 0.000000000000000000e+00 0.000000000000000000e+00 0.000000000000000000e+00 0.000000000000000000e+00 0.000000000000000000e+00 0.000000000000000000e+00 0.000000000000000000e+00 0.000000000000000000e+00 0.000000000000000000e+00 0.000000000000000000e+00 0.000000000000000000e+00 0.000000000000000000e+00 0.000000000000000000e+00 0.000000000000000000e+00 0.000000000000000000e+00 0.000000000000000000e+00 0.000000000000000000e+00 0.000000000000000000e+00 0.000000000000000000e+00 0.000000000000000000e+00 1.732050848790194886e+00 1.732050848790195108e+00 1.732050848790195108e+00 1.732050848790195108e+00 1.732050848790195330e+00 1.732050848790195330e+00 1.732050848790195774e+00 1.732050848790195774e+00 1.732050848790195996e+00 1.732050848790195996e+00 1.732050848790196218e+00 1.732050848790196218e+00 1.732050848790196218e+00 1.732050848790196218e+00 1.732050848790196218e+00 1.732050848790196218e+00 1.732050848790196440e+00 1.732050848790196440e+00 1.732050848790196662e+00 1.732050848790196662e+00 1.732050848790196662e+00 1.732050848790196662e+00 1.732050848790196662e+00 1.732050848790196662e+00 1.732050848790196662e+00 1.732050848790196662e+00 1.732050848790196662e+00 1.732050848790196662e+00 1.732050848790196662e+00 1.732050848790196440e+00 1.732050826770784369e+00 1.732050826770784369e+00 1.732050826770784369e+00 1.732050826770784369e+00 1.732050826770784591e+00 1.732050826770784591e+00 1.732050826770784591e+00 1.732050826770784591e+00 1.732050826770784591e+00 1.732050826770784591e+00 1.732050826770784591e+00 1.732050826770784591e+00 1.732050826770784591e+00 1.732050826770784591e+00 1.732050826770784591e+00 1.732050826770784591e+00 1.732050826770784591e+00 1.732050826770784591e+00 1.732050826770784591e+00 1.732050826770784591e+00 1.732050826770785035e+00 1.732050826770785035e+00 1.732050826770785035e+00 1.732050826770785035e+00 1.732050826770785035e+00 1.732050826770785035e+00 1.732050826770785035e+00 1.732050826770785035e+00 1.732050826770785035e+00 1.732050826770785035e+00
0.000000000000000000e+00 0.000000000000000000e+00 0.000000000000000000e+00 0.000000000000000000e+00 0.000000000000000000e+00 0.000000000000000000e+00 0.000000000000000000e+00 0.000000000000000000e+00 0.000000000000000000e+00 0.000000000000000000e+00 0.000000000000000000e+00 0.000000000000000000e+00 0.000000000000000000e+00 0.000000000000000000e+00 0.000000000000000000e+00 0.000000000000000000e+00 0.000000000000000000e+00 0.000000000000000000e+00 0.000000000000000000e+00 0.000000000000000000e+00 0.000000000000000000e+00 0.000000000000000000e+00 0.000000000000000000e+00 0.000000000000000000e+00 0.000000000000000000e+00 0.000000000000000000e+00 0.000000000000000000e+00 0.000000000000000000e+00 0.000000000000000000e+00 0.000000000000000000e+00 1.732050848790194886e+00 1.732050848790195108e+00 1.732050848790195108e+00 1.732050848790195108e+00 1.732050848790195330e+00 1.732050848790195330e+00 1.732050848790195774e+00 1.732050848790195774e+00 1.732050848790195996e+00 1.732050848790195996e+00 1.732050848790196218e+00 1.732050848790196218e+00 1.732050848790196218e+00 1.732050848790196218e+00 1.732050848790196218e+00 1.732050848790196218e+00 1.732050848790196440e+00 1.732050848790196440e+00 1.732050848790196662e+00 1.732050848790196662e+00 1.732050848790196662e+00 1.732050848790196662e+00 1.732050848790196662e+00 1.732050848790196662e+00 1.732050848790196662e+00 1.732050848790196662e+00 1.732050848790196662e+00 1.732050848790196662e+00 1.732050848790196662e+00 1.732050848790196440e+00 1.732050826770784369e+00 1.732050826770784369e+00 1.732050826770784369e+00 1.732050826770784369e+00 1.732050826770784591e+00 1.732050826770784591e+00 1.732050826770784591e+00 1.732050826770784591e+00 1.732050826770784591e+00 1.732050826770784591e+00 1.732050826770784591e+00 1.732050826770784591e+00 1.732050826770784591e+00 1.732050826770784591e+00 1.732050826770784591e+00 1.732050826770784591e+00 1.732050826770784591e+00 1.732050826770784591e+00 1.732050826770784591e+00 1.732050826770784591e+00 1.732050826770785035e+00 1.732050826770785035e+00 1.732050826770785035e+00 1.732050826770785035e+00 1.732050826770785035e+00 1.732050826770785035e+00 1.732050826770785035e+00 1.732050826770785035e+00 1.732050826770785035e+00 1.732050826770785035e+00
0.000000000000000000e+00 0.000000000000000000e+00 0.000000000000000000e+00 0.000000000000000000e+00 0.000000000000000000e+00 0.000000000000000000e+00 0.000000000000000000e+00 0.000000000000000000e+00 0.000000000000000000e+00 0.000000000000000000e+00 0.000000000000000000e+00 0.000000000000000000e+00 0.000000000000000000e+00 0.000000000000000000e+00 0.000000000000000000e+00 0.000000000000000000e+00 0.000000000000000000e+00 0.000000000000000000e+00 0.000000000000000000e+00 0.000000000000000000e+00 0.000000000000000000e+00 0.000000000000000000e+00 0.000000000000000000e+00 0.000000000000000000e+00 0.000000000000000000e+00 0.000000000000000000e+00 0.000000000000000000e+00 0.000000000000000000e+00 0.000000000000000000e+00 0.000000000000000000e+00 1.732050848790194886e+00 1.732050848790195108e+00 1.732050848790195108e+00 1.732050848790195108e+00 1.732050848790195330e+00 1.732050848790195330e+00 1.732050848790195774e+00 1.732050848790195774e+00 1.732050848790195996e+00 1.732050848790195996e+00 1.732050848790196218e+00 1.732050848790196218e+00 1.732050848790196218e+00 1.732050848790196218e+00 1.732050848790196218e+00 1.732050848790196218e+00 1.732050848790196440e+00 1.732050848790196440e+00 1.732050848790196662e+00 1.732050848790196662e+00 1.732050848790196662e+00 1.732050848790196662e+00 1.732050848790196662e+00 1.732050848790196662e+00 1.732050848790196662e+00 1.732050848790196662e+00 1.732050848790196662e+00 1.732050848790196662e+00 1.732050848790196662e+00 1.732050848790196440e+00 1.732050826770784369e+00 1.732050826770784369e+00 1.732050826770784369e+00 1.732050826770784369e+00 1.732050826770784591e+00 1.732050826770784591e+00 1.732050826770784591e+00 1.732050826770784591e+00 1.732050826770784591e+00 1.732050826770784591e+00 1.732050826770784591e+00 1.732050826770784591e+00 1.732050826770784591e+00 1.732050826770784591e+00 1.732050826770784591e+00 1.732050826770784591e+00 1.732050826770784591e+00 1.732050826770784591e+00 1.732050826770784591e+00 1.732050826770784591e+00 1.732050826770785035e+00 1.732050826770785035e+00 1.732050826770785035e+00 1.732050826770785035e+00 1.732050826770785035e+00 1.732050826770785035e+00 1.732050826770785035e+00 1.732050826770785035e+00 1.732050826770785035e+00 1.732050826770785035e+00
0.000000000000000000e+00 0.000000000000000000e+00 0.000000000000000000e+00 0.000000000000000000e+00 0.000000000000000000e+00 0.000000000000000000e+00 0.000000000000000000e+00 0.000000000000000000e+00 0.000000000000000000e+00 0.000000000000000000e+00 0.000000000000000000e+00 0.000000000000000000e+00 0.000000000000000000e+00 0.000000000000000000e+00 0.000000000000000000e+00 0.000000000000000000e+00 0.000000000000000000e+00 0.000000000000000000e+00 0.000000000000000000e+00 0.000000000000000000e+00 0.000000000000000000e+00 0.000000000000000000e+00 0.000000000000000000e+00 0.000000000000000000e+00 0.000000000000000000e+00 0.000000000000000000e+00 0.000000000000000000e+00 0.000000000000000000e+00 0.000000000000000000e+00 0.000000000000000000e+00 1.732050848790194886e+00 1.732050848790195108e+00 1.732050848790195108e+00 1.732050848790195108e+00 1.732050848790195330e+00 1.732050848790195330e+00 1.732050848790195774e+00 1.732050848790195774e+00 1.732050848790195996e+00 1.732050848790195996e+00 1.732050848790196218e+00 1.732050848790196218e+00 1.732050848790196218e+00 1.732050848790196218e+00 1.732050848790196218e+00 1.732050848790196218e+00 1.732050848790196440e+00 1.732050848790196440e+00 1.732050848790196662e+00 1.732050848790196662e+00 1.732050848790196662e+00 1.732050848790196662e+00 1.732050848790196662e+00 1.732050848790196662e+00 1.732050848790196662e+00 1.732050848790196662e+00 1.732050848790196662e+00 1.732050848790196662e+00 1.732050848790196662e+00 1.732050848790196440e+00 1.732050826770784369e+00 1.732050826770784369e+00 1.732050826770784369e+00 1.732050826770784369e+00 1.732050826770784591e+00 1.732050826770784591e+00 1.732050826770784591e+00 1.732050826770784591e+00 1.732050826770784591e+00 1.732050826770784591e+00 1.732050826770784591e+00 1.732050826770784591e+00 1.732050826770784591e+00 1.732050826770784591e+00 1.732050826770784591e+00 1.732050826770784591e+00 1.732050826770784591e+00 1.732050826770784591e+00 1.732050826770784591e+00 1.732050826770784591e+00 1.732050826770785035e+00 1.732050826770785035e+00 1.732050826770785035e+00 1.732050826770785035e+00 1.732050826770785035e+00 1.732050826770785035e+00 1.732050826770785035e+00 1.732050826770785035e+00 1.732050826770785035e+00 1.732050826770785035e+00
0.000000000000000000e+00 0.000000000000000000e+00 0.000000000000000000e+00 0.000000000000000000e+00 0.000000000000000000e+00 0.000000000000000000e+00 0.000000000000000000e+00 0.000000000000000000e+00 0.000000000000000000e+00 0.000000000000000000e+00 0.000000000000000000e+00 0.000000000000000000e+00 0.000000000000000000e+00 0.000000000000000000e+00 0.000000000000000000e+00 0.000000000000000000e+00 0.000000000000000000e+00 0.000000000000000000e+00 0.000000000000000000e+00 0.000000000000000000e+00 0.000000000000000000e+00 0.000000000000000000e+00 0.000000000000000000e+00 0.000000000000000000e+00 0.000000000000000000e+00 0.000000000000000000e+00 0.000000000000000000e+00 0.000000000000000000e+00 0.000000000000000000e+00 0.000000000000000000e+00 1.732050848790194886e+00 1.732050848790195108e+00 1.732050848790195108e+00 1.732050848790195108e+00 1.732050848790195330e+00 1.732050848790195330e+00 1.732050848790195774e+00 1.732050848790195774e+00 1.732050848790195996e+00 1.732050848790195996e+00 1.732050848790196218e+00 1.732050848790196218e+00 1.732050848790196218e+00 1.732050848790196218e+00 1.732050848790196218e+00 1.732050848790196218e+00 1.732050848790196440e+00 1.732050848790196440e+00 1.732050848790196662e+00 1.732050848790196662e+00 1.732050848790196662e+00 1.732050848790196662e+00 1.732050848790196662e+00 1.732050848790196662e+00 1.732050848790196662e+00 1.732050848790196662e+00 1.732050848790196662e+00 1.732050848790196662e+00 1.732050848790196662e+00 1.732050848790196440e+00 1.732050826770784369e+00 1.732050826770784369e+00 1.732050826770784369e+00 1.732050826770784369e+00 1.732050826770784591e+00 1.732050826770784591e+00 1.732050826770784591e+00 1.732050826770784591e+00 1.732050826770784591e+00 1.732050826770784591e+00 1.732050826770784591e+00 1.732050826770784591e+00 1.732050826770784591e+00 1.732050826770784591e+00 1.732050826770784591e+00 1.732050826770784591e+00 1.732050826770784591e+00 1.732050826770784591e+00 1.732050826770784591e+00 1.732050826770784591e+00 1.732050826770785035e+00 1.732050826770785035e+00 1.732050826770785035e+00 1.732050826770785035e+00 1.732050826770785035e+00 1.732050826770785035e+00 1.732050826770785035e+00 1.732050826770785035e+00 1.732050826770785035e+00 1.732050826770785035e+00
0.000000000000000000e+00 0.000000000000000000e+00 0.000000000000000000e+00 0.000000000000000000e+00 0.000000000000000000e+00 0.000000000000000000e+00 0.000000000000000000e+00 0.000000000000000000e+00 0.000000000000000000e+00 0.000000000000000000e+00 0.000000000000000000e+00 0.000000000000000000e+00 0.000000000000000000e+00 0.000000000000000000e+00 0.000000000000000000e+00 0.000000000000000000e+00 0.000000000000000000e+00 0.000000000000000000e+00 0.000000000000000000e+00 0.000000000000000000e+00 0.000000000000000000e+00 0.000000000000000000e+00 0.000000000000000000e+00 0.000000000000000000e+00 0.000000000000000000e+00 0.000000000000000000e+00 0.000000000000000000e+00 0.000000000000000000e+00 0.000000000000000000e+00 0.000000000000000000e+00 1.732050848790194886e+00 1.732050848790195108e+00 1.732050848790195108e+00 1.732050848790195108e+00 1.732050848790195330e+00 1.732050848790195330e+00 1.732050848790195774e+00 1.732050848790195774e+00 1.732050848790195996e+00 1.732050848790195996e+00 1.732050848790196218e+00 1.732050848790196218e+00 1.732050848790196218e+00 1.732050848790196218e+00 1.732050848790196218e+00 1.732050848790196218e+00 1.732050848790196440e+00 1.732050848790196440e+00 1.732050848790196662e+00 1.732050848790196662e+00 1.732050848790196662e+00 1.732050848790196662e+00 1.732050848790196662e+00 1.732050848790196662e+00 1.732050848790196662e+00 1.732050848790196662e+00 1.732050848790196662e+00 1.732050848790196662e+00 1.732050848790196662e+00 1.732050848790196440e+00 1.732050826770784369e+00 1.732050826770784369e+00 1.732050826770784369e+00 1.732050826770784369e+00 1.732050826770784591e+00 1.732050826770784591e+00 1.732050826770784591e+00 1.732050826770784591e+00 1.732050826770784591e+00 1.732050826770784591e+00 1.732050826770784591e+00 1.732050826770784591e+00 1.732050826770784591e+00 1.732050826770784591e+00 1.732050826770784591e+00 1.732050826770784591e+00 1.732050826770784591e+00 1.732050826770784591e+00 1.732050826770784591e+00 1.732050826770784591e+00 1.732050826770785035e+00 1.732050826770785035e+00 1.732050826770785035e+00 1.732050826770785035e+00 1.732050826770785035e+00 1.732050826770785035e+00 1.732050826770785035e+00 1.732050826770785035e+00 1.732050826770785035e+00 1.732050826770785035e+00
1.732050848790194220e+00 1.732050848790196884e+00 1.732050848790197994e+00 1.732050848790194442e+00 1.732050848790194886e+00 1.732050848790194886e+00 1.732050848790194886e+00 1.732050848790194886e+00 1.732050848790194886e+00 1.732050848790194886e+00 1.732050848790194886e+00 1.732050848790194886e+00 1.732050848790194886e+00 1.732050848790194886e+00 1.732050848790194886e+00 1.732050848790194886e+00 1.732050848790194886e+00 1.732050848790194886e+00 1.732050848790194886e+00 1.732050848790194886e+00 1.732050848790194886e+00 1.732050848790194886e+00 1.732050848790194886e+00 1.732050848790194886e+00 1.732050848790194886e+00 1.732050848790194886e+00 1.732050848790194886e+00 1.732050848790194886e+00 1.732050848790194886e+00 1.732050848790194886e+00 0.000000000000000000e+00 0.000000000000000000e+00 0.000000000000000000e+00 0.000000000000000000e+00 0.000000000000000000e+00 0.000000000000000000e+00 0.000000000000000000e+00 0.000000000000000000e+00 0.000000000000000000e+00 0.000000000000000000e+00 0.000000000000000000e+00 0.000000000000000000e+00 0.000000000000000000e+00 0.000000000000000000e+00 0.000000000000000000e+00 0.000000000000000000e+00 0.000000000000000000e+00 0.000000000000000000e+00 0.000000000000000000e+00 0.000000000000000000e+00 0.000000000000000000e+00 0.000000000000000000e+00 0.000000000000000000e+00 0.000000000000000000e+00 0.000000000000000000e+00 0.000000000000000000e+00 0.000000000000000000e+00 0.000000000000000000e+00 0.000000000000000000e+00 0.000000000000000000e+00 1.732050747145647884e+00 1.732050747145647884e+00 1.732050747145647884e+00 1.732050747145647884e+00 1.732050747145647218e+00 1.732050747145647218e+00 1.732050747145647218e+00 1.732050747145647218e+00 1.732050747145647218e+00 1.732050747145647218e+00 1.732050747145647218e+00 1.732050747145647218e+00 1.732050747145647218e+00 1.732050747145647218e+00 1.732050747145647218e+00 1.732050747145647218e+00 1.732050747145647218e+00 1.732050747145647218e+00 1.732050747145647218e+00 1.732050747145647218e+00 1.732050747145646996e+00 1.732050747145646996e+00 1.732050747145646996e+00 1.732050747145646996e+00 1.732050747145646996e+00 1.732050747145646996e+00 1.732050747145646996e+00 1.732050747145646996e+00 1.732050747145646996e+00 1.732050747145646996e+00
1.732050848790194442e+00 1.732050848790197328e+00 1.732050848790198216e+00 1.732050848790194664e+00 1.732050848790195108e+00 1.732050848790195108e+00 1.732050848790195108e+00 1.732050848790195108e+00 1.732050848790195108e+00 1.732050848790195108e+00 1.732050848790195108e+00 1.732050848790195108e+00 1.732050848790195108e+00 1.732050848790195108e+00 1.732050848790195108e+00 1.732050848790195108e+00 1.732050848790195108e+00 1.732050848790195108e+00 1.732050848790195108e+00 1.732050848790195108e+00 1.732050848790195108e+00 1.732050848790195108e+00 1.732050848790195108e+00 1.732050848790195108e+00 1.732050848790195108e+00 1.732050848790195108e+00 1.732050848790195108e+00 1.732050848790195108e+00 1.732050848790195108e+00 1.732050848790195108e+00 0.000000000000000000e+00 0.000000000000000000e+00 0.000000000000000000e+00 0.000000000000000000e+00 0.000000000000000000e+00 0.000000000000000000e+00 0.000000000000000000e+00 0.000000000000000000e+00 0.000000000000000000e+00 0.000000000000000000e+00 0.000000000000000000e+00 0.000000000000000000e+00 0.000000000000000000e+00 0.000000000000000000e+00 0.000000000000000000e+00 0.000000000000000000e+00 0.000000000000000000e+00 0.000000000000000000e+00 0.000000000000000000e+00 0.000000000000000000e+00 0.000000000000000000e+00 0.000000000000000000e+00 0.000000000000000000e+00 0.000000000000000000e+00 0.000000000000000000e+00 0.000000000000000000e+00 0.000000000000000000e+00 0.000000000000000000e+00 0.000000000000000000e+00 0.000000000000000000e+00 1.732050747145647662e+00 1.732050747145647662e+00 1.732050747145647662e+00 1.732050747145647662e+00 1.732050747145647218e+00 1.732050747145647218e+00 1.732050747145647218e+00 1.732050747145647218e+00 1.732050747145647218e+00 1.732050747145647218e+00 1.732050747145647218e+00 1.732050747145647218e+00 1.732050747145647218e+00 1.732050747145647218e+00 1.732050747145647218e+00 1.732050747145647218e+00 1.732050747145647218e+00 1.732050747145647218e+00 1.732050747145647218e+00 1.732050747145647218e+00 1.732050747145646774e+00 1.732050747145646774e+00 1.732050747145646774e+00 1.732050747145646774e+00 1.732050747145646774e+00 1.732050747145646774e+00 1.732050747145646774e+00 1.732050747145646774e+00 1.732050747145646774e+00 1.732050747145646774e+00
1.732050848790194442e+00 1.732050848790197328e+00 1.732050848790198216e+00 1.732050848790194664e+00 1.732050848790195108e+00 1.732050848790195108e+00 1.732050848790195108e+00 1.732050848790195108e+00 1.732050848790195108e+00 1.732050848790195108e+00 1.732050848790195108e+00 1.732050848790195108e+00 1.732050848790195108e+00 1.732050848790195108e+00 1.732050848790195108e+00 1.732050848790195108e+00 1.732050848790195108e+00 1.732050848790195108e+00 1.732050848790195108e+00 1.732050848790195108e+00 1.732050848790195108e+00 1.732050848790195108e+00 1.732050848790195108e+00 1.732050848790195108e+00 1.732050848790195108e+00 1.732050848790195108e+00 1.732050848790195108e+00 1.732050848790195108e+00 1.732050848790195108e+00 1.732050848790195108e+00 0.000000000000000000e+00 0.000000000000000000e+00 0.000000000000000000e+00 0.000000000000000000e+00 0.000000000000000000e+00 0.000000000000000000e+00 0.000000000000000000e+00 0.000000000000000000e+00 0.000000000000000000e+00 0.000000000000000000e+00 0.000000000000000000e+00 0.000000000000000000e+00 0.000000000000000000e+00 0.000000000000000000e+00 0.000000000000000000e+00 0.000000000000000000e+00 0.000000000000000000e+00 0.000000000000000000e+00 0.000000000000000000e+00 0.000000000000000000e+00 0.000000000000000000e+00 0.000000000000000000e+00 0.000000000000000000e+00 0.000000000000000000e+00 0.000000000000000000e+00 0.000000000000000000e+00 0.000000000000000000e+00 0.000000000000000000e+00 0.000000000000000000e+00 0.000000000000000000e+00 1.732050747145647218e+00 1.732050747145647218e+00 1.732050747145647218e+00 1.732050747145647218e+00 1.732050747145646996e+00 1.732050747145646996e+00 1.732050747145646996e+00 1.732050747145646996e+00 1.732050747145646996e+00 1.732050747145646996e+00 1.732050747145646996e+00 1.732050747145646996e+00 1.732050747145646996e+00 1.732050747145646996e+00 1.732050747145646996e+00 1.732050747145646996e+00 1.732050747145646996e+00 1.732050747145646996e+00 1.732050747145646996e+00 1.732050747145646996e+00 1.732050747145646552e+00 1.732050747145646552e+00 1.732050747145646552e+00 1.732050747145646552e+00 1.732050747145646552e+00 1.732050747145646552e+00 1.732050747145646552e+00 1.732050747145646552e+00 1.732050747145646552e+00 1.732050747145646552e+00
1.732050848790194442e+00 1.732050848790197328e+00 1.732050848790198216e+00 1.732050848790194664e+00 1.732050848790195108e+00 1.732050848790195108e+00 1.732050848790195108e+00 1.732050848790195108e+00 1.732050848790195108e+00 1.732050848790195108e+00 1.732050848790195108e+00 1.732050848790195108e+00 1.732050848790195108e+00 1.732050848790195108e+00 1.732050848790195108e+00 1.732050848790195108e+00 1.732050848790195108e+00 1.732050848790195108e+00 1.732050848790195108e+00 1.732050848790195108e+00 1.732050848790195108e+00 1.732050848790195108e+00 1.732050848790195108e+00 1.732050848790195108e+00 1.732050848790195108e+00 1.732050848790195108e+00 1.732050848790195108e+00 1.732050848790195108e+00 1.732050848790195108e+00 1.732050848790195108e+00 0.000000000000000000e+00 0.000000000000000000e+00 0.000000000000000000e+00 0.000000000000000000e+00 0.000000000000000000e+00 0.000000000000000000e+00 0.000000000000000000e+00 0.000000000000000000e+00 0.000000000000000000e+00 0.000000000000000000e+00 0.000000000000000000e+00 0.000000000000000000e+00 0.000000000000000000e+00 0.000000000000000000e+00 0.000000000000000000e+00 0.000000000000000000e+00 0.000000000000000000e+00 0.000000000000000000e+00 0.000000000000000000e+00 0.000000000000000000e+00 0.000000000000000000e+00 0.000000000000000000e+00 0.000000000000000000e+00 0.000000000000000000e+00 0.000000000000000000e+00 0.000000000000000000e+00 0.000000000000000000e+00 0.000000000000000000e+00 0.000000000000000000e+00 0.000000000000000000e+00 1.732050747145647218e+00 1.732050747145647218e+00 1.732050747145647218e+00 1.732050747145647218e+00 1.732050747145646996e+00 1.732050747145646996e+00 1.732050747145646996e+00 1.732050747145646996e+00 1.732050747145646996e+00 1.732050747145646996e+00 1.732050747145646996e+00 1.732050747145646996e+00 1.732050747145646996e+00 1.732050747145646996e+00 1.732050747145646996e+00 1.732050747145646996e+00 1.732050747145646996e+00 1.732050747145646996e+00 1.732050747145646996e+00 1.732050747145646996e+00 1.732050747145646552e+00 1.732050747145646552e+00 1.732050747145646552e+00 1.732050747145646552e+00 1.732050747145646552e+00 1.732050747145646552e+00 1.732050747145646552e+00 1.732050747145646552e+00 1.732050747145646552e+00 1.732050747145646552e+00
1.732050848790194886e+00 1.732050848790197550e+00 1.732050848790198438e+00 1.732050848790194886e+00 1.732050848790195330e+00 1.732050848790195330e+00 1.732050848790195330e+00 1.732050848790195330e+00 1.732050848790195330e+00 1.732050848790195330e+00 1.732050848790195330e+00 1.732050848790195330e+00 1.732050848790195330e+00 1.732050848790195330e+00 1.732050848790195330e+00 1.732050848790195330e+00 1.732050848790195330e+00 1.732050848790195330e+00 1.732050848790195330e+00 1.732050848790195330e+00 1.732050848790195330e+00 1.732050848790195330e+00 1.732050848790195330e+00 1.732050848790195330e+00 1.732050848790195330e+00 1.732050848790195330e+00 1.732050848790195330e+00 1.732050848790195330e+00 1.732050848790195330e+00 1.732050848790195330e+00 0.000000000000000000e+00 0.000000000000000000e+00 0.000000000000000000e+00 0.000000000000000000e+00 0.000000000000000000e+00 0.000000000000000000e+00 0.000000000000000000e+00 0.000000000000000000e+00 0.000000000000000000e+00 0.000000000000000000e+00 0.000000000000000000e+00 0.000000000000000000e+00 0.000000000000000000e+00 0.000000000000000000e+00 0.000000000000000000e+00 0.000000000000000000e+00 0.000000000000000000e+00 0.000000000000000000e+00 0.000000000000000000e+00 0.000000000000000000e+00 0.000000000000000000e+00 0.000000000000000000e+00 0.000000000000000000e+00 0.000000000000000000e+00 0.000000000000000000e+00 0.000000000000000000e+00 0.000000000000000000e+00 0.000000000000000000e+00 0.000000000000000000e+00 0.000000000000000000e+00 1.732050747145647218e+00 1.732050747145647218e+00 1.732050747145647218e+00 1.732050747145647218e+00 1.732050747145646774e+00 1.732050747145646774e+00 1.732050747145646774e+00 1.732050747145646774e+00 1.732050747145646774e+00 1.732050747145646774e+00 1.732050747145646774e+00 1.732050747145646774e+00 1.732050747145646774e+00 1.732050747145646774e+00 1.732050747145646774e+00 1.732050747145646774e+00 1.732050747145646774e+00 1.732050747145646774e+00 1.732050747145646774e+00 1.732050747145646774e+00 1.732050747145646330e+00 1.732050747145646330e+00 1.732050747145646330e+00 1.732050747145646330e+00 1.732050747145646330e+00 1.732050747145646330e+00 1.732050747145646330e+00 1.732050747145646330e+00 1.732050747145646330e+00 1.732050747145646330e+00
1.732050848790194886e+00 1.732050848790197550e+00 1.732050848790198438e+00 1.732050848790194886e+00 1.732050848790195330e+00 1.732050848790195330e+00 1.732050848790195330e+00 1.732050848790195330e+00 1.732050848790195330e+00 1.732050848790195330e+00 1.732050848790195330e+00 1.732050848790195330e+00 1.732050848790195330e+00 1.732050848790195330e+00 1.732050848790195330e+00 1.732050848790195330e+00 1.732050848790195330e+00 1.732050848790195330e+00 1.732050848790195330e+00 1.732050848790195330e+00 1.732050848790195330e+00 1.732050848790195330e+00 1.732050848790195330e+00 1.732050848790195330e+00 1.732050848790195330e+00 1.732050848790195330e+00 1.732050848790195330e+00 1.732050848790195330e+00 1.732050848790195330e+00 1.732050848790195330e+00 0.000000000000000000e+00 0.000000000000000000e+00 0.000000000000000000e+00 0.000000000000000000e+00 0.000000000000000000e+00 0.000000000000000000e+00 0.000000000000000000e+00 0.000000000000000000e+00 0.000000000000000000e+00 0.000000000000000000e+00 0.000000000000000000e+00 0.000000000000000000e+00 0.000000000000000000e+00 0.000000000000000000e+00 0.000000000000000000e+00 0.000000000000000000e+00 0.000000000000000000e+00 0.000000000000000000e+00 0.000000000000000000e+00 0.000000000000000000e+00 0.000000000000000000e+00 0.000000000000000000e+00 0.000000000000000000e+00 0.000000000000000000e+00 0.000000000000000000e+00 0.000000000000000000e+00 0.000000000000000000e+00 0.000000000000000000e+00 0.000000000000000000e+00 0.000000000000000000e+00 1.732050747145647218e+00 1.732050747145647218e+00 1.732050747145647218e+00 1.732050747145647218e+00 1.732050747145646774e+00 1.732050747145646774e+00 1.732050747145646774e+00 1.732050747145646774e+00 1.732050747145646774e+00 1.732050747145646774e+00 1.732050747145646774e+00 1.732050747145646774e+00 1.732050747145646774e+00 1.732050747145646774e+00 1.732050747145646774e+00 1.732050747145646774e+00 1.732050747145646774e+00 1.732050747145646774e+00 1.732050747145646774e+00 1.732050747145646774e+00 1.732050747145646330e+00 1.732050747145646330e+00 1.732050747145646330e+00 1.732050747145646330e+00 1.732050747145646330e+00 1.732050747145646330e+00 1.732050747145646330e+00 1.732050747145646330e+00 1.732050747145646330e+00 1.732050747145646330e+00
1.732050848790195108e+00 1.732050848790197772e+00 1.732050848790198661e+00 1.732050848790195108e+00 1.732050848790195774e+00 1.732050848790195774e+00 1.732050848790195774e+00 1.732050848790195774e+00 1.732050848790195774e+00 1.732050848790195774e+00 1.732050848790195774e+00 1.732050848790195774e+00 1.732050848790195774e+00 1.732050848790195774e+00 1.732050848790195774e+00 1.732050848790195774e+00 1.732050848790195774e+00 1.732050848790195774e+00 1.732050848790195774e+00 1.732050848790195774e+00 1.732050848790195774e+00 1.732050848790195774e+00 1.732050848790195774e+00 1.732050848790195774e+00 1.732050848790195774e+00 1.732050848790195774e+00 1.732050848790195774e+00 1.732050848790195774e+00 1.732050848790195774e+00 1.732050848790195774e+00 0.000000000000000000e+00 0.000000000000000000e+00 0.000000000000000000e+00 0.000000000000000000e+00 0.000000000000000000e+00 0.000000000000000000e+00 0.000000000000000000e+00 0.000000000000000000e+00 0.000000000000000000e+00 0.000000000000000000e+00 0.000000000000000000e+00 0.000000000000000000e+00 0.000000000000000000e+00 0.000000000000000000e+00 0.000000000000000000e+00 0.000000000000000000e+00 0.000000000000000000e+00 0.000000000000000000e+00 0.000000000000000000e+00 0.000000000000000000e+00 0.000000000000000000e+00 0.000000000000000000e+00 0.000000000000000000e+00 0.000000000000000000e+00 0.000000000000000000e+00 0.000000000000000000e+00 0.000000000000000000e+00 0.000000000000000000e+00 0.000000000000000000e+00 0.000000000000000000e+00 1.732050747145646996e+00 1.732050747145646996e+00 1.732050747145646996e+00 1.732050747145646996e+00 1.732050747145646552e+00 1.732050747145646552e+00 1.732050747145646552e+00 1.732050747145646552e+00 1.732050747145646552e+00 1.732050747145646552e+00 1.732050747145646552e+00 1.732050747145646552e+00 1.732050747145646552e+00 1.732050747145646552e+00 1.732050747145646552e+00 1.732050747145646552e+00 1.732050747145646552e+00 1.732050747145646552e+00 1.732050747145646552e+00 1.732050747145646552e+00 1.732050747145646108e+00 1.732050747145646108e+00 1.732050747145646108e+00 1.732050747145646108e+00 1.732050747145646108e+00 1.732050747145646108e+00 1.732050747145646108e+00 1.732050747145646108e+00 1.732050747145646108e+00 1.732050747145646108e+00
1.732050848790195108e+00 1.732050848790197772e+00 1.732050848790198661e+00 1.732050848790195108e+00 1.732050848790195774e+00 1.732050848790195774e+00 1.732050848790195774e+00 1.732050848790195774e+00 1.732050848790195774e+00 1.732050848790195774e+00 1.732050848790195774e+00 1.732050848790195774e+00 1.732050848790195774e+00 1.732050848790195774e+00 1.732050848790195774e+00 1.732050848790195774e+00 1.732050848790195774e+00 1.732050848790195774e+00 1.732050848790195774e+00 1.732050848790195774e+00 1.732050848790195774e+00 1.732050848790195774e+00 1.732050848790195774e+00 1.732050848790195774e+00 1.732050848790195774e+00 1.732050848790195774e+00 1.732050848790195774e+00 1.732050848790195774e+00 1.732050848790195774e+00 1.732050848790195774e+00 0.000000000000000000e+00 0.000000000000000000e+00 0.000000000000000000e+00 0.000000000000000000e+00 0.000000000000000000e+00 0.000000000000000000e+00 0.000000000000000000e+00 0.000000000000000000e+00 0.000000000000000000e+00 0.000000000000000000e+00 0.000000000000000000e+00 0.000000000000000000e+00 0.000000000000000000e+00 0.000000000000000000e+00 0.000000000000000000e+00 0.000000000000000000e+00 0.000000000000000000e+00 0.000000000000000000e+00 0.000000000000000000e+00 0.000000000000000000e+00 0.000000000000000000e+00 0.000000000000000000e+00 0.000000000000000000e+00 0.000000000000000000e+00 0.000000000000000000e+00 0.000000000000000000e+00 0.000000000000000000e+00 0.000000000000000000e+00 0.000000000000000000e+00 0.000000000000000000e+00 1.732050747145646996e+00 1.732050747145646996e+00 1.732050747145646996e+00 1.732050747145646996e+00 1.732050747145646552e+00 1.732050747145646552e+00 1.732050747145646552e+00 1.732050747145646552e+00 1.732050747145646552e+00 1.732050747145646552e+00 1.732050747145646552e+00 1.732050747145646552e+00 1.732050747145646552e+00 1.732050747145646552e+00 1.732050747145646552e+00 1.732050747145646552e+00 1.732050747145646552e+00 1.732050747145646552e+00 1.732050747145646552e+00 1.732050747145646552e+00 1.732050747145646108e+00 1.732050747145646108e+00 1.732050747145646108e+00 1.732050747145646108e+00 1.732050747145646108e+00 1.732050747145646108e+00 1.732050747145646108e+00 1.732050747145646108e+00 1.732050747145646108e+00 1.732050747145646108e+00
1.732050848790195330e+00 1.732050848790198216e+00 1.732050848790199105e+00 1.732050848790195330e+00 1.732050848790195996e+00 1.732050848790195996e+00 1.732050848790195996e+00 1.732050848790195996e+00 1.732050848790195996e+00 1.732050848790195996e+00 1.732050848790195996e+00 1.732050848790195996e+00 1.732050848790195996e+00 1.732050848790195996e+00 1.732050848790195996e+00 1.732050848790195996e+00 1.732050848790195996e+00 1.732050848790195996e+00 1.732050848790195996e+00 1.732050848790195996e+00 1.732050848790195996e+00 1.732050848790195996e+00 1.732050848790195996e+00 1.732050848790195996e+00 1.732050848790195996e+00 1.732050848790195996e+00 1.732050848790195996e+00 1.732050848790195996e+00 1.732050848790195996e+00 1.732050848790195996e+00 0.000000000000000000e+00 0.000000000000000000e+00 0.000000000000000000e+00 0.000000000000000000e+00 0.000000000000000000e+00 0.000000000000000000e+00 0.000000000000000000e+00 0.000000000000000000e+00 0.000000000000000000e+00 0.000000000000000000e+00 0.000000000000000000e+00 0.000000000000000000e+00 0.000000000000000000e+00 0.000000000000000000e+00 0.000000000000000000e+00 0.000000000000000000e+00 0.000000000000000000e+00 0.000000000000000000e+00 0.000000000000000000e+00 0.000000000000000000e+00 0.000000000000000000e+00 0.000000000000000000e+00 0.000000000000000000e+00 0.000000000000000000e+00 0.000000000000000000e+00 0.000000000000000000e+00 0.000000000000000000e+00 0.000000000000000000e+00 0.000000000000000000e+00 0.000000000000000000e+00 1.732050747145646774e+00 1.732050747145646774e+00 1.732050747145646774e+00 1.732050747145646774e+00 1.732050747145646330e+00 1.732050747145646330e+00 1.732050747145646330e+00 1.732050747145646330e+00 1.732050747145646330e+00 1.732050747145646330e+00 1.732050747145646330e+00 1.732050747145646330e+00 1.732050747145646330e+00 1.732050747145646330e+00 1.732050747145646330e+00 1.732050747145646330e+00 1.732050747145646330e+00 1.732050747145646330e+00 1.732050747145646330e+00 1.732050747145646330e+00 1.732050747145645886e+00 1.732050747145645886e+00 1.732050747145645886e+00 1.732050747145645886e+00 1.732050747145645886e+00 1.732050747145645886e+00 1.732050747145645886e+00 1.732050747145645886e+00 1.732050747145645886e+00 1.732050747145645886e+00
1.732050848790195330e+00 1.732050848790198216e+00 1.732050848790199105e+00 1.732050848790195330e+00 1.732050848790195996e+00 1.732050848790195996e+00 1.732050848790195996e+00 1.732050848790195996e+00 1.732050848790195996e+00 1.732050848790195996e+00 1.732050848790195996e+00 1.732050848790195996e+00 1.732050848790195996e+00 1.732050848790195996e+00 1.732050848790195996e+00 1.732050848790195996e+00 1.732050848790195996e+00 1.732050848790195996e+00 1.732050848790195996e+00 1.732050848790195996e+00 1.732050848790195996e+00 1.732050848790195996e+00 1.732050848790195996e+00 1.732050848790195996e+00 1.732050848790195996e+00 1.732050848790195996e+00 1.732050848790195996e+00 1.732050848790195996e+00 1.732050848790195996e+00 1.732050848790195996e+00 0.000000000000000000e+00 0.000000000000000000e+00 0.000000000000000000e+00 0.000000000000000000e+00 0.000000000000000000e+00 0.000000000000000000e+00 0.000000000000000000e+00 0.000000000000000000e+00 0.000000000000000000e+00 0.000000000000000000e+00 0.000000000000000000e+00 0.000000000000000000e+00 0.000000000000000000e+00 0.000000000000000000e+00 0.000000000000000000e+00 0.000000000000000000e+00 0.000000000000000000e+00 0.000000000000000000e+00 0.000000000000000000e+00 0.000000000000000000e+00 0.000000000000000000e+00 0.000000000000000000e+00 0.000000000000000000e+00 0.000000000000000000e+00 0.000000000000000000e+00 0.000000000000000000e+00 0.000000000000000000e+00 0.000000000000000000e+00 0.000000000000000000e+00 0.000000000000000000e+00 1.732050747145646774e+00 1.732050747145646774e+00 1.732050747145646774e+00 1.732050747145646774e+00 1.732050747145646330e+00 1.732050747145646330e+00 1.732050747145646330e+00 1.732050747145646330e+00 1.732050747145646330e+00 1.732050747145646330e+00 1.732050747145646330e+00 1.732050747145646330e+00 1.732050747145646330e+00 1.732050747145646330e+00 1.732050747145646330e+00 1.732050747145646330e+00 1.732050747145646330e+00 1.732050747145646330e+00 1.732050747145646330e+00 1.732050747145646330e+00 1.732050747145645886e+00 1.732050747145645886e+00 1.732050747145645886e+00 1.732050747145645886e+00 1.732050747145645886e+00 1.732050747145645886e+00 1.732050747145645886e+00 1.732050747145645886e+00 1.732050747145645886e+00 1.732050747145645886e+00
1.732050848790195774e+00 1.732050848790198438e+00 1.732050848790199327e+00 1.732050848790195774e+00 1.732050848790196218e+00 1.732050848790196218e+00 1.732050848790196218e+00 1.732050848790196218e+00 1.732050848790196218e+00 1.732050848790196218e+00 1.732050848790196218e+00 1.732050848790196218e+00 1.732050848790196218e+00 1.732050848790196218e+00 1.732050848790196218e+00 1.732050848790196218e+00 1.732050848790196218e+00 1.732050848790196218e+00 1.732050848790196218e+00 1.732050848790196218e+00 1.732050848790196218e+00 1.732050848790196218e+00 1.732050848790196218e+00 1.732050848790196218e+00 1.732050848790196218e+00 1.732050848790196218e+00 1.732050848790196218e+00 1.732050848790196218e+00 1.732050848790196218e+00 1.732050848790196218e+00 0.000000000000000000e+00 0.000000000000000000e+00 0.000000000000000000e+00 0.000000000000000000e+00 0.000000000000000000e+00 0.000000000000000000e+00 0.000000000000000000e+00 0.000000000000000000e+00 0.000000000000000000e+00 0.000000000000000000e+00 0.000000000000000000e+00 0.000000000000000000e+00 0.000000000000000000e+00 0.000000000000000000e+00 0.000000000000000000e+00 0.000000000000000000e+00 0.000000000000000000e+00 0.000000000000000000e+00 0.000000000000000000e+00 0.000000000000000000e+00 0.000000000000000000e+00 0.000000000000000000e+00 0.000000000000000000e+00 0.000000000000000000e+00 0.000000000000000000e+00 0.000000000000000000e+00 0.000000000000000000e+00 0.000000000000000000e+00 0.000000000000000000e+00 0.000000000000000000e+00 1.732050747145646552e+00 1.732050747145646552e+00 1.732050747145646552e+00 1.732050747145646552e+00 1.732050747145646108e+00 1.732050747145646108e+00 1.732050747145646108e+00 1.732050747145646108e+00 1.732050747145646108e+00 1.732050747145646108e+00 1.732050747145646108e+00 1.732050747145646108e+00 1.732050747145646108e+00 1.732050747145646108e+00 1.732050747145646108e+00 1.732050747145646108e+00 1.732050747145646108e+00 1.732050747145646108e+00 1.732050747145646108e+00 1.732050747145646108e+00 1.732050747145645664e+00 1.732050747145645664e+00 1.732050747145645664e+00 1.732050747145645664e+00 1.732050747145645664e+00 1.732050747145645664e+00 1.732050747145645664e+00 1.732050747145645664e+00 1.732050747145645664e+00 1.732050747145645664e+00
1.732050848790195774e+00 1.732050848790198438e+00 1.732050848790199327e+00 1.732050848790195774e+00 1.732050848790196218e+00 1.732050848790196218e+00 1.732050848790196218e+00 1.732050848790196218e+00 1.732050848790196218e+00 1.732050848790196218e+00 1.732050848790196218e+00 1.732050848790196218e+00 1.732050848790196218e+00 1.732050848790196218e+00 1.732050848790196218e+00 1.732050848790196218e+00 1.732050848790196218e+00 1.732050848790196218e+00 1.732050848790196218e+00 1.732050848790196218e+00 1.732050848790196218e+00 1.732050848790196218e+00 1.732050848790196218e+00 1.732050848790196218e+00 1.732050848790196218e+00 1.732050848790196218e+00 1.732050848790196218e+00 1.732050848790196218e+00 1.732050848790196218e+00 1.732050848790196218e+00 0.000000000000000000e+00 0.000000000000000000e+00 0.000000000000000000e+00 0.000000000000000000e+00 0.000000000000000000e+00 0.000000000000000000e+00 0.000000000000000000e+00 0.000000000000000000e+00 0.000000000000000000e+00 0.000000000000000000e+00 0.000000000000000000e+00 0.000000000000000000e+00 0.000000000000000000e+00 0.000000000000000000e+00 0.000000000000000000e+00 0.000000000000000000e+00 0.000000000000000000e+00 0.000000000000000000e+00 0.000000000000000000e+00 0.000000000000000000e+00 0.000000000000000000e+00 0.000000000000000000e+00 0.000000000000000000e+00 0.000000000000000000e+00 0.000000000000000000e+00 0.000000000000000000e+00 0.000000000000000000e+00 0.000000000000000000e+00 0.000000000000000000e+00 0.000000000000000000e+00 1.732050747145646552e+00 1.732050747145646552e+00 1.732050747145646552e+00 1.732050747145646552e+00 1.732050747145646108e+00 1.732050747145646108e+00 1.732050747145646108e+00 1.732050747145646108e+00 1.732050747145646108e+00 1.732050747145646108e+00 1.732050747145646108e+00 1.732050747145646108e+00 1.732050747145646108e+00 1.732050747145646108e+00 1.732050747145646108e+00 1.732050747145646108e+00 1.732050747145646108e+00 1.732050747145646108e+00 1.732050747145646108e+00 1.732050747145646108e+00 1.732050747145645664e+00 1.732050747145645664e+00 1.732050747145645664e+00 1.732050747145645664e+00 1.732050747145645664e+00 1.732050747145645664e+00 1.732050747145645664e+00 1.732050747145645664e+00 1.732050747145645664e+00 1.732050747145645664e+00
1.732050848790195774e+00 1.732050848790198438e+00 1.732050848790199327e+00 1.732050848790195774e+00 1.732050848790196218e+00 1.732050848790196218e+00 1.732050848790196218e+00 1.732050848790196218e+00 1.732050848790196218e+00 1.732050848790196218e+00 1.732050848790196218e+00 1.732050848790196218e+00 1.732050848790196218e+00 1.732050848790196218e+00 1.732050848790196218e+00 1.732050848790196218e+00 1.732050848790196218e+00 1.732050848790196218e+00 1.732050848790196218e+00 1.732050848790196218e+00 1.732050848790196218e+00 1.732050848790196218e+00 1.732050848790196218e+00 1.732050848790196218e+00 1.732050848790196218e+00 1.732050848790196218e+00 1.732050848790196218e+00 1.732050848790196218e+00 1.732050848790196218e+00 1.732050848790196218e+00 0.000000000000000000e+00 0.000000000000000000e+00 0.000000000000000000e+00 0.000000000000000000e+00 0.000000000000000000e+00 0.000000000000000000e+00 0.000000000000000000e+00 0.000000000000000000e+00 0.000000000000000000e+00 0.000000000000000000e+00 0.000000000000000000e+00 0.000000000000000000e+00 0.000000000000000000e+00 0.000000000000000000e+00 0.000000000000000000e+00 0.000000000000000000e+00 0.000000000000000000e+00 0.000000000000000000e+00 0.000000000000000000e+00 0.000000000000000000e+00 0.000000000000000000e+00 0.000000000000000000e+00 0.000000000000000000e+00 0.000000000000000000e+00 0.000000000000000000e+00 0.000000000000000000e+00 0.000000000000000000e+00 0.000000000000000000e+00 0.000000000000000000e+00 0.000000000000000000e+00 1.732050747145646552e+00 1.732050747145646552e+00 1.732050747145646552e+00 1.732050747145646552e+00 1.732050747145646108e+00 1.732050747145646108e+00 1.732050747145646108e+00 1.732050747145646108e+00 1.732050747145646108e+00 1.732050747145646108e+00 1.732050747145646108e+00 1.732050747145646108e+00 1.732050747145646108e+00 1.732050747145646108e+00 1.732050747145646108e+00 1.732050747145646108e+00 1.732050747145646108e+00 1.732050747145646108e+00 1.732050747145646108e+00 1.732050747145646108e+00 1.732050747145645664e+00 1.732050747145645664e+00 1.732050747145645664e+00 1.732050747145645664e+00 1.732050747145645664e+00 1.732050747145645664e+00 1.732050747145645664e+00 1.732050747145645664e+00 1.732050747145645664e+00 1.732050747145645664e+00
1.732050848790195774e+00 1.732050848790198438e+00 1.732050848790199327e+00 1.732050848790195774e+00 1.732050848790196218e+00 1.732050848790196218e+00 1.732050848790196218e+00 1.732050848790196218e+00 1.732050848790196218e+00 1.732050848790196218e+00 1.732050848790196218e+00 1.732050848790196218e+00 1.732050848790196218e+00 1.732050848790196218e+00 1.732050848790196218e+00 1.732050848790196218e+00 1.732050848790196218e+00 1.732050848790196218e+00 1.732050848790196218e+00 1.732050848790196218e+00 1.732050848790196218e+00 1.732050848790196218e+00 1.732050848790196218e+00 1.732050848790196218e+00 1.732050848790196218e+00 1.732050848790196218e+00 1.732050848790196218e+00 1.732050848790196218e+00 1.732050848790196218e+00 1.732050848790196218e+00 0.000000000000000000e+00 0.000000000000000000e+00 0.000000000000000000e+00 0.000000000000000000e+00 0.000000000000000000e+00 0.000000000000000000e+00 0.000000000000000000e+00 0.000000000000000000e+00 0.000000000000000000e+00 0.000000000000000000e+00 0.000000000000000000e+00 0.000000000000000000e+00 0.000000000000000000e+00 0.000000000000000000e+00 0.000000000000000000e+00 0.000000000000000000e+00 0.000000000000000000e+00 0.000000000000000000e+00 0.000000000000000000e+00 0.000000000000000000e+00 0.000000000000000000e+00 0.000000000000000000e+00 0.000000000000000000e+00 0.000000000000000000e+00 0.000000000000000000e+00 0.000000000000000000e+00 0.000000000000000000e+00 0.000000000000000000e+00 0.000000000000000000e+00 0.000000000000000000e+00 1.732050747145646552e+00 1.732050747145646552e+00 1.732050747145646552e+00 1.732050747145646552e+00 1.732050747145646108e+00 1.732050747145646108e+00 1.732050747145646108e+00 1.732050747145646108e+00 1.732050747145646108e+00 1.732050747145646108e+00 1.732050747145646108e+00 1.732050747145646108e+00 1.732050747145646108e+00 1.732050747145646108e+00 1.732050747145646108e+00 1.732050747145646108e+00 1.732050747145646108e+00 1.732050747145646108e+00 1.732050747145646108e+00 1.732050747145646108e+00 1.732050747145645664e+00 1.732050747145645664e+00 1.732050747145645664e+00 1.732050747145645664e+00 1.732050747145645664e+00 1.732050747145645664e+00 1.732050747145645664e+00 1.732050747145645664e+00 1.732050747145645664e+00 1.732050747145645664e+00
1.732050848790195774e+00 1.732050848790198438e+00 1.732050848790199327e+00 1.732050848790195774e+00 1.732050848790196218e+00 1.732050848790196218e+00 1.732050848790196218e+00 1.732050848790196218e+00 1.732050848790196218e+00 1.732050848790196218e+00 1.732050848790196218e+00 1.732050848790196218e+00 1.732050848790196218e+00 1.732050848790196218e+00 1.732050848790196218e+00 1.732050848790196218e+00 1.732050848790196218e+00 1.732050848790196218e+00 1.732050848790196218e+00 1.732050848790196218e+00 1.732050848790196218e+00 1.732050848790196218e+00 1.732050848790196218e+00 1.732050848790196218e+00 1.732050848790196218e+00 1.732050848790196218e+00 1.732050848790196218e+00 1.732050848790196218e+00 1.732050848790196218e+00 1.732050848790196218e+00 0.000000000000000000e+00 0.000000000000000000e+00 0.000000000000000000e+00 0.000000000000000000e+00 0.000000000000000000e+00 0.000000000000000000e+00 0.000000000000000000e+00 0.000000000000000000e+00 0.000000000000000000e+00 0.000000000000000000e+00 0.000000000000000000e+00 0.000000000000000000e+00 0.000000000000000000e+00 0.000000000000000000e+00 0.000000000000000000e+00 0.000000000000000000e+00 0.000000000000000000e+00 0.000000000000000000e+00 0.000000000000000000e+00 0.000000000000000000e+00 0.000000000000000000e+00 0.000000000000000000e+00 0.000000000000000000e+00 0.000000000000000000e+00 0.000000000000000000e+00 0.000000000000000000e+00 0.000000000000000000e+00 0.000000000000000000e+00 0.000000000000000000e+00 0.000000000000000000e+00 1.732050747145646552e+00 1.732050747145646552e+00 1.732050747145646552e+00 1.732050747145646552e+00 1.732050747145646108e+00 1.732050747145646108e+00 1.732050747145646108e+00 1.732050747145646108e+00 1.732050747145646108e+00 1.732050747145646108e+00 1.732050747145646108e+00 1.732050747145646108e+00 1.732050747145646108e+00 1.732050747145646108e+00 1.732050747145646108e+00 1.732050747145646108e+00 1.732050747145646108e+00 1.732050747145646108e+00 1.732050747145646108e+00 1.732050747145646108e+00 1.732050747145645664e+00 1.732050747145645664e+00 1.732050747145645664e+00 1.732050747145645664e+00 1.732050747145645664e+00 1.732050747145645664e+00 1.732050747145645664e+00 1.732050747145645664e+00 1.732050747145645664e+00 1.732050747145645664e+00
1.732050848790195774e+00 1.732050848790198438e+00 1.732050848790199327e+00 1.732050848790195774e+00 1.732050848790196218e+00 1.732050848790196218e+00 1.732050848790196218e+00 1.732050848790196218e+00 1.732050848790196218e+00 1.732050848790196218e+00 1.732050848790196218e+00 1.732050848790196218e+00 1.732050848790196218e+00 1.732050848790196218e+00 1.732050848790196218e+00 1.732050848790196218e+00 1.732050848790196218e+00 1.732050848790196218e+00 1.732050848790196218e+00 1.732050848790196218e+00 1.732050848790196218e+00 1.732050848790196218e+00 1.732050848790196218e+00 1.732050848790196218e+00 1.732050848790196218e+00 1.732050848790196218e+00 1.732050848790196218e+00 1.732050848790196218e+00 1.732050848790196218e+00 1.732050848790196218e+00 0.000000000000000000e+00 0.000000000000000000e+00 0.000000000000000000e+00 0.000000000000000000e+00 0.000000000000000000e+00 0.000000000000000000e+00 0.000000000000000000e+00 0.000000000000000000e+00 0.000000000000000000e+00 0.000000000000000000e+00 0.000000000000000000e+00 0.000000000000000000e+00 0.000000000000000000e+00 0.000000000000000000e+00 0.000000000000000000e+00 0.000000000000000000e+00 0.000000000000000000e+00 0.000000000000000000e+00 0.000000000000000000e+00 0.000000000000000000e+00 0.000000000000000000e+00 0.000000000000000000e+00 0.000000000000000000e+00 0.000000000000000000e+00 0.000000000000000000e+00 0.000000000000000000e+00 0.000000000000000000e+00 0.000000000000000000e+00 0.000000000000000000e+00 0.000000000000000000e+00 1.732050747145646552e+00 1.732050747145646552e+00 1.732050747145646552e+00 1.732050747145646552e+00 1.732050747145646108e+00 1.732050747145646108e+00 1.732050747145646108e+00 1.732050747145646108e+00 1.732050747145646108e+00 1.732050747145646108e+00 1.732050747145646108e+00 1.732050747145646108e+00 1.732050747145646108e+00 1.732050747145646108e+00 1.732050747145646108e+00 1.732050747145646108e+00 1.732050747145646108e+00 1.732050747145646108e+00 1.732050747145646108e+00 1.732050747145646108e+00 1.732050747145645664e+00 1.732050747145645664e+00 1.732050747145645664e+00 1.732050747145645664e+00 1.732050747145645664e+00 1.732050747145645664e+00 1.732050747145645664e+00 1.732050747145645664e+00 1.732050747145645664e+00 1.732050747145645664e+00
1.732050848790195996e+00 1.732050848790198661e+00 1.732050848790199549e+00 1.732050848790195996e+00 1.732050848790196440e+00 1.732050848790196440e+00 1.732050848790196440e+00 1.732050848790196440e+00 1.732050848790196440e+00 1.732050848790196440e+00 1.732050848790196440e+00 1.732050848790196440e+00 1.732050848790196440e+00 1.732050848790196440e+00 1.732050848790196440e+00 1.732050848790196440e+00 1.732050848790196440e+00 1.732050848790196440e+00 1.732050848790196440e+00 1.732050848790196440e+00 1.732050848790196440e+00 1.732050848790196440e+00 1.732050848790196440e+00 1.732050848790196440e+00 1.732050848790196440e+00 1.732050848790196440e+00 1.732050848790196440e+00 1.732050848790196440e+00 1.732050848790196440e+00 1.732050848790196440e+00 0.000000000000000000e+00 0.000000000000000000e+00 0.000000000000000000e+00 0.000000000000000000e+00 0.000000000000000000e+00 0.000000000000000000e+00 0.000000000000000000e+00 0.000000000000000000e+00 0.000000000000000000e+00 0.000000000000000000e+00 0.000000000000000000e+00 0.000000000000000000e+00 0.000000000000000000e+00 0.000000000000000000e+00 0.000000000000000000e+00 0.000000000000000000e+00 0.000000000000000000e+00 0.000000000000000000e+00 0.000000000000000000e+00 0.000000000000000000e+00 0.000000000000000000e+00 0.000000000000000000e+00 0.000000000000000000e+00 0.000000000000000000e+00 0.000000000000000000e+00 0.000000000000000000e+00 0.000000000000000000e+00 0.000000000000000000e+00 0.000000000000000000e+00 0.000000000000000000e+00 1.732050747145646330e+00 1.732050747145646330e+00 1.732050747145646330e+00 1.732050747145646330e+00 1.732050747145645886e+00 1.732050747145645886e+00 1.732050747145645886e+00 1.732050747145645886e+00 1.732050747145645886e+00 1.732050747145645886e+00 1.732050747145645886e+00 1.732050747145645886e+00 1.732050747145645886e+00 1.732050747145645886e+00 1.732050747145645886e+00 1.732050747145645886e+00 1.732050747145645886e+00 1.732050747145645886e+00 1.732050747145645886e+00 1.732050747145645886e+00 1.732050747145645442e+00 1.732050747145645442e+00 1.732050747145645442e+00 1.732050747145645442e+00 1.732050747145645442e+00 1.732050747145645442e+00 1.732050747145645442e+00 1.732050747145645442e+00 1.732050747145645442e+00 1.732050747145645442e+00
1.732050848790195996e+00 1.732050848790198661e+00 1.732050848790199549e+00 1.732050848790195996e+00 1.732050848790196440e+00 1.732050848790196440e+00 1.732050848790196440e+00 1.732050848790196440e+00 1.732050848790196440e+00 1.732050848790196440e+00 1.732050848790196440e+00 1.732050848790196440e+00 1.732050848790196440e+00 1.732050848790196440e+00 1.732050848790196440e+00 1.732050848790196440e+00 1.732050848790196440e+00 1.732050848790196440e+00 1.732050848790196440e+00 1.732050848790196440e+00 1.732050848790196440e+00 1.732050848790196440e+00 1.732050848790196440e+00 1.732050848790196440e+00 1.732050848790196440e+00 1.732050848790196440e+00 1.732050848790196440e+00 1.732050848790196440e+00 1.732050848790196440e+00 1.732050848790196440e+00 0.000000000000000000e+00 0.000000000000000000e+00 0.000000000000000000e+00 0.000000000000000000e+00 0.000000000000000000e+00 0.000000000000000000e+00 0.000000000000000000e+00 0.000000000000000000e+00 0.000000000000000000e+00 0.000000000000000000e+00 0.000000000000000000e+00 0.000000000000000000e+00 0.000000000000000000e+00 0.000000000000000000e+00 0.000000000000000000e+00 0.000000000000000000e+00 0.000000000000000000e+00 0.000000000000000000e+00 0.000000000000000000e+00 0.000000000000000000e+00 0.000000000000000000e+00 0.000000000000000000e+00 0.000000000000000000e+00 0.000000000000000000e+00 0.000000000000000000e+00 0.000000000000000000e+00 0.000000000000000000e+00 0.000000000000000000e+00 0.000000000000000000e+00 0.000000000000000000e+00 1.732050747145646330e+00 1.732050747145646330e+00 1.732050747145646330e+00 1.732050747145646330e+00 1.732050747145645886e+00 1.732050747145645886e+00 1.732050747145645886e+00 1.732050747145645886e+00 1.732050747145645886e+00 1.732050747145645886e+00 1.732050747145645886e+00 1.732050747145645886e+00 1.732050747145645886e+00 1.732050747145645886e+00 1.732050747145645886e+00 1.732050747145645886e+00 1.732050747145645886e+00 1.732050747145645886e+00 1.732050747145645886e+00 1.732050747145645886e+00 1.732050747145645442e+00 1.732050747145645442e+00 1.732050747145645442e+00 1.732050747145645442e+00 1.732050747145645442e+00 1.732050747145645442e+00 1.732050747145645442e+00 1.732050747145645442e+00 1.732050747145645442e+00 1.732050747145645442e+00
1.732050848790195996e+00 1.732050848790198883e+00 1.732050848790199771e+00 1.732050848790196218e+00 1.732050848790196662e+00 1.732050848790196662e+00 1.732050848790196662e+00 1.732050848790196662e+00 1.732050848790196662e+00 1.732050848790196662e+00 1.732050848790196662e+00 1.732050848790196662e+00 1.732050848790196662e+00 1.732050848790196662e+00 1.732050848790196662e+00 1.732050848790196662e+00 1.732050848790196662e+00 1.732050848790196662e+00 1.732050848790196662e+00 1.732050848790196662e+00 1.732050848790196662e+00 1.732050848790196662e+00 1.732050848790196662e+00 1.732050848790196662e+00 1.732050848790196662e+00 1.732050848790196662e+00 1.732050848790196662e+00 1.732050848790196662e+00 1.732050848790196662e+00 1.732050848790196662e+00 0.000000000000000000e+00 0.000000000000000000e+00 0.000000000000000000e+00 0.000000000000000000e+00 0.000000000000000000e+00 0.000000000000000000e+00 0.000000000000000000e+00 0.000000000000000000e+00 0.000000000000000000e+00 0.000000000000000000e+00 0.000000000000000000e+00 0.000000000000000000e+00 0.000000000000000000e+00 0.000000000000000000e+00 0.000000000000000000e+00 0.000000000000000000e+00 0.000000000000000000e+00 0.000000000000000000e+00 0.000000000000000000e+00 0.000000000000000000e+00 0.000000000000000000e+00 0.000000000000000000e+00 0.000000000000000000e+00 0.000000000000000000e+00 0.000000000000000000e+00 0.000000000000000000e+00 0.000000000000000000e+00 0.000000000000000000e+00 0.000000000000000000e+00 0.000000000000000000e+00 1.732050747145646108e+00 1.732050747145646108e+00 1.732050747145646108e+00 1.732050747145646108e+00 1.732050747145645664e+00 1.732050747145645664e+00 1.732050747145645664e+00 1.732050747145645664e+00 1.732050747145645664e+00 1.732050747145645664e+00 1.732050747145645664e+00 1.732050747145645664e+00 1.732050747145645664e+00 1.732050747145645664e+00 1.732050747145645664e+00 1.732050747145645664e+00 1.732050747145645664e+00 1.732050747145645664e+00 1.732050747145645664e+00 1.732050747145645664e+00 1.732050747145645220e+00 1.732050747145645220e+00 1.732050747145645220e+00 1.732050747145645220e+00 1.732050747145645220e+00 1.732050747145645220e+00 1.732050747145645220e+00 1.732050747145645220e+00 1.732050747145645220e+00 1.732050747145645220e+00
1.732050848790195996e+00 1.732050848790198883e+00 1.732050848790199771e+00 1.732050848790196218e+00 1.732050848790196662e+00 1.732050848790196662e+00 1.732050848790196662e+00 1.732050848790196662e+00 1.732050848790196662e+00 1.732050848790196662e+00 1.732050848790196662e+00 1.732050848790196662e+00 1.732050848790196662e+00 1.732050848790196662e+00 1.732050848790196662e+00 1.732050848790196662e+00 1.732050848790196662e+00 1.732050848790196662e+00 1.732050848790196662e+00 1.732050848790196662e+00 1.732050848790196662e+00 1.732050848790196662e+00 1.732050848790196662e+00 1.732050848790196662e+00 1.732050848790196662e+00 1.732050848790196662e+00 1.732050848790196662e+00 1.732050848790196662e+00 1.732050848790196662e+00 1.732050848790196662e+00 0.000000000000000000e+00 0.000000000000000000e+00 0.000000000000000000e+00 0.000000000000000000e+00 0.000000000000000000e+00 0.000000000000000000e+00 0.000000000000000000e+00 0.000000000000000000e+00 0.000000000000000000e+00 0.000000000000000000e+00 0.000000000000000000e+00 0.000000000000000000e+00 0.000000000000000000e+00 0.000000000000000000e+00 0.000000000000000000e+00 0.000000000000000000e+00 0.000000000000000000e+00 0.000000000000000000e+00 0.000000000000000000e+00 0.000000000000000000e+00 0.000000000000000000e+00 0.000000000000000000e+00 0.000000000000000000e+00 0.000000000000000000e+00 0.000000000000000000e+00 0.000000000000000000e+00 0.000000000000000000e+00 0.000000000000000000e+00 0.000000000000000000e+00 0.000000000000000000e+00 1.732050747145646108e+00 1.732050747145646108e+00 1.732050747145646108e+00 1.732050747145646108e+00 1.732050747145645664e+00 1.732050747145645664e+00 1.732050747145645664e+00 1.732050747145645664e+00 1.732050747145645664e+00 1.732050747145645664e+00 1.732050747145645664e+00 1.732050747145645664e+00 1.732050747145645664e+00 1.732050747145645664e+00 1.732050747145645664e+00 1.732050747145645664e+00 1.732050747145645664e+00 1.732050747145645664e+00 1.732050747145645664e+00 1.732050747145645664e+00 1.732050747145645220e+00 1.732050747145645220e+00 1.732050747145645220e+00 1.732050747145645220e+00 1.732050747145645220e+00 1.732050747145645220e+00 1.732050747145645220e+00 1.732050747145645220e+00 1.732050747145645220e+00 1.732050747145645220e+00
1.732050848790195996e+00 1.732050848790198883e+00 1.732050848790199771e+00 1.732050848790196218e+00 1.732050848790196662e+00 1.732050848790196662e+00 1.732050848790196662e+00 1.732050848790196662e+00 1.732050848790196662e+00 1.732050848790196662e+00 1.732050848790196662e+00 1.732050848790196662e+00 1.732050848790196662e+00 1.732050848790196662e+00 1.732050848790196662e+00 1.732050848790196662e+00 1.732050848790196662e+00 1.732050848790196662e+00 1.732050848790196662e+00 1.732050848790196662e+00 1.732050848790196662e+00 1.732050848790196662e+00 1.732050848790196662e+00 1.732050848790196662e+00 1.732050848790196662e+00 1.732050848790196662e+00 1.732050848790196662e+00 1.732050848790196662e+00 1.732050848790196662e+00 1.732050848790196662e+00 0.000000000000000000e+00 0.000000000000000000e+00 0.000000000000000000e+00 0.000000000000000000e+00 0.000000000000000000e+00 0.000000000000000000e+00 0.000000000000000000e+00 0.000000000000000000e+00 0.000000000000000000e+00 0.000000000000000000e+00 0.000000000000000000e+00 0.000000000000000000e+00 0.000000000000000000e+00 0.000000000000000000e+00 0.000000000000000000e+00 0.000000000000000000e+00 0.000000000000000000e+00 0.000000000000000000e+00 0.000000000000000000e+00 0.000000000000000000e+00 0.000000000000000000e+00 0.000000000000000000e+00 0.000000000000000000e+00 0.000000000000000000e+00 0.000000000000000000e+00 0.000000000000000000e+00 0.000000000000000000e+00 0.000000000000000000e+00 0.000000000000000000e+00 0.000000000000000000e+00 1.732050747145646108e+00 1.732050747145646108e+00 1.732050747145646108e+00 1.732050747145646108e+00 1.732050747145645664e+00 1.732050747145645664e+00 1.732050747145645664e+00 1.732050747145645664e+00 1.732050747145645664e+00 1.732050747145645664e+00 1.732050747145645664e+00 1.732050747145645664e+00 1.732050747145645664e+00 1.732050747145645664e+00 1.732050747145645664e+00 1.732050747145645664e+00 1.732050747145645664e+00 1.732050747145645664e+00 1.732050747145645664e+00 1.732050747145645664e+00 1.732050747145645220e+00 1.732050747145645220e+00 1.732050747145645220e+00 1.732050747145645220e+00 1.732050747145645220e+00 1.732050747145645220e+00 1.732050747145645220e+00 1.732050747145645220e+00 1.732050747145645220e+00 1.732050747145645220e+00
1.732050848790195996e+00 1.732050848790198883e+00 1.732050848790199771e+00 1.732050848790196218e+00 1.732050848790196662e+00 1.732050848790196662e+00 1.732050848790196662e+00 1.732050848790196662e+00 1.732050848790196662e+00 1.732050848790196662e+00 1.732050848790196662e+00 1.732050848790196662e+00 1.732050848790196662e+00 1.732050848790196662e+00 1.732050848790196662e+00 1.732050848790196662e+00 1.732050848790196662e+00 1.732050848790196662e+00 1.732050848790196662e+00 1.732050848790196662e+00 1.732050848790196662e+00 1.732050848790196662e+00 1.732050848790196662e+00 1.732050848790196662e+00 1.732050848790196662e+00 1.732050848790196662e+00 1.732050848790196662e+00 1.732050848790196662e+00 1.732050848790196662e+00 1.732050848790196662e+00 0.000000000000000000e+00 0.000000000000000000e+00 0.000000000000000000e+00 0.000000000000000000e+00 0.000000000000000000e+00 0.000000000000000000e+00 0.000000000000000000e+00 0.000000000000000000e+00 0.000000000000000000e+00 0.000000000000000000e+00 0.000000000000000000e+00 0.000000000000000000e+00 0.000000000000000000e+00 0.000000000000000000e+00 0.000000000000000000e+00 0.000000000000000000e+00 0.000000000000000000e+00 0.000000000000000000e+00 0.000000000000000000e+00 0.000000000000000000e+00 0.000000000000000000e+00 0.000000000000000000e+00 0.000000000000000000e+00 0.000000000000000000e+00 0.000000000000000000e+00 0.000000000000000000e+00 0.000000000000000000e+00 0.000000000000000000e+00 0.000000000000000000e+00 0.000000000000000000e+00 1.732050747145646108e+00 1.732050747145646108e+00 1.732050747145646108e+00 1.732050747145646108e+00 1.732050747145645664e+00 1.732050747145645664e+00 1.732050747145645664e+00 1.732050747145645664e+00 1.732050747145645664e+00 1.732050747145645664e+00 1.732050747145645664e+00 1.732050747145645664e+00 1.732050747145645664e+00 1.732050747145645664e+00 1.732050747145645664e+00 1.732050747145645664e+00 1.732050747145645664e+00 1.732050747145645664e+00 1.732050747145645664e+00 1.732050747145645664e+00 1.732050747145645220e+00 1.732050747145645220e+00 1.732050747145645220e+00 1.732050747145645220e+00 1.732050747145645220e+00 1.732050747145645220e+00 1.732050747145645220e+00 1.732050747145645220e+00 1.732050747145645220e+00 1.732050747145645220e+00
1.732050848790195996e+00 1.732050848790198883e+00 1.732050848790199771e+00 1.732050848790196218e+00 1.732050848790196662e+00 1.732050848790196662e+00 1.732050848790196662e+00 1.732050848790196662e+00 1.732050848790196662e+00 1.732050848790196662e+00 1.732050848790196662e+00 1.732050848790196662e+00 1.732050848790196662e+00 1.732050848790196662e+00 1.732050848790196662e+00 1.732050848790196662e+00 1.732050848790196662e+00 1.732050848790196662e+00 1.732050848790196662e+00 1.732050848790196662e+00 1.732050848790196662e+00 1.732050848790196662e+00 1.732050848790196662e+00 1.732050848790196662e+00 1.732050848790196662e+00 1.732050848790196662e+00 1.732050848790196662e+00 1.732050848790196662e+00 1.732050848790196662e+00 1.732050848790196662e+00 0.000000000000000000e+00 0.000000000000000000e+00 0.000000000000000000e+00 0.000000000000000000e+00 0.000000000000000000e+00 0.000000000000000000e+00 0.000000000000000000e+00 0.000000000000000000e+00 0.000000000000000000e+00 0.000000000000000000e+00 0.000000000000000000e+00 0.000000000000000000e+00 0.000000000000000000e+00 0.000000000000000000e+00 0.000000000000000000e+00 0.000000000000000000e+00 0.000000000000000000e+00 0.000000000000000000e+00 0.000000000000000000e+00 0.000000000000000000e+00 0.000000000000000000e+00 0.000000000000000000e+00 0.000000000000000000e+00 0.000000000000000000e+00 0.000000000000000000e+00 0.000000000000000000e+00 0.000000000000000000e+00 0.000000000000000000e+00 0.000000000000000000e+00 0.000000000000000000e+00 1.732050747145646108e+00 1.732050747145646108e+00 1.732050747145646108e+00 1.732050747145646108e+00 1.732050747145645664e+00 1.732050747145645664e+00 1.732050747145645664e+00 1.732050747145645664e+00 1.732050747145645664e+00 1.732050747145645664e+00 1.732050747145645664e+00 1.732050747145645664e+00 1.732050747145645664e+00 1.732050747145645664e+00 1.732050747145645664e+00 1.732050747145645664e+00 1.732050747145645664e+00 1.732050747145645664e+00 1.732050747145645664e+00 1.732050747145645664e+00 1.732050747145645220e+00 1.732050747145645220e+00 1.732050747145645220e+00 1.732050747145645220e+00 1.732050747145645220e+00 1.732050747145645220e+00 1.732050747145645220e+00 1.732050747145645220e+00 1.732050747145645220e+00 1.732050747145645220e+00
1.732050848790195996e+00 1.732050848790198883e+00 1.732050848790199771e+00 1.732050848790196218e+00 1.732050848790196662e+00 1.732050848790196662e+00 1.732050848790196662e+00 1.732050848790196662e+00 1.732050848790196662e+00 1.732050848790196662e+00 1.732050848790196662e+00 1.732050848790196662e+00 1.732050848790196662e+00 1.732050848790196662e+00 1.732050848790196662e+00 1.732050848790196662e+00 1.732050848790196662e+00 1.732050848790196662e+00 1.732050848790196662e+00 1.732050848790196662e+00 1.732050848790196662e+00 1.732050848790196662e+00 1.732050848790196662e+00 1.732050848790196662e+00 1.732050848790196662e+00 1.732050848790196662e+00 1.732050848790196662e+00 1.732050848790196662e+00 1.732050848790196662e+00 1.732050848790196662e+00 0.000000000000000000e+00 0.000000000000000000e+00 0.000000000000000000e+00 0.000000000000000000e+00 0.000000000000000000e+00 0.000000000000000000e+00 0.000000000000000000e+00 0.000000000000000000e+00 0.000000000000000000e+00 0.000000000000000000e+00 0.000000000000000000e+00 0.000000000000000000e+00 0.000000000000000000e+00 0.000000000000000000e+00 0.000000000000000000e+00 0.000000000000000000e+00 0.000000000000000000e+00 0.000000000000000000e+00 0.000000000000000000e+00 0.000000000000000000e+00 0.000000000000000000e+00 0.000000000000000000e+00 0.000000000000000000e+00 0.000000000000000000e+00 0.000000000000000000e+00 0.000000000000000000e+00 0.000000000000000000e+00 0.000000000000000000e+00 0.000000000000000000e+00 0.000000000000000000e+00 1.732050747145646108e+00 1.732050747145646108e+00 1.732050747145646108e+00 1.732050747145646108e+00 1.732050747145645664e+00 1.732050747145645664e+00 1.732050747145645664e+00 1.732050747145645664e+00 1.732050747145645664e+00 1.732050747145645664e+00 1.732050747145645664e+00 1.732050747145645664e+00 1.732050747145645664e+00 1.732050747145645664e+00 1.732050747145645664e+00 1.732050747145645664e+00 1.732050747145645664e+00 1.732050747145645664e+00 1.732050747145645664e+00 1.732050747145645664e+00 1.732050747145645220e+00 1.732050747145645220e+00 1.732050747145645220e+00 1.732050747145645220e+00 1.732050747145645220e+00 1.732050747145645220e+00 1.732050747145645220e+00 1.732050747145645220e+00 1.732050747145645220e+00 1.732050747145645220e+00
1.732050848790195996e+00 1.732050848790198883e+00 1.732050848790199771e+00 1.732050848790196218e+00 1.732050848790196662e+00 1.732050848790196662e+00 1.732050848790196662e+00 1.732050848790196662e+00 1.732050848790196662e+00 1.732050848790196662e+00 1.732050848790196662e+00 1.732050848790196662e+00 1.732050848790196662e+00 1.732050848790196662e+00 1.732050848790196662e+00 1.732050848790196662e+00 1.732050848790196662e+00 1.732050848790196662e+00 1.732050848790196662e+00 1.732050848790196662e+00 1.732050848790196662e+00 1.732050848790196662e+00 1.732050848790196662e+00 1.732050848790196662e+00 1.732050848790196662e+00 1.732050848790196662e+00 1.732050848790196662e+00 1.732050848790196662e+00 1.732050848790196662e+00 1.732050848790196662e+00 0.000000000000000000e+00 0.000000000000000000e+00 0.000000000000000000e+00 0.000000000000000000e+00 0.000000000000000000e+00 0.000000000000000000e+00 0.000000000000000000e+00 0.000000000000000000e+00 0.000000000000000000e+00 0.000000000000000000e+00 0.000000000000000000e+00 0.000000000000000000e+00 0.000000000000000000e+00 0.000000000000000000e+00 0.000000000000000000e+00 0.000000000000000000e+00 0.000000000000000000e+00 0.000000000000000000e+00 0.000000000000000000e+00 0.000000000000000000e+00 0.000000000000000000e+00 0.000000000000000000e+00 0.000000000000000000e+00 0.000000000000000000e+00 0.000000000000000000e+00 0.000000000000000000e+00 0.000000000000000000e+00 0.000000000000000000e+00 0.000000000000000000e+00 0.000000000000000000e+00 1.732050747145646108e+00 1.732050747145646108e+00 1.732050747145646108e+00 1.732050747145646108e+00 1.732050747145645664e+00 1.732050747145645664e+00 1.732050747145645664e+00 1.732050747145645664e+00 1.732050747145645664e+00 1.732050747145645664e+00 1.732050747145645664e+00 1.732050747145645664e+00 1.732050747145645664e+00 1.732050747145645664e+00 1.732050747145645664e+00 1.732050747145645664e+00 1.732050747145645664e+00 1.732050747145645664e+00 1.732050747145645664e+00 1.732050747145645664e+00 1.732050747145645220e+00 1.732050747145645220e+00 1.732050747145645220e+00 1.732050747145645220e+00 1.732050747145645220e+00 1.732050747145645220e+00 1.732050747145645220e+00 1.732050747145645220e+00 1.732050747145645220e+00 1.732050747145645220e+00
1.732050848790195996e+00 1.732050848790198883e+00 1.732050848790199771e+00 1.732050848790196218e+00 1.732050848790196662e+00 1.732050848790196662e+00 1.732050848790196662e+00 1.732050848790196662e+00 1.732050848790196662e+00 1.732050848790196662e+00 1.732050848790196662e+00 1.732050848790196662e+00 1.732050848790196662e+00 1.732050848790196662e+00 1.732050848790196662e+00 1.732050848790196662e+00 1.732050848790196662e+00 1.732050848790196662e+00 1.732050848790196662e+00 1.732050848790196662e+00 1.732050848790196662e+00 1.732050848790196662e+00 1.732050848790196662e+00 1.732050848790196662e+00 1.732050848790196662e+00 1.732050848790196662e+00 1.732050848790196662e+00 1.732050848790196662e+00 1.732050848790196662e+00 1.732050848790196662e+00 0.000000000000000000e+00 0.000000000000000000e+00 0.000000000000000000e+00 0.000000000000000000e+00 0.000000000000000000e+00 0.000000000000000000e+00 0.000000000000000000e+00 0.000000000000000000e+00 0.000000000000000000e+00 0.000000000000000000e+00 0.000000000000000000e+00 0.000000000000000000e+00 0.000000000000000000e+00 0.000000000000000000e+00 0.000000000000000000e+00 0.000000000000000000e+00 0.000000000000000000e+00 0.000000000000000000e+00 0.000000000000000000e+00 0.000000000000000000e+00 0.000000000000000000e+00 0.000000000000000000e+00 0.000000000000000000e+00 0.000000000000000000e+00 0.000000000000000000e+00 0.000000000000000000e+00 0.000000000000000000e+00 0.000000000000000000e+00 0.000000000000000000e+00 0.000000000000000000e+00 1.732050747145646108e+00 1.732050747145646108e+00 1.732050747145646108e+00 1.732050747145646108e+00 1.732050747145645664e+00 1.732050747145645664e+00 1.732050747145645664e+00 1.732050747145645664e+00 1.732050747145645664e+00 1.732050747145645664e+00 1.732050747145645664e+00 1.732050747145645664e+00 1.732050747145645664e+00 1.732050747145645664e+00 1.732050747145645664e+00 1.732050747145645664e+00 1.732050747145645664e+00 1.732050747145645664e+00 1.732050747145645664e+00 1.732050747145645664e+00 1.732050747145645220e+00 1.732050747145645220e+00 1.732050747145645220e+00 1.732050747145645220e+00 1.732050747145645220e+00 1.732050747145645220e+00 1.732050747145645220e+00 1.732050747145645220e+00 1.732050747145645220e+00 1.732050747145645220e+00
1.732050848790195996e+00 1.732050848790198883e+00 1.732050848790199771e+00 1.732050848790196218e+00 1.732050848790196662e+00 1.732050848790196662e+00 1.732050848790196662e+00 1.732050848790196662e+00 1.732050848790196662e+00 1.732050848790196662e+00 1.732050848790196662e+00 1.732050848790196662e+00 1.732050848790196662e+00 1.732050848790196662e+00 1.732050848790196662e+00 1.732050848790196662e+00 1.732050848790196662e+00 1.732050848790196662e+00 1.732050848790196662e+00 1.732050848790196662e+00 1.732050848790196662e+00 1.732050848790196662e+00 1.732050848790196662e+00 1.732050848790196662e+00 1.732050848790196662e+00 1.732050848790196662e+00 1.732050848790196662e+00 1.732050848790196662e+00 1.732050848790196662e+00 1.732050848790196662e+00 0.000000000000000000e+00 0.000000000000000000e+00 0.000000000000000000e+00 0.000000000000000000e+00 0.000000000000000000e+00 0.000000000000000000e+00 0.000000000000000000e+00 0.000000000000000000e+00 0.000000000000000000e+00 0.000000000000000000e+00 0.000000000000000000e+00 0.000000000000000000e+00 0.000000000000000000e+00 0.000000000000000000e+00 0.000000000000000000e+00 0.000000000000000000e+00 0.000000000000000000e+00 0.000000000000000000e+00 0.000000000000000000e+00 0.000000000000000000e+00 0.000000000000000000e+00 0.000000000000000000e+00 0.000000000000000000e+00 0.000000000000000000e+00 0.000000000000000000e+00 0.000000000000000000e+00 0.000000000000000000e+00 0.000000000000000000e+00 0.000000000000000000e+00 0.000000000000000000e+00 1.732050747145646108e+00 1.732050747145646108e+00 1.732050747145646108e+00 1.732050747145646108e+00 1.732050747145645664e+00 1.732050747145645664e+00 1.732050747145645664e+00 1.732050747145645664e+00 1.732050747145645664e+00 1.732050747145645664e+00 1.732050747145645664e+00 1.732050747145645664e+00 1.732050747145645664e+00 1.732050747145645664e+00 1.732050747145645664e+00 1.732050747145645664e+00 1.732050747145645664e+00 1.732050747145645664e+00 1.732050747145645664e+00 1.732050747145645664e+00 1.732050747145645220e+00 1.732050747145645220e+00 1.732050747145645220e+00 1.732050747145645220e+00 1.732050747145645220e+00 1.732050747145645220e+00 1.732050747145645220e+00 1.732050747145645220e+00 1.732050747145645220e+00 1.732050747145645220e+00
1.732050848790195996e+00 1.732050848790198883e+00 1.732050848790199771e+00 1.732050848790196218e+00 1.732050848790196662e+00 1.732050848790196662e+00 1.732050848790196662e+00 1.732050848790196662e+00 1.732050848790196662e+00 1.732050848790196662e+00 1.732050848790196662e+00 1.732050848790196662e+00 1.732050848790196662e+00 1.732050848790196662e+00 1.732050848790196662e+00 1.732050848790196662e+00 1.732050848790196662e+00 1.732050848790196662e+00 1.732050848790196662e+00 1.732050848790196662e+00 1.732050848790196662e+00 1.732050848790196662e+00 1.732050848790196662e+00 1.732050848790196662e+00 1.732050848790196662e+00 1.732050848790196662e+00 1.732050848790196662e+00 1.732050848790196662e+00 1.732050848790196662e+00 1.732050848790196662e+00 0.000000000000000000e+00 0.000000000000000000e+00 0.000000000000000000e+00 0.000000000000000000e+00 0.000000000000000000e+00 0.000000000000000000e+00 0.000000000000000000e+00 0.000000000000000000e+00 0.000000000000000000e+00 0.000000000000000000e+00 0.000000000000000000e+00 0.000000000000000000e+00 0.000000000000000000e+00 0.000000000000000000e+00 0.000000000000000000e+00 0.000000000000000000e+00 0.000000000000000000e+00 0.000000000000000000e+00 0.000000000000000000e+00 0.000000000000000000e+00 0.000000000000000000e+00 0.000000000000000000e+00 0.000000000000000000e+00 0.000000000000000000e+00 0.000000000000000000e+00 0.000000000000000000e+00 0.000000000000000000e+00 0.000000000000000000e+00 0.000000000000000000e+00 0.000000000000000000e+00 1.732050747145646108e+00 1.732050747145646108e+00 1.732050747145646108e+00 1.732050747145646108e+00 1.732050747145645664e+00 1.732050747145645664e+00 1.732050747145645664e+00 1.732050747145645664e+00 1.732050747145645664e+00 1.732050747145645664e+00 1.732050747145645664e+00 1.732050747145645664e+00 1.732050747145645664e+00 1.732050747145645664e+00 1.732050747145645664e+00 1.732050747145645664e+00 1.732050747145645664e+00 1.732050747145645664e+00 1.732050747145645664e+00 1.732050747145645664e+00 1.732050747145645220e+00 1.732050747145645220e+00 1.732050747145645220e+00 1.732050747145645220e+00 1.732050747145645220e+00 1.732050747145645220e+00 1.732050747145645220e+00 1.732050747145645220e+00 1.732050747145645220e+00 1.732050747145645220e+00
1.732050848790195996e+00 1.732050848790198883e+00 1.732050848790199771e+00 1.732050848790196218e+00 1.732050848790196662e+00 1.732050848790196662e+00 1.732050848790196662e+00 1.732050848790196662e+00 1.732050848790196662e+00 1.732050848790196662e+00 1.732050848790196662e+00 1.732050848790196662e+00 1.732050848790196662e+00 1.732050848790196662e+00 1.732050848790196662e+00 1.732050848790196662e+00 1.732050848790196662e+00 1.732050848790196662e+00 1.732050848790196662e+00 1.732050848790196662e+00 1.732050848790196662e+00 1.732050848790196662e+00 1.732050848790196662e+00 1.732050848790196662e+00 1.732050848790196662e+00 1.732050848790196662e+00 1.732050848790196662e+00 1.732050848790196662e+00 1.732050848790196662e+00 1.732050848790196662e+00 0.000000000000000000e+00 0.000000000000000000e+00 0.000000000000000000e+00 0.000000000000000000e+00 0.000000000000000000e+00 0.000000000000000000e+00 0.000000000000000000e+00 0.000000000000000000e+00 0.000000000000000000e+00 0.000000000000000000e+00 0.000000000000000000e+00 0.000000000000000000e+00 0.000000000000000000e+00 0.000000000000000000e+00 0.000000000000000000e+00 0.000000000000000000e+00 0.000000000000000000e+00 0.000000000000000000e+00 0.000000000000000000e+00 0.000000000000000000e+00 0.000000000000000000e+00 0.000000000000000000e+00 0.000000000000000000e+00 0.000000000000000000e+00 0.000000000000000000e+00 0.000000000000000000e+00 0.000000000000000000e+00 0.000000000000000000e+00 0.000000000000000000e+00 0.000000000000000000e+00 1.732050747145646108e+00 1.732050747145646108e+00 1.732050747145646108e+00 1.732050747145646108e+00 1.732050747145645664e+00 1.732050747145645664e+00 1.732050747145645664e+00 1.732050747145645664e+00 1.732050747145645664e+00 1.732050747145645664e+00 1.732050747145645664e+00 1.732050747145645664e+00 1.732050747145645664e+00 1.732050747145645664e+00 1.732050747145645664e+00 1.732050747145645664e+00 1.732050747145645664e+00 1.732050747145645664e+00 1.732050747145645664e+00 1.732050747145645664e+00 1.732050747145645220e+00 1.732050747145645220e+00 1.732050747145645220e+00 1.732050747145645220e+00 1.732050747145645220e+00 1.732050747145645220e+00 1.732050747145645220e+00 1.732050747145645220e+00 1.732050747145645220e+00 1.732050747145645220e+00
1.732050848790195996e+00 1.732050848790198661e+00 1.732050848790199549e+00 1.732050848790195996e+00 1.732050848790196440e+00 1.732050848790196440e+00 1.732050848790196440e+00 1.732050848790196440e+00 1.732050848790196440e+00 1.732050848790196440e+00 1.732050848790196440e+00 1.732050848790196440e+00 1.732050848790196440e+00 1.732050848790196440e+00 1.732050848790196440e+00 1.732050848790196440e+00 1.732050848790196440e+00 1.732050848790196440e+00 1.732050848790196440e+00 1.732050848790196440e+00 1.732050848790196440e+00 1.732050848790196440e+00 1.732050848790196440e+00 1.732050848790196440e+00 1.732050848790196440e+00 1.732050848790196440e+00 1.732050848790196440e+00 1.732050848790196440e+00 1.732050848790196440e+00 1.732050848790196440e+00 0.000000000000000000e+00 0.000000000000000000e+00 0.000000000000000000e+00 0.000000000000000000e+00 0.000000000000000000e+00 0.000000000000000000e+00 0.000000000000000000e+00 0.000000000000000000e+00 0.000000000000000000e+00 0.000000000000000000e+00 0.000000000000000000e+00 0.000000000000000000e+00 0.000000000000000000e+00 0.000000000000000000e+00 0.000000000000000000e+00 0.000000000000000000e+00 0.000000000000000000e+00 0.000000000000000000e+00 0.000000000000000000e+00 0.000000000000000000e+00 0.000000000000000000e+00 0.000000000000000000e+00 0.000000000000000000e+00 0.000000000000000000e+00 0.000000000000000000e+00 0.000000000000000000e+00 0.000000000000000000e+00 0.000000000000000000e+00 0.000000000000000000e+00 0.000000000000000000e+00 1.732050747145646330e+00 1.732050747145646330e+00 1.732050747145646330e+00 1.732050747145646330e+00 1.732050747145645886e+00 1.732050747145645886e+00 1.732050747145645886e+00 1.732050747145645886e+00 1.732050747145645886e+00 1.732050747145645886e+00 1.732050747145645886e+00 1.732050747145645886e+00 1.732050747145645886e+00 1.732050747145645886e+00 1.732050747145645886e+00 1.732050747145645886e+00 1.732050747145645886e+00 1.732050747145645886e+00 1.732050747145645886e+00 1.732050747145645886e+00 1.732050747145645442e+00 1.732050747145645442e+00 1.732050747145645442e+00 1.732050747145645442e+00 1.732050747145645442e+00 1.732050747145645442e+00 1.732050747145645442e+00 1.732050747145645442e+00 1.732050747145645442e+00 1.732050747145645442e+00
1.732050826770784813e+00 1.732050826770782148e+00 1.732050826770781038e+00 1.732050826770784591e+00 1.732050826770784369e+00 1.732050826770784369e+00 1.732050826770784369e+00 1.732050826770784369e+00 1.732050826770784369e+00 1.732050826770784369e+00 1.732050826770784369e+00 1.732050826770784369e+00 1.732050826770784369e+00 1.732050826770784369e+00 1.732050826770784369e+00 1.732050826770784369e+00 1.732050826770784369e+00 1.732050826770784369e+00 1.732050826770784369e+00 1.732050826770784369e+00 1.732050826770784369e+00 1.732050826770784369e+00 1.732050826770784369e+00 1.732050826770784369e+00 1.732050826770784369e+00 1.732050826770784369e+00 1.732050826770784369e+00 1.732050826770784369e+00 1.732050826770784369e+00 1.732050826770784369e+00 1.732050747145647884e+00 1.732050747145647662e+00 1.732050747145647218e+00 1.732050747145647218e+00 1.732050747145647218e+00 1.732050747145647218e+00 1.732050747145646996e+00 1.732050747145646996e+00 1.732050747145646774e+00 1.732050747145646774e+00 1.732050747145646552e+00 1.732050747145646552e+00 1.732050747145646552e+00 1.732050747145646552e+00 1.732050747145646552e+00 1.732050747145646552e+00 1.732050747145646330e+00 1.732050747145646330e+00 1.732050747145646108e+00 1.732050747145646108e+00 1.732050747145646108e+00 1.732050747145646108e+00 1.732050747145646108e+00 1.732050747145646108e+00 1.732050747145646108e+00 1.732050747145646108e+00 1.732050747145646108e+00 1.732050747145646108e+00 1.732050747145646108e+00 1.732050747145646330e+00 0.000000000000000000e+00 0.000000000000000000e+00 0.000000000000000000e+00 0.000000000000000000e+00 0.000000000000000000e+00 0.000000000000000000e+00 0.000000000000000000e+00 0.000000000000000000e+00 0.000000000000000000e+00 0.000000000000000000e+00 0.000000000000000000e+00 0.000000000000000000e+00 0.000000000000000000e+00 0.000000000000000000e+00 0.000000000000000000e+00 0.000000000000000000e+00 0.000000000000000000e+00 0.000000000000000000e+00 0.000000000000000000e+00 0.000000000000000000e+00 0.000000000000000000e+00 0.000000000000000000e+00 0.000000000000000000e+00 0.000000000000000000e+00 0.000000000000000000e+00 0.000000000000000000e+00 0.000000000000000000e+00 0.000000000000000000e+00 0.000000000000000000e+00 0.000000000000000000e+00
1.732050826770784813e+00 1.732050826770782148e+00 1.732050826770781038e+00 1.732050826770784591e+00 1.732050826770784369e+00 1.732050826770784369e+00 1.732050826770784369e+00 1.732050826770784369e+00 1.732050826770784369e+00 1.732050826770784369e+00 1.732050826770784369e+00 1.732050826770784369e+00 1.732050826770784369e+00 1.732050826770784369e+00 1.732050826770784369e+00 1.732050826770784369e+00 1.732050826770784369e+00 1.732050826770784369e+00 1.732050826770784369e+00 1.732050826770784369e+00 1.732050826770784369e+00 1.732050826770784369e+00 1.732050826770784369e+00 1.732050826770784369e+00 1.732050826770784369e+00 1.732050826770784369e+00 1.732050826770784369e+00 1.732050826770784369e+00 1.732050826770784369e+00 1.732050826770784369e+00 1.732050747145647884e+00 1.732050747145647662e+00 1.732050747145647218e+00 1.732050747145647218e+00 1.732050747145647218e+00 1.732050747145647218e+00 1.732050747145646996e+00 1.732050747145646996e+00 1.732050747145646774e+00 1.732050747145646774e+00 1.732050747145646552e+00 1.732050747145646552e+00 1.732050747145646552e+00 1.732050747145646552e+00 1.732050747145646552e+00 1.732050747145646552e+00 1.732050747145646330e+00 1.732050747145646330e+00 1.732050747145646108e+00 1.732050747145646108e+00 1.732050747145646108e+00 1.732050747145646108e+00 1.732050747145646108e+00 1.732050747145646108e+00 1.732050747145646108e+00 1.732050747145646108e+00 1.732050747145646108e+00 1.732050747145646108e+00 1.732050747145646108e+00 1.732050747145646330e+00 0.000000000000000000e+00 0.000000000000000000e+00 0.000000000000000000e+00 0.000000000000000000e+00 0.000000000000000000e+00 0.000000000000000000e+00 0.000000000000000000e+00 0.000000000000000000e+00 0.000000000000000000e+00 0.000000000000000000e+00 0.000000000000000000e+00 0.000000000000000000e+00 0.000000000000000000e+00 0.000000000000000000e+00 0.000000000000000000e+00 0.000000000000000000e+00 0.000000000000000000e+00 0.000000000000000000e+00 0.000000000000000000e+00 0.000000000000000000e+00 0.000000000000000000e+00 0.000000000000000000e+00 0.000000000000000000e+00 0.000000000000000000e+00 0.000000000000000000e+00 0.000000000000000000e+00 0.000000000000000000e+00 0.000000000000000000e+00 0.000000000000000000e+00 0.000000000000000000e+00
1.732050826770784813e+00 1.732050826770782148e+00 1.732050826770781038e+00 1.732050826770784591e+00 1.732050826770784369e+00 1.732050826770784369e+00 1.732050826770784369e+00 1.732050826770784369e+00 1.732050826770784369e+00 1.732050826770784369e+00 1.732050826770784369e+00 1.732050826770784369e+00 1.732050826770784369e+00 1.732050826770784369e+00 1.732050826770784369e+00 1.732050826770784369e+00 1.732050826770784369e+00 1.732050826770784369e+00 1.732050826770784369e+00 1.732050826770784369e+00 1.732050826770784369e+00 1.732050826770784369e+00 1.732050826770784369e+00 1.732050826770784369e+00 1.732050826770784369e+00 1.732050826770784369e+00 1.732050826770784369e+00 1.732050826770784369e+00 1.732050826770784369e+00 1.732050826770784369e+00 1.732050747145647884e+00 1.732050747145647662e+00 1.732050747145647218e+00 1.732050747145647218e+00 1.732050747145647218e+00 1.732050747145647218e+00 1.732050747145646996e+00 1.732050747145646996e+00 1.732050747145646774e+00 1.732050747145646774e+00 1.732050747145646552e+00 1.732050747145646552e+00 1.732050747145646552e+00 1.732050747145646552e+00 1.732050747145646552e+00 1.732050747145646552e+00 1.732050747145646330e+00 1.732050747145646330e+00 1.732050747145646108e+00 1.732050747145646108e+00 1.732050747145646108e+00 1.732050747145646108e+00 1.732050747145646108e+00 1.732050747145646108e+00 1.732050747145646108e+00 1.732050747145646108e+00 1.732050747145646108e+00 1.732050747145646108e+00 1.732050747145646108e+00 1.732050747145646330e+00 0.000000000000000000e+00 0.000000000000000000e+00 0.000000000000000000e+00 0.000000000000000000e+00 0.000000000000000000e+00 0.000000000000000000e+00 0.000000000000000000e+00 0.000000000000000000e+00 0.000000000000000000e+00 0.000000000000000000e+00 0.000000000000000000e+00 0.000000000000000000e+00 0.000000000000000000e+00 0.000000000000000000e+00 0.000000000000000000e+00 0.000000000000000000e+00 0.000000000000000000e+00 0.000000000000000000e+00 0.000000000000000000e+00 0.000000000000000000e+00 0.000000000000000000e+00 0.000000000000000000e+00 0.000000000000000000e+00 0.000000000000000000e+00 0.000000000000000000e+00 0.000000000000000000e+00 0.000000000000000000e+00 0.000000000000000000e+00 0.000000000000000000e+00 0.000000000000000000e+00
1.732050826770784813e+00 1.732050826770782148e+00 1.732050826770781038e+00 1.732050826770784591e+00 1.732050826770784369e+00 1.732050826770784369e+00 1.732050826770784369e+00 1.732050826770784369e+00 1.732050826770784369e+00 1.732050826770784369e+00 1.732050826770784369e+00 1.732050826770784369e+00 1.732050826770784369e+00 1.732050826770784369e+00 1.732050826770784369e+00 1.732050826770784369e+00 1.732050826770784369e+00 1.732050826770784369e+00 1.732050826770784369e+00 1.732050826770784369e+00 1.732050826770784369e+00 1.732050826770784369e+00 1.732050826770784369e+00 1.732050826770784369e+00 1.732050826770784369e+00 1.732050826770784369e+00 1.732050826770784369e+00 1.732050826770784369e+00 1.732050826770784369e+00 1.732050826770784369e+00 1.732050747145647884e+00 1.732050747145647662e+00 1.732050747145647218e+00 1.732050747145647218e+00 1.732050747145647218e+00 1.732050747145647218e+00 1.732050747145646996e+00 1.732050747145646996e+00 1.732050747145646774e+00 1.732050747145646774e+00 1.732050747145646552e+00 1.732050747145646552e+00 1.732050747145646552e+00 1.732050747145646552e+00 1.732050747145646552e+00 1.732050747145646552e+00 1.732050747145646330e+00 1.732050747145646330e+00 1.732050747145646108e+00 1.732050747145646108e+00 1.732050747145646108e+00 1.732050747145646108e+00 1.732050747145646108e+00 1.732050747145646108e+00 1.732050747145646108e+00 1.732050747145646108e+00 1.732050747145646108e+00 1.732050747145646108e+00 1.732050747145646108e+00 1.732050747145646330e+00 0.000000000000000000e+00 0.000000000000000000e+00 0.000000000000000000e+00 0.000000000000000000e+00 0.000000000000000000e+00 0.000000000000000000e+00 0.000000000000000000e+00 0.000000000000000000e+00 0.000000000000000000e+00 0.000000000000000000e+00 0.000000000000000000e+00 0.000000000000000000e+00 0.000000000000000000e+00 0.000000000000000000e+00 0.000000000000000000e+00 0.000000000000000000e+00 0.000000000000000000e+00 0.000000000000000000e+00 0.000000000000000000e+00 0.000000000000000000e+00 0.000000000000000000e+00 0.000000000000000000e+00 0.000000000000000000e+00 0.000000000000000000e+00 0.000000000000000000e+00 0.000000000000000000e+00 0.000000000000000000e+00 0.000000000000000000e+00 0.000000000000000000e+00 0.000000000000000000e+00
1.732050826770785035e+00 1.732050826770782370e+00 1.732050826770781482e+00 1.732050826770785035e+00 1.732050826770784591e+00 1.732050826770784591e+00 1.732050826770784591e+00 1.732050826770784591e+00 1.732050826770784591e+00 1.732050826770784591e+00 1.732050826770784591e+00 1.732050826770784591e+00 1.732050826770784591e+00 1.732050826770784591e+00 1.732050826770784591e+00 1.732050826770784591e+00 1.732050826770784591e+00 1.732050826770784591e+00 1.732050826770784591e+00 1.732050826770784591e+00 1.732050826770784591e+00 1.732050826770784591e+00 1.732050826770784591e+00 1.732050826770784591e+00 1.732050826770784591e+00 1.732050826770784591e+00 1.732050826770784591e+00 1.732050826770784591e+00 1.732050826770784591e+00 1.732050826770784591e+00 1.732050747145647218e+00 1.732050747145647218e+00 1.732050747145646996e+00 1.732050747145646996e+00 1.732050747145646774e+00 1.732050747145646774e+00 1.732050747145646552e+00 1.732050747145646552e+00 1.732050747145646330e+00 1.732050747145646330e+00 1.732050747145646108e+00 1.732050747145646108e+00 1.732050747145646108e+00 1.732050747145646108e+00 1.732050747145646108e+00 1.732050747145646108e+00 1.732050747145645886e+00 1.732050747145645886e+00 1.732050747145645664e+00 1.732050747145645664e+00 1.732050747145645664e+00 1.732050747145645664e+00 1.732050747145645664e+00 1.732050747145645664e+00 1.732050747145645664e+00 1.732050747145645664e+00 1.732050747145645664e+00 1.732050747145645664e+00 1.732050747145645664e+00 1.732050747145645886e+00 0.000000000000000000e+00 0.000000000000000000e+00 0.000000000000000000e+00 0.000000000000000000e+00 0.000000000000000000e+00 0.000000000000000000e+00 0.000000000000000000e+00 0.000000000000000000e+00 0.000000000000000000e+00 0.000000000000000000e+00 0.000000000000000000e+00 0.000000000000000000e+00 0.000000000000000000e+00 0.000000000000000000e+00 0.000000000000000000e+00 0.000000000000000000e+00 0.000000000000000000e+00 0.000000000000000000e+00 0.000000000000000000e+00 0.000000000000000000e+00 0.000000000000000000e+00 0.000000000000000000e+00 0.000000000000000000e+00 0.000000000000000000e+00 0.000000000000000000e+00 0.000000000000000000e+00 0.000000000000000000e+00 0.000000000000000000e+00 0.000000000000000000e+00 0.000000000000000000e+00
1.732050826770785035e+00 1.732050826770782370e+00 1.732050826770781482e+00 1.732050826770785035e+00 1.732050826770784591e+00 1.732050826770784591e+00 1.732050826770784591e+00 1.732050826770784591e+00 1.732050826770784591e+00 1.732050826770784591e+00 1.732050826770784591e+00 1.732050826770784591e+00 1.732050826770784591e+00 1.732050826770784591e+00 1.732050826770784591e+00 1.732050826770784591e+00 1.732050826770784591e+00 1.732050826770784591e+00 1.732050826770784591e+00 1.732050826770784591e+00 1.732050826770784591e+00 1.732050826770784591e+00 1.732050826770784591e+00 1.732050826770784591e+00 1.732050826770784591e+00 1.732050826770784591e+00 1.732050826770784591e+00 1.732050826770784591e+00 1.732050826770784591e+00 1.732050826770784591e+00 1.732050747145647218e+00 1.732050747145647218e+00 1.732050747145646996e+00 1.732050747145646996e+00 1.732050747145646774e+00 1.732050747145646774e+00 1.732050747145646552e+00 1.732050747145646552e+00 1.732050747145646330e+00 1.732050747145646330e+00 1.732050747145646108e+00 1.732050747145646108e+00 1.732050747145646108e+00 1.732050747145646108e+00 1.732050747145646108e+00 1.732050747145646108e+00 1.732050747145645886e+00 1.732050747145645886e+00 1.732050747145645664e+00 1.732050747145645664e+00 1.732050747145645664e+00 1.732050747145645664e+00 1.732050747145645664e+00 1.732050747145645664e+00 1.732050747145645664e+00 1.732050747145645664e+00 1.732050747145645664e+00 1.732050747145645664e+00 1.732050747145645664e+00 1.732050747145645886e+00 0.000000000000000000e+00 0.000000000000000000e+00 0.000000000000000000e+00 0.000000000000000000e+00 0.000000000000000000e+00 0.000000000000000000e+00 0.000000000000000000e+00 0.000000000000000000e+00 0.000000000000000000e+00 0.000000000000000000e+00 0.000000000000000000e+00 0.000000000000000000e+00 0.000000000000000000e+00 0.000000000000000000e+00 0.000000000000000000e+00 0.000000000000000000e+00 0.000000000000000000e+00 0.000000000000000000e+00 0.000000000000000000e+00 0.000000000000000000e+00 0.000000000000000000e+00 0.000000000000000000e+00 0.000000000000000000e+00 0.000000000000000000e+00 0.000000000000000000e+00 0.000000000000000000e+00 0.000000000000000000e+00 0.000000000000000000e+00 0.000000000000000000e+00 0.000000000000000000e+00
1.732050826770785035e+00 1.732050826770782370e+00 1.732050826770781482e+00 1.732050826770785035e+00 1.732050826770784591e+00 1.732050826770784591e+00 1.732050826770784591e+00 1.732050826770784591e+00 1.732050826770784591e+00 1.732050826770784591e+00 1.732050826770784591e+00 1.732050826770784591e+00 1.732050826770784591e+00 1.732050826770784591e+00 1.732050826770784591e+00 1.732050826770784591e+00 1.732050826770784591e+00 1.732050826770784591e+00 1.732050826770784591e+00 1.732050826770784591e+00 1.732050826770784591e+00 1.732050826770784591e+00 1.732050826770784591e+00 1.732050826770784591e+00 1.732050826770784591e+00 1.732050826770784591e+00 1.732050826770784591e+00 1.732050826770784591e+00 1.732050826770784591e+00 1.732050826770784591e+00 1.732050747145647218e+00 1.732050747145647218e+00 1.732050747145646996e+00 1.732050747145646996e+00 1.732050747145646774e+00 1.732050747145646774e+00 1.732050747145646552e+00 1.732050747145646552e+00 1.732050747145646330e+00 1.732050747145646330e+00 1.732050747145646108e+00 1.732050747145646108e+00 1.732050747145646108e+00 1.732050747145646108e+00 1.732050747145646108e+00 1.732050747145646108e+00 1.732050747145645886e+00 1.732050747145645886e+00 1.732050747145645664e+00 1.732050747145645664e+00 1.732050747145645664e+00 1.732050747145645664e+00 1.732050747145645664e+00 1.732050747145645664e+00 1.732050747145645664e+00 1.732050747145645664e+00 1.732050747145645664e+00 1.732050747145645664e+00 1.732050747145645664e+00 1.732050747145645886e+00 0.000000000000000000e+00 0.000000000000000000e+00 0.000000000000000000e+00 0.000000000000000000e+00 0.000000000000000000e+00 0.000000000000000000e+00 0.000000000000000000e+00 0.000000000000000000e+00 0.000000000000000000e+00 0.000000000000000000e+00 0.000000000000000000e+00 0.000000000000000000e+00 0.000000000000000000e+00 0.000000000000000000e+00 0.000000000000000000e+00 0.000000000000000000e+00 0.000000000000000000e+00 0.000000000000000000e+00 0.000000000000000000e+00 0.000000000000000000e+00 0.000000000000000000e+00 0.000000000000000000e+00 0.000000000000000000e+00 0.000000000000000000e+00 0.000000000000000000e+00 0.000000000000000000e+00 0.000000000000000000e+00 0.000000000000000000e+00 0.000000000000000000e+00 0.000000000000000000e+00
1.732050826770785035e+00 1.732050826770782370e+00 1.732050826770781482e+00 1.732050826770785035e+00 1.732050826770784591e+00 1.732050826770784591e+00 1.732050826770784591e+00 1.732050826770784591e+00 1.732050826770784591e+00 1.732050826770784591e+00 1.732050826770784591e+00 1.732050826770784591e+00 1.732050826770784591e+00 1.732050826770784591e+00 1.732050826770784591e+00 1.732050826770784591e+00 1.732050826770784591e+00 1.732050826770784591e+00 1.732050826770784591e+00 1.732050826770784591e+00 1.732050826770784591e+00 1.732050826770784591e+00 1.732050826770784591e+00 1.732050826770784591e+00 1.732050826770784591e+00 1.732050826770784591e+00 1.732050826770784591e+00 1.732050826770784591e+00 1.732050826770784591e+00 1.732050826770784591e+00 1.732050747145647218e+00 1.732050747145647218e+00 1.732050747145646996e+00 1.732050747145646996e+00 1.732050747145646774e+00 1.732050747145646774e+00 1.732050747145646552e+00 1.732050747145646552e+00 1.732050747145646330e+00 1.732050747145646330e+00 1.732050747145646108e+00 1.732050747145646108e+00 1.732050747145646108e+00 1.732050747145646108e+00 1.732050747145646108e+00 1.732050747145646108e+00 1.732050747145645886e+00 1.732050747145645886e+00 1.732050747145645664e+00 1.732050747145645664e+00 1.732050747145645664e+00 1.732050747145645664e+00 1.732050747145645664e+00 1.732050747145645664e+00 1.732050747145645664e+00 1.732050747145645664e+00 1.732050747145645664e+00 1.732050747145645664e+00 1.732050747145645664e+00 1.732050747145645886e+00 0.000000000000000000e+00 0.000000000000000000e+00 0.000000000000000000e+00 0.000000000000000000e+00 0.000000000000000000e+00 0.000000000000000000e+00 0.000000000000000000e+00 0.000000000000000000e+00 0.000000000000000000e+00 0.000000000000000000e+00 0.000000000000000000e+00 0.000000000000000000e+00 0.000000000000000000e+00 0.000000000000000000e+00 0.000000000000000000e+00 0.000000000000000000e+00 0.000000000000000000e+00 0.000000000000000000e+00 0.000000000000000000e+00 0.000000000000000000e+00 0.000000000000000000e+00 0.000000000000000000e+00 0.000000000000000000e+00 0.000000000000000000e+00 0.000000000000000000e+00 0.000000000000000000e+00 0.000000000000000000e+00 0.000000000000000000e+00 0.000000000000000000e+00 0.000000000000000000e+00
1.732050826770785035e+00 1.732050826770782370e+00 1.732050826770781482e+00 1.732050826770785035e+00 1.732050826770784591e+00 1.732050826770784591e+00 1.732050826770784591e+00 1.732050826770784591e+00 1.732050826770784591e+00 1.732050826770784591e+00 1.732050826770784591e+00 1.732050826770784591e+00 1.732050826770784591e+00 1.732050826770784591e+00 1.732050826770784591e+00 1.732050826770784591e+00 1.732050826770784591e+00 1.732050826770784591e+00 1.732050826770784591e+00 1.732050826770784591e+00 1.732050826770784591e+00 1.732050826770784591e+00 1.732050826770784591e+00 1.732050826770784591e+00 1.732050826770784591e+00 1.732050826770784591e+00 1.732050826770784591e+00 1.732050826770784591e+00 1.732050826770784591e+00 1.732050826770784591e+00 1.732050747145647218e+00 1.732050747145647218e+00 1.732050747145646996e+00 1.732050747145646996e+00 1.732050747145646774e+00 1.732050747145646774e+00 1.732050747145646552e+00 1.732050747145646552e+00 1.732050747145646330e+00 1.732050747145646330e+00 1.732050747145646108e+00 1.732050747145646108e+00 1.732050747145646108e+00 1.732050747145646108e+00 1.732050747145646108e+00 1.732050747145646108e+00 1.732050747145645886e+00 1.732050747145645886e+00 1.732050747145645664e+00 1.732050747145645664e+00 1.732050747145645664e+00 1.732050747145645664e+00 1.732050747145645664e+00 1.732050747145645664e+00 1.732050747145645664e+00 1.732050747145645664e+00 1.732050747145645664e+00 1.732050747145645664e+00 1.732050747145645664e+00 1.732050747145645886e+00 0.000000000000000000e+00 0.000000000000000000e+00 0.000000000000000000e+00 0.000000000000000000e+00 0.000000000000000000e+00 0.000000000000000000e+00 0.000000000000000000e+00 0.000000000000000000e+00 0.000000000000000000e+00 0.000000000000000000e+00 0.000000000000000000e+00 0.000000000000000000e+00 0.000000000000000000e+00 0.000000000000000000e+00 0.000000000000000000e+00 0.000000000000000000e+00 0.000000000000000000e+00 0.000000000000000000e+00 0.000000000000000000e+00 0.000000000000000000e+00 0.000000000000000000e+00 0.000000000000000000e+00 0.000000000000000000e+00 0.000000000000000000e+00 0.000000000000000000e+00 0.000000000000000000e+00 0.000000000000000000e+00 0.000000000000000000e+00 0.000000000000000000e+00 0.000000000000000000e+00
1.732050826770785035e+00 1.732050826770782370e+00 1.732050826770781482e+00 1.732050826770785035e+00 1.732050826770784591e+00 1.732050826770784591e+00 1.732050826770784591e+00 1.732050826770784591e+00 1.732050826770784591e+00 1.732050826770784591e+00 1.732050826770784591e+00 1.732050826770784591e+00 1.732050826770784591e+00 1.732050826770784591e+00 1.732050826770784591e+00 1.732050826770784591e+00 1.732050826770784591e+00 1.732050826770784591e+00 1.732050826770784591e+00 1.732050826770784591e+00 1.732050826770784591e+00 1.732050826770784591e+00 1.732050826770784591e+00 1.732050826770784591e+00 1.732050826770784591e+00 1.732050826770784591e+00 1.732050826770784591e+00 1.732050826770784591e+00 1.732050826770784591e+00 1.732050826770784591e+00 1.732050747145647218e+00 1.732050747145647218e+00 1.732050747145646996e+00 1.732050747145646996e+00 1.732050747145646774e+00 1.732050747145646774e+00 1.732050747145646552e+00 1.732050747145646552e+00 1.732050747145646330e+00 1.732050747145646330e+00 1.732050747145646108e+00 1.732050747145646108e+00 1.732050747145646108e+00 1.732050747145646108e+00 1.732050747145646108e+00 1.732050747145646108e+00 1.732050747145645886e+00 1.732050747145645886e+00 1.732050747145645664e+00 1.732050747145645664e+00 1.732050747145645664e+00 1.732050747145645664e+00 1.732050747145645664e+00 1.732050747145645664e+00 1.732050747145645664e+00 1.732050747145645664e+00 1.732050747145645664e+00 1.732050747145645664e+00 1.732050747145645664e+00 1.732050747145645886e+00 0.000000000000000000e+00 0.000000000000000000e+00 0.000000000000000000e+00 0.000000000000000000e+00 0.000000000000000000e+00 0.000000000000000000e+00 0.000000000000000000e+00 0.000000000000000000e+00 0.000000000000000000e+00 0.000000000000000000e+00 0.000000000000000000e+00 0.000000000000000000e+00 0.000000000000000000e+00 0.000000000000000000e+00 0.000000000000000000e+00 0.000000000000000000e+00 0.000000000000000000e+00 0.000000000000000000e+00 0.000000000000000000e+00 0.000000000000000000e+00 0.000000000000000000e+00 0.000000000000000000e+00 0.000000000000000000e+00 0.000000000000000000e+00 0.000000000000000000e+00 0.000000000000000000e+00 0.000000000000000000e+00 0.000000000000000000e+00 0.000000000000000000e+00 0.000000000000000000e+00
1.732050826770785035e+00 1.732050826770782370e+00 1.732050826770781482e+00 1.732050826770785035e+00 1.732050826770784591e+00 1.732050826770784591e+00 1.732050826770784591e+00 1.732050826770784591e+00 1.732050826770784591e+00 1.732050826770784591e+00 1.732050826770784591e+00 1.732050826770784591e+00 1.732050826770784591e+00 1.732050826770784591e+00 1.732050826770784591e+00 1.732050826770784591e+00 1.732050826770784591e+00 1.732050826770784591e+00 1.732050826770784591e+00 1.732050826770784591e+00 1.732050826770784591e+00 1.732050826770784591e+00 1.732050826770784591e+00 1.732050826770784591e+00 1.732050826770784591e+00 1.732050826770784591e+00 1.732050826770784591e+00 1.732050826770784591e+00 1.732050826770784591e+00 1.732050826770784591e+00 1.732050747145647218e+00 1.732050747145647218e+00 1.732050747145646996e+00 1.732050747145646996e+00 1.732050747145646774e+00 1.732050747145646774e+00 1.732050747145646552e+00 1.732050747145646552e+00 1.732050747145646330e+00 1.732050747145646330e+00 1.732050747145646108e+00 1.732050747145646108e+00 1.732050747145646108e+00 1.732050747145646108e+00 1.732050747145646108e+00 1.732050747145646108e+00 1.732050747145645886e+00 1.732050747145645886e+00 1.732050747145645664e+00 1.732050747145645664e+00 1.732050747145645664e+00 1.732050747145645664e+00 1.732050747145645664e+00 1.732050747145645664e+00 1.732050747145645664e+00 1.732050747145645664e+00 1.732050747145645664e+00 1.732050747145645664e+00 1.732050747145645664e+00 1.732050747145645886e+00 0.000000000000000000e+00 0.000000000000000000e+00 0.000000000000000000e+00 0.000000000000000000e+00 0.000000000000000000e+00 0.000000000000000000e+00 0.000000000000000000e+00 0.000000000000000000e+00 0.000000000000000000e+00 0.000000000000000000e+00 0.000000000000000000e+00 0.000000000000000000e+00 0.000000000000000000e+00 0.000000000000000000e+00 0.000000000000000000e+00 0.000000000000000000e+00 0.000000000000000000e+00 0.000000000000000000e+00 0.000000000000000000e+00 0.000000000000000000e+00 0.000000000000000000e+00 0.000000000000000000e+00 0.000000000000000000e+00 0.000000000000000000e+00 0.000000000000000000e+00 0.000000000000000000e+00 0.000000000000000000e+00 0.000000000000000000e+00 0.000000000000000000e+00 0.000000000000000000e+00
1.732050826770785035e+00 1.732050826770782370e+00 1.732050826770781482e+00 1.732050826770785035e+00 1.732050826770784591e+00 1.732050826770784591e+00 1.732050826770784591e+00 1.732050826770784591e+00 1.732050826770784591e+00 1.732050826770784591e+00 1.732050826770784591e+00 1.732050826770784591e+00 1.732050826770784591e+00 1.732050826770784591e+00 1.732050826770784591e+00 1.732050826770784591e+00 1.732050826770784591e+00 1.732050826770784591e+00 1.732050826770784591e+00 1.732050826770784591e+00 1.732050826770784591e+00 1.732050826770784591e+00 1.732050826770784591e+00 1.732050826770784591e+00 1.732050826770784591e+00 1.732050826770784591e+00 1.732050826770784591e+00 1.732050826770784591e+00 1.732050826770784591e+00 1.732050826770784591e+00 1.732050747145647218e+00 1.732050747145647218e+00 1.732050747145646996e+00 1.732050747145646996e+00 1.732050747145646774e+00 1.732050747145646774e+00 1.732050747145646552e+00 1.732050747145646552e+00 1.732050747145646330e+00 1.732050747145646330e+00 1.732050747145646108e+00 1.732050747145646108e+00 1.732050747145646108e+00 1.732050747145646108e+00 1.732050747145646108e+00 1.732050747145646108e+00 1.732050747145645886e+00 1.732050747145645886e+00 1.732050747145645664e+00 1.732050747145645664e+00 1.732050747145645664e+00 1.732050747145645664e+00 1.732050747145645664e+00 1.732050747145645664e+00 1.732050747145645664e+00 1.732050747145645664e+00 1.732050747145645664e+00 1.732050747145645664e+00 1.732050747145645664e+00 1.732050747145645886e+00 0.000000000000000000e+00 0.000000000000000000e+00 0.000000000000000000e+00 0.000000000000000000e+00 0.000000000000000000e+00 0.000000000000000000e+00 0.000000000000000000e+00 0.000000000000000000e+00 0.000000000000000000e+00 0.000000000000000000e+00 0.000000000000000000e+00 0.000000000000000000e+00 0.000000000000000000e+00 0.000000000000000000e+00 0.000000000000000000e+00 0.000000000000000000e+00 0.000000000000000000e+00 0.000000000000000000e+00 0.000000000000000000e+00 0.000000000000000000e+00 0.000000000000000000e+00 0.000000000000000000e+00 0.000000000000000000e+00 0.000000000000000000e+00 0.000000000000000000e+00 0.000000000000000000e+00 0.000000000000000000e+00 0.000000000000000000e+00 0.000000000000000000e+00 0.000000000000000000e+00
1.732050826770785035e+00 1.732050826770782370e+00 1.732050826770781482e+00 1.732050826770785035e+00 1.732050826770784591e+00 1.732050826770784591e+00 1.732050826770784591e+00 1.732050826770784591e+00 1.732050826770784591e+00 1.732050826770784591e+00 1.732050826770784591e+00 1.732050826770784591e+00 1.732050826770784591e+00 1.732050826770784591e+00 1.732050826770784591e+00 1.732050826770784591e+00 1.732050826770784591e+00 1.732050826770784591e+00 1.732050826770784591e+00 1.732050826770784591e+00 1.732050826770784591e+00 1.732050826770784591e+00 1.732050826770784591e+00 1.732050826770784591e+00 1.732050826770784591e+00 1.732050826770784591e+00 1.732050826770784591e+00 1.732050826770784591e+00 1.732050826770784591e+00 1.732050826770784591e+00 1.732050747145647218e+00 1.732050747145647218e+00 1.732050747145646996e+00 1.732050747145646996e+00 1.732050747145646774e+00 1.732050747145646774e+00 1.732050747145646552e+00 1.732050747145646552e+00 1.732050747145646330e+00 1.732050747145646330e+00 1.732050747145646108e+00 1.732050747145646108e+00 1.732050747145646108e+00 1.732050747145646108e+00 1.732050747145646108e+00 1.732050747145646108e+00 1.732050747145645886e+00 1.732050747145645886e+00 1.732050747145645664e+00 1.732050747145645664e+00 1.732050747145645664e+00 1.732050747145645664e+00 1.732050747145645664e+00 1.732050747145645664e+00 1.732050747145645664e+00 1.732050747145645664e+00 1.732050747145645664e+00 1.732050747145645664e+00 1.732050747145645664e+00 1.732050747145645886e+00 0.000000000000000000e+00 0.000000000000000000e+00 0.000000000000000000e+00 0.000000000000000000e+00 0.000000000000000000e+00 0.000000000000000000e+00 0.000000000000000000e+00 0.000000000000000000e+00 0.000000000000000000e+00 0.000000000000000000e+00 0.000000000000000000e+00 0.000000000000000000e+00 0.000000000000000000e+00 0.000000000000000000e+00 0.000000000000000000e+00 0.000000000000000000e+00 0.000000000000000000e+00 0.000000000000000000e+00 0.000000000000000000e+00 0.000000000000000000e+00 0.000000000000000000e+00 0.000000000000000000e+00 0.000000000000000000e+00 0.000000000000000000e+00 0.000000000000000000e+00 0.000000000000000000e+00 0.000000000000000000e+00 0.000000000000000000e+00 0.000000000000000000e+00 0.000000000000000000e+00
1.732050826770785035e+00 1.732050826770782370e+00 1.732050826770781482e+00 1.732050826770785035e+00 1.732050826770784591e+00 1.732050826770784591e+00 1.732050826770784591e+00 1.732050826770784591e+00 1.732050826770784591e+00 1.732050826770784591e+00 1.732050826770784591e+00 1.732050826770784591e+00 1.732050826770784591e+00 1.732050826770784591e+00 1.732050826770784591e+00 1.732050826770784591e+00 1.732050826770784591e+00 1.732050826770784591e+00 1.732050826770784591e+00 1.732050826770784591e+00 1.732050826770784591e+00 1.732050826770784591e+00 1.732050826770784591e+00 1.732050826770784591e+00 1.732050826770784591e+00 1.732050826770784591e+00 1.732050826770784591e+00 1.732050826770784591e+00 1.732050826770784591e+00 1.732050826770784591e+00 1.732050747145647218e+00 1.732050747145647218e+00 1.732050747145646996e+00 1.732050747145646996e+00 1.732050747145646774e+00 1.732050747145646774e+00 1.732050747145646552e+00 1.732050747145646552e+00 1.732050747145646330e+00 1.732050747145646330e+00 1.732050747145646108e+00 1.732050747145646108e+00 1.732050747145646108e+00 1.732050747145646108e+00 1.732050747145646108e+00 1.732050747145646108e+00 1.732050747145645886e+00 1.732050747145645886e+00 1.732050747145645664e+00 1.732050747145645664e+00 1.732050747145645664e+00 1.732050747145645664e+00 1.732050747145645664e+00 1.732050747145645664e+00 1.732050747145645664e+00 1.732050747145645664e+00 1.732050747145645664e+00 1.732050747145645664e+00 1.732050747145645664e+00 1.732050747145645886e+00 0.000000000000000000e+00 0.000000000000000000e+00 0.000000000000000000e+00 0.000000000000000000e+00 0.000000000000000000e+00 0.000000000000000000e+00 0.000000000000000000e+00 0.000000000000000000e+00 0.000000000000000000e+00 0.000000000000000000e+00 0.000000000000000000e+00 0.000000000000000000e+00 0.000000000000000000e+00 0.000000000000000000e+00 0.000000000000000000e+00 0.000000000000000000e+00 0.000000000000000000e+00 0.000000000000000000e+00 0.000000000000000000e+00 0.000000000000000000e+00 0.000000000000000000e+00 0.000000000000000000e+00 0.000000000000000000e+00 0.000000000000000000e+00 0.000000000000000000e+00 0.000000000000000000e+00 0.000000000000000000e+00 0.000000000000000000e+00 0.000000000000000000e+00 0.000000000000000000e+00
1.732050826770785035e+00 1.732050826770782370e+00 1.732050826770781482e+00 1.732050826770785035e+00 1.732050826770784591e+00 1.732050826770784591e+00 1.732050826770784591e+00 1.732050826770784591e+00 1.732050826770784591e+00 1.732050826770784591e+00 1.732050826770784591e+00 1.732050826770784591e+00 1.732050826770784591e+00 1.732050826770784591e+00 1.732050826770784591e+00 1.732050826770784591e+00 1.732050826770784591e+00 1.732050826770784591e+00 1.732050826770784591e+00 1.732050826770784591e+00 1.732050826770784591e+00 1.732050826770784591e+00 1.732050826770784591e+00 1.732050826770784591e+00 1.732050826770784591e+00 1.732050826770784591e+00 1.732050826770784591e+00 1.732050826770784591e+00 1.732050826770784591e+00 1.732050826770784591e+00 1.732050747145647218e+00 1.732050747145647218e+00 1.732050747145646996e+00 1.732050747145646996e+00 1.732050747145646774e+00 1.732050747145646774e+00 1.732050747145646552e+00 1.732050747145646552e+00 1.732050747145646330e+00 1.732050747145646330e+00 1.732050747145646108e+00 1.732050747145646108e+00 1.732050747145646108e+00 1.732050747145646108e+00 1.732050747145646108e+00 1.732050747145646108e+00 1.732050747145645886e+00 1.732050747145645886e+00 1.732050747145645664e+00 1.732050747145645664e+00 1.732050747145645664e+00 1.732050747145645664e+00 1.732050747145645664e+00 1.732050747145645664e+00 1.732050747145645664e+00 1.732050747145645664e+00 1.732050747145645664e+00 1.732050747145645664e+00 1.732050747145645664e+00 1.732050747145645886e+00 0.000000000000000000e+00 0.000000000000000000e+00 0.000000000000000000e+00 0.000000000000000000e+00 0.000000000000000000e+00 0.000000000000000000e+00 0.000000000000000000e+00 0.000000000000000000e+00 0.000000000000000000e+00 0.000000000000000000e+00 0.000000000000000000e+00 0.000000000000000000e+00 0.000000000000000000e+00 0.000000000000000000e+00 0.000000000000000000e+00 0.000000000000000000e+00 0.000000000000000000e+00 0.000000000000000000e+00 0.000000000000000000e+00 0.000000000000000000e+00 0.000000000000000000e+00 0.000000000000000000e+00 0.000000000000000000e+00 0.000000000000000000e+00 0.000000000000000000e+00 0.000000000000000000e+00 0.000000000000000000e+00 0.000000000000000000e+00 0.000000000000000000e+00 0.000000000000000000e+00
1.732050826770785035e+00 1.732050826770782370e+00 1.732050826770781482e+00 1.732050826770785035e+00 1.732050826770784591e+00 1.732050826770784591e+00 1.732050826770784591e+00 1.732050826770784591e+00 1.732050826770784591e+00 1.732050826770784591e+00 1.732050826770784591e+00 1.732050826770784591e+00 1.732050826770784591e+00 1.732050826770784591e+00 1.732050826770784591e+00 1.732050826770784591e+00 1.732050826770784591e+00 1.732050826770784591e+00 1.732050826770784591e+00 1.732050826770784591e+00 1.732050826770784591e+00 1.732050826770784591e+00 1.732050826770784591e+00 1.732050826770784591e+00 1.732050826770784591e+00 1.732050826770784591e+00 1.732050826770784591e+00 1.732050826770784591e+00 1.732050826770784591e+00 1.732050826770784591e+00 1.732050747145647218e+00 1.732050747145647218e+00 1.732050747145646996e+00 1.732050747145646996e+00 1.732050747145646774e+00 1.732050747145646774e+00 1.732050747145646552e+00 1.732050747145646552e+00 1.732050747145646330e+00 1.732050747145646330e+00 1.732050747145646108e+00 1.732050747145646108e+00 1.732050747145646108e+00 1.732050747145646108e+00 1.732050747145646108e+00 1.732050747145646108e+00 1.732050747145645886e+00 1.732050747145645886e+00 1.732050747145645664e+00 1.732050747145645664e+00 1.732050747145645664e+00 1.732050747145645664e+00 1.732050747145645664e+00 1.732050747145645664e+00 1.732050747145645664e+00 1.732050747145645664e+00 1.732050747145645664e+00 1.732050747145645664e+00 1.732050747145645664e+00 1.732050747145645886e+00 0.000000000000000000e+00 0.000000000000000000e+00 0.000000000000000000e+00 0.000000000000000000e+00 0.000000000000000000e+00 0.000000000000000000e+00 0.000000000000000000e+00 0.000000000000000000e+00 0.000000000000000000e+00 0.000000000000000000e+00 0.000000000000000000e+00 0.000000000000000000e+00 0.000000000000000000e+00 0.000000000000000000e+00 0.000000000000000000e+00 0.000000000000000000e+00 0.000000000000000000e+00 0.000000000000000000e+00 0.000000000000000000e+00 0.000000000000000000e+00 0.000000000000000000e+00 0.000000000000000000e+00 0.000000000000000000e+00 0.000000000000000000e+00 0.000000000000000000e+00 0.000000000000000000e+00 0.000000000000000000e+00 0.000000000000000000e+00 0.000000000000000000e+00 0.000000000000000000e+00
1.732050826770785035e+00 1.732050826770782370e+00 1.732050826770781482e+00 1.732050826770785035e+00 1.732050826770784591e+00 1.732050826770784591e+00 1.732050826770784591e+00 1.732050826770784591e+00 1.732050826770784591e+00 1.732050826770784591e+00 1.732050826770784591e+00 1.732050826770784591e+00 1.732050826770784591e+00 1.732050826770784591e+00 1.732050826770784591e+00 1.732050826770784591e+00 1.732050826770784591e+00 1.732050826770784591e+00 1.732050826770784591e+00 1.732050826770784591e+00 1.732050826770784591e+00 1.732050826770784591e+00 1.732050826770784591e+00 1.732050826770784591e+00 1.732050826770784591e+00 1.732050826770784591e+00 1.732050826770784591e+00 1.732050826770784591e+00 1.732050826770784591e+00 1.732050826770784591e+00 1.732050747145647218e+00 1.732050747145647218e+00 1.732050747145646996e+00 1.732050747145646996e+00 1.732050747145646774e+00 1.732050747145646774e+00 1.732050747145646552e+00 1.732050747145646552e+00 1.732050747145646330e+00 1.732050747145646330e+00 1.732050747145646108e+00 1.732050747145646108e+00 1.732050747145646108e+00 1.732050747145646108e+00 1.732050747145646108e+00 1.732050747145646108e+00 1.732050747145645886e+00 1.732050747145645886e+00 1.732050747145645664e+00 1.732050747145645664e+00 1.732050747145645664e+00 1.732050747145645664e+00 1.732050747145645664e+00 1.732050747145645664e+00 1.732050747145645664e+00 1.732050747145645664e+00 1.732050747145645664e+00 1.732050747145645664e+00 1.732050747145645664e+00 1.732050747145645886e+00 0.000000000000000000e+00 0.000000000000000000e+00 0.000000000000000000e+00 0.000000000000000000e+00 0.000000000000000000e+00 0.000000000000000000e+00 0.000000000000000000e+00 0.000000000000000000e+00 0.000000000000000000e+00 0.000000000000000000e+00 0.000000000000000000e+00 0.000000000000000000e+00 0.000000000000000000e+00 0.000000000000000000e+00 0.000000000000000000e+00 0.000000000000000000e+00 0.000000000000000000e+00 0.000000000000000000e+00 0.000000000000000000e+00 0.000000000000000000e+00 0.000000000000000000e+00 0.000000000000000000e+00 0.000000000000000000e+00 0.000000000000000000e+00 0.000000000000000000e+00 0.000000000000000000e+00 0.000000000000000000e+00 0.000000000000000000e+00 0.000000000000000000e+00 0.000000000000000000e+00
1.732050826770785035e+00 1.732050826770782370e+00 1.732050826770781482e+00 1.732050826770785035e+00 1.732050826770784591e+00 1.732050826770784591e+00 1.732050826770784591e+00 1.732050826770784591e+00 1.732050826770784591e+00 1.732050826770784591e+00 1.732050826770784591e+00 1.732050826770784591e+00 1.732050826770784591e+00 1.732050826770784591e+00 1.732050826770784591e+00 1.732050826770784591e+00 1.732050826770784591e+00 1.732050826770784591e+00 1.732050826770784591e+00 1.732050826770784591e+00 1.732050826770784591e+00 1.732050826770784591e+00 1.732050826770784591e+00 1.732050826770784591e+00 1.732050826770784591e+00 1.732050826770784591e+00 1.732050826770784591e+00 1.732050826770784591e+00 1.732050826770784591e+00 1.732050826770784591e+00 1.732050747145647218e+00 1.732050747145647218e+00 1.732050747145646996e+00 1.732050747145646996e+00 1.732050747145646774e+00 1.732050747145646774e+00 1.732050747145646552e+00 1.732050747145646552e+00 1.732050747145646330e+00 1.732050747145646330e+00 1.732050747145646108e+00 1.732050747145646108e+00 1.732050747145646108e+00 1.732050747145646108e+00 1.732050747145646108e+00 1.732050747145646108e+00 1.732050747145645886e+00 1.732050747145645886e+00 1.732050747145645664e+00 1.732050747145645664e+00 1.732050747145645664e+00 1.732050747145645664e+00 1.732050747145645664e+00 1.732050747145645664e+00 1.732050747145645664e+00 1.732050747145645664e+00 1.732050747145645664e+00 1.732050747145645664e+00 1.732050747145645664e+00 1.732050747145645886e+00 0.000000000000000000e+00 0.000000000000000000e+00 0.000000000000000000e+00 0.000000000000000000e+00 0.000000000000000000e+00 0.000000000000000000e+00 0.000000000000000000e+00 0.000000000000000000e+00 0.000000000000000000e+00 0.000000000000000000e+00 0.000000000000000000e+00 0.000000000000000000e+00 0.000000000000000000e+00 0.000000000000000000e+00 0.000000000000000000e+00 0.000000000000000000e+00 0.000000000000000000e+00 0.000000000000000000e+00 0.000000000000000000e+00 0.000000000000000000e+00 0.000000000000000000e+00 0.000000000000000000e+00 0.000000000000000000e+00 0.000000000000000000e+00 0.000000000000000000e+00 0.000000000000000000e+00 0.000000000000000000e+00 0.000000000000000000e+00 0.000000000000000000e+00 0.000000000000000000e+00
1.732050826770785035e+00 1.732050826770782370e+00 1.732050826770781482e+00 1.732050826770785035e+00 1.732050826770784591e+00 1.732050826770784591e+00 1.732050826770784591e+00 1.732050826770784591e+00 1.732050826770784591e+00 1.732050826770784591e+00 1.732050826770784591e+00 1.732050826770784591e+00 1.732050826770784591e+00 1.732050826770784591e+00 1.732050826770784591e+00 1.732050826770784591e+00 1.732050826770784591e+00 1.732050826770784591e+00 1.732050826770784591e+00 1.732050826770784591e+00 1.732050826770784591e+00 1.732050826770784591e+00 1.732050826770784591e+00 1.732050826770784591e+00 1.732050826770784591e+00 1.732050826770784591e+00 1.732050826770784591e+00 1.732050826770784591e+00 1.732050826770784591e+00 1.732050826770784591e+00 1.732050747145647218e+00 1.732050747145647218e+00 1.732050747145646996e+00 1.732050747145646996e+00 1.732050747145646774e+00 1.732050747145646774e+00 1.732050747145646552e+00 1.732050747145646552e+00 1.732050747145646330e+00 1.732050747145646330e+00 1.732050747145646108e+00 1.732050747145646108e+00 1.732050747145646108e+00 1.732050747145646108e+00 1.732050747145646108e+00 1.732050747145646108e+00 1.732050747145645886e+00 1.732050747145645886e+00 1.732050747145645664e+00 1.732050747145645664e+00 1.732050747145645664e+00 1.732050747145645664e+00 1.732050747145645664e+00 1.732050747145645664e+00 1.732050747145645664e+00 1.732050747145645664e+00 1.732050747145645664e+00 1.732050747145645664e+00 1.732050747145645664e+00 1.732050747145645886e+00 0.000000000000000000e+00 0.000000000000000000e+00 0.000000000000000000e+00 0.000000000000000000e+00 0.000000000000000000e+00 0.000000000000000000e+00 0.000000000000000000e+00 0.000000000000000000e+00 0.000000000000000000e+00 0.000000000000000000e+00 0.000000000000000000e+00 0.000000000000000000e+00 0.000000000000000000e+00 0.000000000000000000e+00 0.000000000000000000e+00 0.000000000000000000e+00 0.000000000000000000e+00 0.000000000000000000e+00 0.000000000000000000e+00 0.000000000000000000e+00 0.000000000000000000e+00 0.000000000000000000e+00 0.000000000000000000e+00 0.000000000000000000e+00 0.000000000000000000e+00 0.000000000000000000e+00 0.000000000000000000e+00 0.000000000000000000e+00 0.000000000000000000e+00 0.000000000000000000e+00
1.732050826770785035e+00 1.732050826770782370e+00 1.732050826770781482e+00 1.732050826770785035e+00 1.732050826770784591e+00 1.732050826770784591e+00 1.732050826770784591e+00 1.732050826770784591e+00 1.732050826770784591e+00 1.732050826770784591e+00 1.732050826770784591e+00 1.732050826770784591e+00 1.732050826770784591e+00 1.732050826770784591e+00 1.732050826770784591e+00 1.732050826770784591e+00 1.732050826770784591e+00 1.732050826770784591e+00 1.732050826770784591e+00 1.732050826770784591e+00 1.732050826770784591e+00 1.732050826770784591e+00 1.732050826770784591e+00 1.732050826770784591e+00 1.732050826770784591e+00 1.732050826770784591e+00 1.732050826770784591e+00 1.732050826770784591e+00 1.732050826770784591e+00 1.732050826770784591e+00 1.732050747145647218e+00 1.732050747145647218e+00 1.732050747145646996e+00 1.732050747145646996e+00 1.732050747145646774e+00 1.732050747145646774e+00 1.732050747145646552e+00 1.732050747145646552e+00 1.732050747145646330e+00 1.732050747145646330e+00 1.732050747145646108e+00 1.732050747145646108e+00 1.732050747145646108e+00 1.732050747145646108e+00 1.732050747145646108e+00 1.732050747145646108e+00 1.732050747145645886e+00 1.732050747145645886e+00 1.732050747145645664e+00 1.732050747145645664e+00 1.732050747145645664e+00 1.732050747145645664e+00 1.732050747145645664e+00 1.732050747145645664e+00 1.732050747145645664e+00 1.732050747145645664e+00 1.732050747145645664e+00 1.732050747145645664e+00 1.732050747145645664e+00 1.732050747145645886e+00 0.000000000000000000e+00 0.000000000000000000e+00 0.000000000000000000e+00 0.000000000000000000e+00 0.000000000000000000e+00 0.000000000000000000e+00 0.000000000000000000e+00 0.000000000000000000e+00 0.000000000000000000e+00 0.000000000000000000e+00 0.000000000000000000e+00 0.000000000000000000e+00 0.000000000000000000e+00 0.000000000000000000e+00 0.000000000000000000e+00 0.000000000000000000e+00 0.000000000000000000e+00 0.000000000000000000e+00 0.000000000000000000e+00 0.000000000000000000e+00 0.000000000000000000e+00 0.000000000000000000e+00 0.000000000000000000e+00 0.000000000000000000e+00 0.000000000000000000e+00 0.000000000000000000e+00 0.000000000000000000e+00 0.000000000000000000e+00 0.000000000000000000e+00 0.000000000000000000e+00
1.732050826770785701e+00 1.732050826770782814e+00 1.732050826770781926e+00 1.732050826770785479e+00 1.732050826770785035e+00 1.732050826770785035e+00 1.732050826770785035e+00 1.732050826770785035e+00 1.732050826770785035e+00 1.732050826770785035e+00 1.732050826770785035e+00 1.732050826770785035e+00 1.732050826770785035e+00 1.732050826770785035e+00 1.732050826770785035e+00 1.732050826770785035e+00 1.732050826770785035e+00 1.732050826770785035e+00 1.732050826770785035e+00 1.732050826770785035e+00 1.732050826770785035e+00 1.732050826770785035e+00 1.732050826770785035e+00 1.732050826770785035e+00 1.732050826770785035e+00 1.732050826770785035e+00 1.732050826770785035e+00 1.732050826770785035e+00 1.732050826770785035e+00 1.732050826770785035e+00 1.732050747145646996e+00 1.732050747145646774e+00 1.732050747145646552e+00 1.732050747145646552e+00 1.732050747145646330e+00 1.732050747145646330e+00 1.732050747145646108e+00 1.732050747145646108e+00 1.732050747145645886e+00 1.732050747145645886e+00 1.732050747145645664e+00 1.732050747145645664e+00 1.732050747145645664e+00 1.732050747145645664e+00 1.732050747145645664e+00 1.732050747145645664e+00 1.732050747145645442e+00 1.732050747145645442e+00 1.732050747145645220e+00 1.732050747145645220e+00 1.732050747145645220e+00 1.732050747145645220e+00 1.732050747145645220e+00 1.732050747145645220e+00 1.732050747145645220e+00 1.732050747145645220e+00 1.732050747145645220e+00 1.732050747145645220e+00 1.732050747145645220e+00 1.732050747145645442e+00 0.000000000000000000e+00 0.000000000000000000e+00 0.000000000000000000e+00 0.000000000000000000e+00 0.000000000000000000e+00 0.000000000000000000e+00 0.000000000000000000e+00 0.000000000000000000e+00 0.000000000000000000e+00 0.000000000000000000e+00 0.000000000000000000e+00 0.000000000000000000e+00 0.000000000000000000e+00 0.000000000000000000e+00 0.000000000000000000e+00 0.000000000000000000e+00 0.000000000000000000e+00 0.000000000000000000e+00 0.000000000000000000e+00 0.000000000000000000e+00 0.000000000000000000e+00 0.000000000000000000e+00 0.000000000000000000e+00 0.000000000000000000e+00 0.000000000000000000e+00 0.000000000000000000e+00 0.000000000000000000e+00 0.000000000000000000e+00 0.000000000000000000e+00 0.000000000000000000e+00
1.732050826770785701e+00 1.732050826770782814e+00 1.732050826770781926e+00 1.732050826770785479e+00 1.732050826770785035e+00 1.732050826770785035e+00 1.732050826770785035e+00 1.732050826770785035e+00 1.732050826770785035e+00 1.732050826770785035e+00 1.732050826770785035e+00 1.732050826770785035e+00 1.732050826770785035e+00 1.732050826770785035e+00 1.732050826770785035e+00 1.732050826770785035e+00 1.732050826770785035e+00 1.732050826770785035e+00 1.732050826770785035e+00 1.732050826770785035e+00 1.732050826770785035e+00 1.732050826770785035e+00 1.732050826770785035e+00 1.732050826770785035e+00 1.732050826770785035e+00 1.732050826770785035e+00 1.732050826770785035e+00 1.732050826770785035e+00 1.732050826770785035e+00 1.732050826770785035e+00 1.732050747145646996e+00 1.732050747145646774e+00 1.732050747145646552e+00 1.732050747145646552e+00 1.732050747145646330e+00 1.732050747145646330e+00 1.732050747145646108e+00 1.732050747145646108e+00 1.732050747145645886e+00 1.732050747145645886e+00 1.732050747145645664e+00 1.732050747145645664e+00 1.732050747145645664e+00 1.732050747145645664e+00 1.732050747145645664e+00 1.732050747145645664e+00 1.732050747145645442e+00 1.732050747145645442e+00 1.732050747145645220e+00 1.732050747145645220e+00 1.732050747145645220e+00 1.732050747145645220e+00 1.732050747145645220e+00 1.732050747145645220e+00 1.732050747145645220e+00 1.732050747145645220e+00 1.732050747145645220e+00 1.732050747145645220e+00 1.732050747145645220e+00 1.732050747145645442e+00 0.000000000000000000e+00 0.000000000000000000e+00 0.000000000000000000e+00 0.000000000000000000e+00 0.000000000000000000e+00 0.000000000000000000e+00 0.000000000000000000e+00 0.000000000000000000e+00 0.000000000000000000e+00 0.000000000000000000e+00 0.000000000000000000e+00 0.000000000000000000e+00 0.000000000000000000e+00 0.000000000000000000e+00 0.000000000000000000e+00 0.000000000000000000e+00 0.000000000000000000e+00 0.000000000000000000e+00 0.000000000000000000e+00 0.000000000000000000e+00 0.000000000000000000e+00 0.000000000000000000e+00 0.000000000000000000e+00 0.000000000000000000e+00 0.000000000000000000e+00 0.000000000000000000e+00 0.000000000000000000e+00 0.000000000000000000e+00 0.000000000000000000e+00 0.000000000000000000e+00
1.732050826770785701e+00 1.732050826770782814e+00 1.732050826770781926e+00 1.732050826770785479e+00 1.732050826770785035e+00 1.732050826770785035e+00 1.732050826770785035e+00 1.732050826770785035e+00 1.732050826770785035e+00 1.732050826770785035e+00 1.732050826770785035e+00 1.732050826770785035e+00 1.732050826770785035e+00 1.732050826770785035e+00 1.732050826770785035e+00 1.732050826770785035e+00 1.732050826770785035e+00 1.732050826770785035e+00 1.732050826770785035e+00 1.732050826770785035e+00 1.732050826770785035e+00 1.732050826770785035e+00 1.732050826770785035e+00 1.732050826770785035e+00 1.732050826770785035e+00 1.732050826770785035e+00 1.732050826770785035e+00 1.732050826770785035e+00 1.732050826770785035e+00 1.732050826770785035e+00 1.732050747145646996e+00 1.732050747145646774e+00 1.732050747145646552e+00 1.732050747145646552e+00 1.732050747145646330e+00 1.732050747145646330e+00 1.732050747145646108e+00 1.732050747145646108e+00 1.732050747145645886e+00 1.732050747145645886e+00 1.732050747145645664e+00 1.732050747145645664e+00 1.732050747145645664e+00 1.732050747145645664e+00 1.732050747145645664e+00 1.732050747145645664e+00 1.732050747145645442e+00 1.732050747145645442e+00 1.732050747145645220e+00 1.732050747145645220e+00 1.732050747145645220e+00 1.732050747145645220e+00 1.732050747145645220e+00 1.732050747145645220e+00 1.732050747145645220e+00 1.732050747145645220e+00 1.732050747145645220e+00 1.732050747145645220e+00 1.732050747145645220e+00 1.732050747145645442e+00 0.000000000000000000e+00 0.000000000000000000e+00 0.000000000000000000e+00 0.000000000000000000e+00 0.000000000000000000e+00 0.000000000000000000e+00 0.000000000000000000e+00 0.000000000000000000e+00 0.000000000000000000e+00 0.000000000000000000e+00 0.000000000000000000e+00 0.000000000000000000e+00 0.000000000000000000e+00 0.000000000000000000e+00 0.000000000000000000e+00 0.000000000000000000e+00 0.000000000000000000e+00 0.000000000000000000e+00 0.000000000000000000e+00 0.000000000000000000e+00 0.000000000000000000e+00 0.000000000000000000e+00 0.000000000000000000e+00 0.000000000000000000e+00 0.000000000000000000e+00 0.000000000000000000e+00 0.000000000000000000e+00 0.000000000000000000e+00 0.000000000000000000e+00 0.000000000000000000e+00
1.732050826770785701e+00 1.732050826770782814e+00 1.732050826770781926e+00 1.732050826770785479e+00 1.732050826770785035e+00 1.732050826770785035e+00 1.732050826770785035e+00 1.732050826770785035e+00 1.732050826770785035e+00 1.732050826770785035e+00 1.732050826770785035e+00 1.732050826770785035e+00 1.732050826770785035e+00 1.732050826770785035e+00 1.732050826770785035e+00 1.732050826770785035e+00 1.732050826770785035e+00 1.732050826770785035e+00 1.732050826770785035e+00 1.732050826770785035e+00 1.732050826770785035e+00 1.732050826770785035e+00 1.732050826770785035e+00 1.732050826770785035e+00 1.732050826770785035e+00 1.732050826770785035e+00 1.732050826770785035e+00 1.732050826770785035e+00 1.732050826770785035e+00 1.732050826770785035e+00 1.732050747145646996e+00 1.732050747145646774e+00 1.732050747145646552e+00 1.732050747145646552e+00 1.732050747145646330e+00 1.732050747145646330e+00 1.732050747145646108e+00 1.732050747145646108e+00 1.732050747145645886e+00 1.732050747145645886e+00 1.732050747145645664e+00 1.732050747145645664e+00 1.732050747145645664e+00 1.732050747145645664e+00 1.732050747145645664e+00 1.732050747145645664e+00 1.732050747145645442e+00 1.732050747145645442e+00 1.732050747145645220e+00 1.732050747145645220e+00 1.732050747145645220e+00 1.732050747145645220e+00 1.732050747145645220e+00 1.732050747145645220e+00 1.732050747145645220e+00 1.732050747145645220e+00 1.732050747145645220e+00 1.732050747145645220e+00 1.732050747145645220e+00 1.732050747145645442e+00 0.000000000000000000e+00 0.000000000000000000e+00 0.000000000000000000e+00 0.000000000000000000e+00 0.000000000000000000e+00 0.000000000000000000e+00 0.000000000000000000e+00 0.000000000000000000e+00 0.000000000000000000e+00 0.000000000000000000e+00 0.000000000000000000e+00 0.000000000000000000e+00 0.000000000000000000e+00 0.000000000000000000e+00 0.000000000000000000e+00 0.000000000000000000e+00 0.000000000000000000e+00 0.000000000000000000e+00 0.000000000000000000e+00 0.000000000000000000e+00 0.000000000000000000e+00 0.000000000000000000e+00 0.000000000000000000e+00 0.000000000000000000e+00 0.000000000000000000e+00 0.000000000000000000e+00 0.000000000000000000e+00 0.000000000000000000e+00 0.000000000000000000e+00 0.000000000000000000e+00
1.732050826770785701e+00 1.732050826770782814e+00 1.732050826770781926e+00 1.732050826770785479e+00 1.732050826770785035e+00 1.732050826770785035e+00 1.732050826770785035e+00 1.732050826770785035e+00 1.732050826770785035e+00 1.732050826770785035e+00 1.732050826770785035e+00 1.732050826770785035e+00 1.732050826770785035e+00 1.732050826770785035e+00 1.732050826770785035e+00 1.732050826770785035e+00 1.732050826770785035e+00 1.732050826770785035e+00 1.732050826770785035e+00 1.732050826770785035e+00 1.732050826770785035e+00 1.732050826770785035e+00 1.732050826770785035e+00 1.732050826770785035e+00 1.732050826770785035e+00 1.732050826770785035e+00 1.732050826770785035e+00 1.732050826770785035e+00 1.732050826770785035e+00 1.732050826770785035e+00 1.732050747145646996e+00 1.732050747145646774e+00 1.732050747145646552e+00 1.732050747145646552e+00 1.732050747145646330e+00 1.732050747145646330e+00 1.732050747145646108e+00 1.732050747145646108e+00 1.732050747145645886e+00 1.732050747145645886e+00 1.732050747145645664e+00 1.732050747145645664e+00 1.732050747145645664e+00 1.732050747145645664e+00 1.732050747145645664e+00 1.732050747145645664e+00 1.732050747145645442e+00 1.732050747145645442e+00 1.732050747145645220e+00 1.732050747145645220e+00 1.732050747145645220e+00 1.732050747145645220e+00 1.732050747145645220e+00 1.732050747145645220e+00 1.732050747145645220e+00 1.732050747145645220e+00 1.732050747145645220e+00 1.732050747145645220e+00 1.732050747145645220e+00 1.732050747145645442e+00 0.000000000000000000e+00 0.000000000000000000e+00 0.000000000000000000e+00 0.000000000000000000e+00 0.000000000000000000e+00 0.000000000000000000e+00 0.000000000000000000e+00 0.000000000000000000e+00 0.000000000000000000e+00 0.000000000000000000e+00 0.000000000000000000e+00 0.000000000000000000e+00 0.000000000000000000e+00 0.000000000000000000e+00 0.000000000000000000e+00 0.000000000000000000e+00 0.000000000000000000e+00 0.000000000000000000e+00 0.000000000000000000e+00 0.000000000000000000e+00 0.000000000000000000e+00 0.000000000000000000e+00 0.000000000000000000e+00 0.000000000000000000e+00 0.000000000000000000e+00 0.000000000000000000e+00 0.000000000000000000e+00 0.000000000000000000e+00 0.000000000000000000e+00 0.000000000000000000e+00
1.732050826770785701e+00 1.732050826770782814e+00 1.732050826770781926e+00 1.732050826770785479e+00 1.732050826770785035e+00 1.732050826770785035e+00 1.732050826770785035e+00 1.732050826770785035e+00 1.732050826770785035e+00 1.732050826770785035e+00 1.732050826770785035e+00 1.732050826770785035e+00 1.732050826770785035e+00 1.732050826770785035e+00 1.732050826770785035e+00 1.732050826770785035e+00 1.732050826770785035e+00 1.732050826770785035e+00 1.732050826770785035e+00 1.732050826770785035e+00 1.732050826770785035e+00 1.732050826770785035e+00 1.732050826770785035e+00 1.732050826770785035e+00 1.732050826770785035e+00 1.732050826770785035e+00 1.732050826770785035e+00 1.732050826770785035e+00 1.732050826770785035e+00 1.732050826770785035e+00 1.732050747145646996e+00 1.732050747145646774e+00 1.732050747145646552e+00 1.732050747145646552e+00 1.732050747145646330e+00 1.732050747145646330e+00 1.732050747145646108e+00 1.732050747145646108e+00 1.732050747145645886e+00 1.732050747145645886e+00 1.732050747145645664e+00 1.732050747145645664e+00 1.732050747145645664e+00 1.732050747145645664e+00 1.732050747145645664e+00 1.732050747145645664e+00 1.732050747145645442e+00 1.732050747145645442e+00 1.732050747145645220e+00 1.732050747145645220e+00 1.732050747145645220e+00 1.732050747145645220e+00 1.732050747145645220e+00 1.732050747145645220e+00 1.732050747145645220e+00 1.732050747145645220e+00 1.732050747145645220e+00 1.732050747145645220e+00 1.732050747145645220e+00 1.732050747145645442e+00 0.000000000000000000e+00 0.000000000000000000e+00 0.000000000000000000e+00 0.000000000000000000e+00 0.000000000000000000e+00 0.000000000000000000e+00 0.000000000000000000e+00 0.000000000000000000e+00 0.000000000000000000e+00 0.000000000000000000e+00 0.000000000000000000e+00 0.000000000000000000e+00 0.000000000000000000e+00 0.000000000000000000e+00 0.000000000000000000e+00 0.000000000000000000e+00 0.000000000000000000e+00 0.000000000000000000e+00 0.000000000000000000e+00 0.000000000000000000e+00 0.000000000000000000e+00 0.000000000000000000e+00 0.000000000000000000e+00 0.000000000000000000e+00 0.000000000000000000e+00 0.000000000000000000e+00 0.000000000000000000e+00 0.000000000000000000e+00 0.000000000000000000e+00 0.000000000000000000e+00
1.732050826770785701e+00 1.732050826770782814e+00 1.732050826770781926e+00 1.732050826770785479e+00 1.732050826770785035e+00 1.732050826770785035e+00 1.732050826770785035e+00 1.732050826770785035e+00 1.732050826770785035e+00 1.732050826770785035e+00 1.732050826770785035e+00 1.732050826770785035e+00 1.732050826770785035e+00 1.732050826770785035e+00 1.732050826770785035e+00 1.732050826770785035e+00 1.732050826770785035e+00 1.732050826770785035e+00 1.732050826770785035e+00 1.732050826770785035e+00 1.732050826770785035e+00 1.732050826770785035e+00 1.732050826770785035e+00 1.732050826770785035e+00 1.732050826770785035e+00 1.732050826770785035e+00 1.732050826770785035e+00 1.732050826770785035e+00 1.732050826770785035e+00 1.732050826770785035e+00 1.732050747145646996e+00 1.732050747145646774e+00 1.732050747145646552e+00 1.732050747145646552e+00 1.732050747145646330e+00 1.732050747145646330e+00 1.732050747145646108e+00 1.732050747145646108e+00 1.732050747145645886e+00 1.732050747145645886e+00 1.732050747145645664e+00 1.732050747145645664e+00 1.732050747145645664e+00 1.732050747145645664e+00 1.732050747145645664e+00 1.732050747145645664e+00 1.732050747145645442e+00 1.732050747145645442e+00 1.732050747145645220e+00 1.732050747145645220e+00 1.732050747145645220e+00 1.732050747145645220e+00 1.732050747145645220e+00 1.732050747145645220e+00 1.732050747145645220e+00 1.732050747145645220e+00 1.732050747145645220e+00 1.732050747145645220e+00 1.732050747145645220e+00 1.732050747145645442e+00 0.000000000000000000e+00 0.000000000000000000e+00 0.000000000000000000e+00 0.000000000000000000e+00 0.000000000000000000e+00 0.000000000000000000e+00 0.000000000000000000e+00 0.000000000000000000e+00 0.000000000000000000e+00 0.000000000000000000e+00 0.000000000000000000e+00 0.000000000000000000e+00 0.000000000000000000e+00 0.000000000000000000e+00 0.000000000000000000e+00 0.000000000000000000e+00 0.000000000000000000e+00 0.000000000000000000e+00 0.000000000000000000e+00 0.000000000000000000e+00 0.000000000000000000e+00 0.000000000000000000e+00 0.000000000000000000e+00 0.000000000000000000e+00 0.000000000000000000e+00 0.000000000000000000e+00 0.000000000000000000e+00 0.000000000000000000e+00 0.000000000000000000e+00 0.000000000000000000e+00
1.732050826770785701e+00 1.732050826770782814e+00 1.732050826770781926e+00 1.732050826770785479e+00 1.732050826770785035e+00 1.732050826770785035e+00 1.732050826770785035e+00 1.732050826770785035e+00 1.732050826770785035e+00 1.732050826770785035e+00 1.732050826770785035e+00 1.732050826770785035e+00 1.732050826770785035e+00 1.732050826770785035e+00 1.732050826770785035e+00 1.732050826770785035e+00 1.732050826770785035e+00 1.732050826770785035e+00 1.732050826770785035e+00 1.732050826770785035e+00 1.732050826770785035e+00 1.732050826770785035e+00 1.732050826770785035e+00 1.732050826770785035e+00 1.732050826770785035e+00 1.732050826770785035e+00 1.732050826770785035e+00 1.732050826770785035e+00 1.732050826770785035e+00 1.732050826770785035e+00 1.732050747145646996e+00 1.732050747145646774e+00 1.732050747145646552e+00 1.732050747145646552e+00 1.732050747145646330e+00 1.732050747145646330e+00 1.732050747145646108e+00 1.732050747145646108e+00 1.732050747145645886e+00 1.732050747145645886e+00 1.732050747145645664e+00 1.732050747145645664e+00 1.732050747145645664e+00 1.732050747145645664e+00 1.732050747145645664e+00 1.732050747145645664e+00 1.732050747145645442e+00 1.732050747145645442e+00 1.732050747145645220e+00 1.732050747145645220e+00 1.732050747145645220e+00 1.732050747145645220e+00 1.732050747145645220e+00 1.732050747145645220e+00 1.732050747145645220e+00 1.732050747145645220e+00 1.732050747145645220e+00 1.732050747145645220e+00 1.732050747145645220e+00 1.732050747145645442e+00 0.000000000000000000e+00 0.000000000000000000e+00 0.000000000000000000e+00 0.000000000000000000e+00 0.000000000000000000e+00 0.000000000000000000e+00 0.000000000000000000e+00 0.000000000000000000e+00 0.000000000000000000e+00 0.000000000000000000e+00 0.000000000000000000e+00 0.000000000000000000e+00 0.000000000000000000e+00 0.000000000000000000e+00 0.000000000000000000e+00 0.000000000000000000e+00 0.000000000000000000e+00 0.000000000000000000e+00 0.000000000000000000e+00 0.000000000000000000e+00 0.000000000000000000e+00 0.000000000000000000e+00 0.000000000000000000e+00 0.000000000000000000e+00 0.000000000000000000e+00 0.000000000000000000e+00 0.000000000000000000e+00 0.000000000000000000e+00 0.000000000000000000e+00 0.000000000000000000e+00
1.732050826770785701e+00 1.732050826770782814e+00 1.732050826770781926e+00 1.732050826770785479e+00 1.732050826770785035e+00 1.732050826770785035e+00 1.732050826770785035e+00 1.732050826770785035e+00 1.732050826770785035e+00 1.732050826770785035e+00 1.732050826770785035e+00 1.732050826770785035e+00 1.732050826770785035e+00 1.732050826770785035e+00 1.732050826770785035e+00 1.732050826770785035e+00 1.732050826770785035e+00 1.732050826770785035e+00 1.732050826770785035e+00 1.732050826770785035e+00 1.732050826770785035e+00 1.732050826770785035e+00 1.732050826770785035e+00 1.732050826770785035e+00 1.732050826770785035e+00 1.732050826770785035e+00 1.732050826770785035e+00 1.732050826770785035e+00 1.732050826770785035e+00 1.732050826770785035e+00 1.732050747145646996e+00 1.732050747145646774e+00 1.732050747145646552e+00 1.732050747145646552e+00 1.732050747145646330e+00 1.732050747145646330e+00 1.732050747145646108e+00 1.732050747145646108e+00 1.732050747145645886e+00 1.732050747145645886e+00 1.732050747145645664e+00 1.732050747145645664e+00 1.732050747145645664e+00 1.732050747145645664e+00 1.732050747145645664e+00 1.732050747145645664e+00 1.732050747145645442e+00 1.732050747145645442e+00 1.732050747145645220e+00 1.732050747145645220e+00 1.732050747145645220e+00 1.732050747145645220e+00 1.732050747145645220e+00 1.732050747145645220e+00 1.732050747145645220e+00 1.732050747145645220e+00 1.732050747145645220e+00 1.732050747145645220e+00 1.732050747145645220e+00 1.732050747145645442e+00 0.000000000000000000e+00 0.000000000000000000e+00 0.000000000000000000e+00 0.000000000000000000e+00 0.000000000000000000e+00 0.000000000000000000e+00 0.000000000000000000e+00 0.000000000000000000e+00 0.000000000000000000e+00 0.000000000000000000e+00 0.000000000000000000e+00 0.000000000000000000e+00 0.000000000000000000e+00 0.000000000000000000e+00 0.000000000000000000e+00 0.000000000000000000e+00 0.000000000000000000e+00 0.000000000000000000e+00 0.000000000000000000e+00 0.000000000000000000e+00 0.000000000000000000e+00 0.000000000000000000e+00 0.000000000000000000e+00 0.000000000000000000e+00 0.000000000000000000e+00 0.000000000000000000e+00 0.000000000000000000e+00 0.000000000000000000e+00 0.000000000000000000e+00 0.000000000000000000e+00
1.732050826770785701e+00 1.732050826770782814e+00 1.732050826770781926e+00 1.732050826770785479e+00 1.732050826770785035e+00 1.732050826770785035e+00 1.732050826770785035e+00 1.732050826770785035e+00 1.732050826770785035e+00 1.732050826770785035e+00 1.732050826770785035e+00 1.732050826770785035e+00 1.732050826770785035e+00 1.732050826770785035e+00 1.732050826770785035e+00 1.732050826770785035e+00 1.732050826770785035e+00 1.732050826770785035e+00 1.732050826770785035e+00 1.732050826770785035e+00 1.732050826770785035e+00 1.732050826770785035e+00 1.732050826770785035e+00 1.732050826770785035e+00 1.732050826770785035e+00 1.732050826770785035e+00 1.732050826770785035e+00 1.732050826770785035e+00 1.732050826770785035e+00 1.732050826770785035e+00 1.732050747145646996e+00 1.732050747145646774e+00 1.732050747145646552e+00 1.732050747145646552e+00 1.732050747145646330e+00 1.732050747145646330e+00 1.732050747145646108e+00 1.732050747145646108e+00 1.732050747145645886e+00 1.732050747145645886e+00 1.732050747145645664e+00 1.732050747145645664e+00 1.732050747145645664e+00 1.732050747145645664e+00 1.732050747145645664e+00 1.732050747145645664e+00 1.732050747145645442e+00 1.732050747145645442e+00 1.732050747145645220e+00 1.732050747145645220e+00 1.732050747145645220e+00 1.732050747145645220e+00 1.732050747145645220e+00 1.732050747145645220e+00 1.732050747145645220e+00 1.732050747145645220e+00 1.732050747145645220e+00 1.732050747145645220e+00 1.732050747145645220e+00 1.732050747145645442e+00 0.000000000000000000e+00 0.000000000000000000e+00 0.000000000000000000e+00 0.000000000000000000e+00 0.000000000000000000e+00 0.000000000000000000e+00 0.000000000000000000e+00 0.000000000000000000e+00 0.000000000000000000e+00 0.000000000000000000e+00 0.000000000000000000e+00 0.000000000000000000e+00 0.000000000000000000e+00 0.000000000000000000e+00 0.000000000000000000e+00 0.000000000000000000e+00 0.000000000000000000e+00 0.000000000000000000e+00 0.000000000000000000e+00 0.000000000000000000e+00 0.000000000000000000e+00 0.000000000000000000e+00 0.000000000000000000e+00 0.000000000000000000e+00 0.000000000000000000e+00 0.000000000000000000e+00 0.000000000000000000e+00 0.000000000000000000e+00 0.000000000000000000e+00 0.000000000000000000e+00
