0.000000000000000000e+00 0.000000000000000000e+00 0.000000000000000000e+00 0.000000000000000000e+00 0.000000000000000000e+00 0.000000000000000000e+00 0.000000000000000000e+00 0.000000000000000000e+00 0.000000000000000000e+00 0.000000000000000000e+00 0.000000000000000000e+00 0.000000000000000000e+00 0.000000000000000000e+00 0.000000000000000000e+00 0.000000000000000000e+00 0.000000000000000000e+00 0.000000000000000000e+00 0.000000000000000000e+00 0.000000000000000000e+00 0.000000000000000000e+00 0.000000000000000000e+00 0.000000000000000000e+00 0.000000000000000000e+00 0.000000000000000000e+00 0.000000000000000000e+00 0.000000000000000000e+00 0.000000000000000000e+00 0.000000000000000000e+00 0.000000000000000000e+00 0.000000000000000000e+00 1.732050807568879192e+00 1.732050807568878970e+00 1.732050807568878970e+00 1.732050807568878970e+00 1.732050807568878970e+00 1.732050807568878970e+00 1.732050807568878970e+00 1.732050807568878970e+00 1.732050807568878747e+00 1.732050807568878747e+00 1.732050807568878747e+00 1.732050807568878747e+00 1.732050807568878747e+00 1.732050807568878747e+00 1.732050807568878525e+00 1.732050807568878525e+00 1.732050807568878303e+00 1.732050807568878303e+00 1.732050807568878303e+00 1.732050807568878303e+00 1.732050807568878303e+00 1.732050807568878303e+00 1.732050807568878303e+00 1.732050807568878303e+00 1.732050807568878303e+00 1.732050807568878303e+00 1.732050807568878303e+00 1.732050807568878303e+00 1.732050807568878303e+00 1.732050807568878303e+00 1.732050807568878747e+00 1.732050807568878747e+00 1.732050807568878747e+00 1.732050807568878747e+00 1.732050807568878747e+00 1.732050807568878747e+00 1.732050807568878747e+00 1.732050807568878747e+00 1.732050807568878747e+00 1.732050807568878747e+00 1.732050807568878747e+00 1.732050807568878747e+00 1.732050807568878747e+00 1.732050807568878747e+00 1.732050807568878747e+00 1.732050807568878747e+00 1.732050807568878747e+00 1.732050807568878747e+00 1.732050807568878747e+00 1.732050807568878747e+00 1.732050807568878747e+00 1.732050807568878747e+00 1.732050807568878747e+00 1.732050807568878747e+00 1.732050807568878747e+00 1.732050807568878747e+00 1.732050807568878747e+00 1.732050807568878747e+00 1.732050807568878747e+00 1.732050807568878747e+00
0.000000000000000000e+00 0.000000000000000000e+00 0.000000000000000000e+00 0.000000000000000000e+00 0.000000000000000000e+00 0.000000000000000000e+00 0.000000000000000000e+00 0.000000000000000000e+00 0.000000000000000000e+00 0.000000000000000000e+00 0.000000000000000000e+00 0.000000000000000000e+00 0.000000000000000000e+00 0.000000000000000000e+00 0.000000000000000000e+00 0.000000000000000000e+00 0.000000000000000000e+00 0.000000000000000000e+00 0.000000000000000000e+00 0.000000000000000000e+00 0.000000000000000000e+00 0.000000000000000000e+00 0.000000000000000000e+00 0.000000000000000000e+00 0.000000000000000000e+00 0.000000000000000000e+00 0.000000000000000000e+00 0.000000000000000000e+00 0.000000000000000000e+00 0.000000000000000000e+00 1.732050807568877859e+00 1.732050807568877859e+00 1.732050807568877859e+00 1.732050807568877859e+00 1.732050807568877859e+00 1.732050807568877859e+00 1.732050807568877859e+00 1.732050807568877859e+00 1.732050807568877637e+00 1.732050807568877637e+00 1.732050807568877637e+00 1.732050807568877637e+00 1.732050807568877637e+00 1.732050807568877637e+00 1.732050807568877637e+00 1.732050807568877637e+00 1.732050807568877193e+00 1.732050807568877193e+00 1.732050807568877193e+00 1.732050807568877193e+00 1.732050807568877193e+00 1.732050807568877193e+00 1.732050807568877193e+00 1.732050807568877193e+00 1.732050807568877193e+00 1.732050807568877193e+00 1.732050807568877193e+00 1.732050807568877193e+00 1.732050807568877193e+00 1.732050807568877193e+00 1.732050807568879858e+00 1.732050807568879858e+00 1.732050807568879858e+00 1.732050807568879858e+00 1.732050807568879858e+00 1.732050807568879858e+00 1.732050807568879858e+00 1.732050807568879858e+00 1.732050807568879858e+00 1.732050807568879858e+00 1.732050807568879858e+00 1.732050807568879858e+00 1.732050807568879858e+00 1.732050807568879858e+00 1.732050807568879858e+00 1.732050807568879858e+00 1.732050807568879858e+00 1.732050807568879858e+00 1.732050807568879858e+00 1.732050807568879858e+00 1.732050807568879858e+00 1.732050807568879858e+00 1.732050807568879858e+00 1.732050807568879858e+00 1.732050807568879858e+00 1.732050807568879858e+00 1.732050807568879858e+00 1.732050807568879858e+00 1.732050807568879858e+00 1.732050807568879858e+00
0.000000000000000000e+00 0.000000000000000000e+00 0.000000000000000000e+00 0.000000000000000000e+00 0.000000000000000000e+00 0.000000000000000000e+00 0.000000000000000000e+00 0.000000000000000000e+00 0.000000000000000000e+00 0.000000000000000000e+00 0.000000000000000000e+00 0.000000000000000000e+00 0.000000000000000000e+00 0.000000000000000000e+00 0.000000000000000000e+00 0.000000000000000000e+00 0.000000000000000000e+00 0.000000000000000000e+00 0.000000000000000000e+00 0.000000000000000000e+00 0.000000000000000000e+00 0.000000000000000000e+00 0.000000000000000000e+00 0.000000000000000000e+00 0.000000000000000000e+00 0.000000000000000000e+00 0.000000000000000000e+00 0.000000000000000000e+00 0.000000000000000000e+00 0.000000000000000000e+00 1.732050807568879192e+00 1.732050807568879192e+00 1.732050807568879192e+00 1.732050807568879192e+00 1.732050807568879192e+00 1.732050807568879192e+00 1.732050807568879192e+00 1.732050807568879192e+00 1.732050807568878747e+00 1.732050807568878747e+00 1.732050807568878747e+00 1.732050807568878747e+00 1.732050807568878747e+00 1.732050807568878747e+00 1.732050807568878747e+00 1.732050807568878747e+00 1.732050807568878525e+00 1.732050807568878525e+00 1.732050807568878525e+00 1.732050807568878525e+00 1.732050807568878525e+00 1.732050807568878525e+00 1.732050807568878525e+00 1.732050807568878525e+00 1.732050807568878525e+00 1.732050807568878525e+00 1.732050807568878525e+00 1.732050807568878525e+00 1.732050807568878525e+00 1.732050807568878525e+00 1.732050807568878747e+00 1.732050807568878747e+00 1.732050807568878747e+00 1.732050807568878747e+00 1.732050807568878747e+00 1.732050807568878747e+00 1.732050807568878747e+00 1.732050807568878747e+00 1.732050807568878747e+00 1.732050807568878747e+00 1.732050807568878747e+00 1.732050807568878747e+00 1.732050807568878747e+00 1.732050807568878747e+00 1.732050807568878747e+00 1.732050807568878747e+00 1.732050807568878747e+00 1.732050807568878747e+00 1.732050807568878747e+00 1.732050807568878747e+00 1.732050807568878747e+00 1.732050807568878747e+00 1.732050807568878747e+00 1.732050807568878747e+00 1.732050807568878747e+00 1.732050807568878747e+00 1.732050807568878747e+00 1.732050807568878747e+00 1.732050807568878747e+00 1.732050807568878747e+00
0.000000000000000000e+00 0.000000000000000000e+00 0.000000000000000000e+00 0.000000000000000000e+00 0.000000000000000000e+00 0.000000000000000000e+00 0.000000000000000000e+00 0.000000000000000000e+00 0.000000000000000000e+00 0.000000000000000000e+00 0.000000000000000000e+00 0.000000000000000000e+00 0.000000000000000000e+00 0.000000000000000000e+00 0.000000000000000000e+00 0.000000000000000000e+00 0.000000000000000000e+00 0.000000000000000000e+00 0.000000000000000000e+00 0.000000000000000000e+00 0.000000000000000000e+00 0.000000000000000000e+00 0.000000000000000000e+00 0.000000000000000000e+00 0.000000000000000000e+00 0.000000000000000000e+00 0.000000000000000000e+00 0.000000000000000000e+00 0.000000000000000000e+00 0.000000000000000000e+00 1.732050807568879192e+00 1.732050807568878970e+00 1.732050807568878970e+00 1.732050807568878970e+00 1.732050807568878970e+00 1.732050807568878970e+00 1.732050807568878970e+00 1.732050807568878970e+00 1.732050807568878747e+00 1.732050807568878747e+00 1.732050807568878747e+00 1.732050807568878747e+00 1.732050807568878747e+00 1.732050807568878747e+00 1.732050807568878525e+00 1.732050807568878525e+00 1.732050807568878303e+00 1.732050807568878303e+00 1.732050807568878303e+00 1.732050807568878303e+00 1.732050807568878303e+00 1.732050807568878303e+00 1.732050807568878303e+00 1.732050807568878303e+00 1.732050807568878303e+00 1.732050807568878303e+00 1.732050807568878303e+00 1.732050807568878303e+00 1.732050807568878303e+00 1.732050807568878303e+00 1.732050807568878747e+00 1.732050807568878747e+00 1.732050807568878747e+00 1.732050807568878747e+00 1.732050807568878747e+00 1.732050807568878747e+00 1.732050807568878747e+00 1.732050807568878747e+00 1.732050807568878747e+00 1.732050807568878747e+00 1.732050807568878747e+00 1.732050807568878747e+00 1.732050807568878747e+00 1.732050807568878747e+00 1.732050807568878747e+00 1.732050807568878747e+00 1.732050807568878747e+00 1.732050807568878747e+00 1.732050807568878747e+00 1.732050807568878747e+00 1.732050807568878747e+00 1.732050807568878747e+00 1.732050807568878747e+00 1.732050807568878747e+00 1.732050807568878747e+00 1.732050807568878747e+00 1.732050807568878747e+00 1.732050807568878747e+00 1.732050807568878747e+00 1.732050807568878747e+00
0.000000000000000000e+00 0.000000000000000000e+00 0.000000000000000000e+00 0.000000000000000000e+00 0.000000000000000000e+00 0.000000000000000000e+00 0.000000000000000000e+00 0.000000000000000000e+00 0.000000000000000000e+00 0.000000000000000000e+00 0.000000000000000000e+00 0.000000000000000000e+00 0.000000000000000000e+00 0.000000000000000000e+00 0.000000000000000000e+00 0.000000000000000000e+00 0.000000000000000000e+00 0.000000000000000000e+00 0.000000000000000000e+00 0.000000000000000000e+00 0.000000000000000000e+00 0.000000000000000000e+00 0.000000000000000000e+00 0.000000000000000000e+00 0.000000000000000000e+00 0.000000000000000000e+00 0.000000000000000000e+00 0.000000000000000000e+00 0.000000000000000000e+00 0.000000000000000000e+00 1.732050807568878747e+00 1.732050807568878747e+00 1.732050807568878747e+00 1.732050807568878747e+00 1.732050807568878747e+00 1.732050807568878747e+00 1.732050807568878747e+00 1.732050807568878747e+00 1.732050807568878525e+00 1.732050807568878525e+00 1.732050807568878525e+00 1.732050807568878525e+00 1.732050807568878525e+00 1.732050807568878525e+00 1.732050807568878303e+00 1.732050807568878303e+00 1.732050807568878081e+00 1.732050807568878081e+00 1.732050807568878081e+00 1.732050807568878081e+00 1.732050807568878081e+00 1.732050807568878081e+00 1.732050807568878081e+00 1.732050807568878081e+00 1.732050807568878081e+00 1.732050807568878081e+00 1.732050807568878081e+00 1.732050807568878081e+00 1.732050807568878081e+00 1.732050807568878081e+00 1.732050807568879192e+00 1.732050807568879192e+00 1.732050807568879192e+00 1.732050807568879192e+00 1.732050807568879192e+00 1.732050807568879192e+00 1.732050807568879192e+00 1.732050807568879192e+00 1.732050807568879192e+00 1.732050807568879192e+00 1.732050807568879192e+00 1.732050807568879192e+00 1.732050807568879192e+00 1.732050807568879192e+00 1.732050807568879192e+00 1.732050807568879192e+00 1.732050807568879192e+00 1.732050807568879192e+00 1.732050807568879192e+00 1.732050807568879192e+00 1.732050807568879192e+00 1.732050807568879192e+00 1.732050807568879192e+00 1.732050807568879192e+00 1.732050807568879192e+00 1.732050807568879192e+00 1.732050807568879192e+00 1.732050807568879192e+00 1.732050807568879192e+00 1.732050807568879192e+00
0.000000000000000000e+00 0.000000000000000000e+00 0.000000000000000000e+00 0.000000000000000000e+00 0.000000000000000000e+00 0.000000000000000000e+00 0.000000000000000000e+00 0.000000000000000000e+00 0.000000000000000000e+00 0.000000000000000000e+00 0.000000000000000000e+00 0.000000000000000000e+00 0.000000000000000000e+00 0.000000000000000000e+00 0.000000000000000000e+00 0.000000000000000000e+00 0.000000000000000000e+00 0.000000000000000000e+00 0.000000000000000000e+00 0.000000000000000000e+00 0.000000000000000000e+00 0.000000000000000000e+00 0.000000000000000000e+00 0.000000000000000000e+00 0.000000000000000000e+00 0.000000000000000000e+00 0.000000000000000000e+00 0.000000000000000000e+00 0.000000000000000000e+00 0.000000000000000000e+00 1.732050807568878747e+00 1.732050807568878747e+00 1.732050807568878747e+00 1.732050807568878747e+00 1.732050807568878747e+00 1.732050807568878747e+00 1.732050807568878747e+00 1.732050807568878747e+00 1.732050807568878525e+00 1.732050807568878525e+00 1.732050807568878525e+00 1.732050807568878525e+00 1.732050807568878525e+00 1.732050807568878525e+00 1.732050807568878303e+00 1.732050807568878303e+00 1.732050807568878081e+00 1.732050807568878081e+00 1.732050807568878081e+00 1.732050807568878081e+00 1.732050807568878081e+00 1.732050807568878081e+00 1.732050807568878081e+00 1.732050807568878081e+00 1.732050807568878081e+00 1.732050807568878081e+00 1.732050807568878081e+00 1.732050807568878081e+00 1.732050807568878081e+00 1.732050807568878081e+00 1.732050807568879192e+00 1.732050807568879192e+00 1.732050807568879192e+00 1.732050807568879192e+00 1.732050807568879192e+00 1.732050807568879192e+00 1.732050807568879192e+00 1.732050807568879192e+00 1.732050807568879192e+00 1.732050807568879192e+00 1.732050807568879192e+00 1.732050807568879192e+00 1.732050807568879192e+00 1.732050807568879192e+00 1.732050807568879192e+00 1.732050807568879192e+00 1.732050807568879192e+00 1.732050807568879192e+00 1.732050807568879192e+00 1.732050807568879192e+00 1.732050807568879192e+00 1.732050807568879192e+00 1.732050807568879192e+00 1.732050807568879192e+00 1.732050807568879192e+00 1.732050807568879192e+00 1.732050807568879192e+00 1.732050807568879192e+00 1.732050807568879192e+00 1.732050807568879192e+00
0.000000000000000000e+00 0.000000000000000000e+00 0.000000000000000000e+00 0.000000000000000000e+00 0.000000000000000000e+00 0.000000000000000000e+00 0.000000000000000000e+00 0.000000000000000000e+00 0.000000000000000000e+00 0.000000000000000000e+00 0.000000000000000000e+00 0.000000000000000000e+00 0.000000000000000000e+00 0.000000000000000000e+00 0.000000000000000000e+00 0.000000000000000000e+00 0.000000000000000000e+00 0.000000000000000000e+00 0.000000000000000000e+00 0.000000000000000000e+00 0.000000000000000000e+00 0.000000000000000000e+00 0.000000000000000000e+00 0.000000000000000000e+00 0.000000000000000000e+00 0.000000000000000000e+00 0.000000000000000000e+00 0.000000000000000000e+00 0.000000000000000000e+00 0.000000000000000000e+00 1.732050807568878747e+00 1.732050807568878747e+00 1.732050807568878747e+00 1.732050807568878747e+00 1.732050807568878747e+00 1.732050807568878747e+00 1.732050807568878747e+00 1.732050807568878747e+00 1.732050807568878525e+00 1.732050807568878525e+00 1.732050807568878525e+00 1.732050807568878525e+00 1.732050807568878525e+00 1.732050807568878525e+00 1.732050807568878303e+00 1.732050807568878303e+00 1.732050807568878081e+00 1.732050807568878081e+00 1.732050807568878081e+00 1.732050807568878081e+00 1.732050807568878081e+00 1.732050807568878081e+00 1.732050807568878081e+00 1.732050807568878081e+00 1.732050807568878081e+00 1.732050807568878081e+00 1.732050807568878081e+00 1.732050807568878081e+00 1.732050807568878081e+00 1.732050807568878081e+00 1.732050807568879192e+00 1.732050807568879192e+00 1.732050807568879192e+00 1.732050807568879192e+00 1.732050807568879192e+00 1.732050807568879192e+00 1.732050807568879192e+00 1.732050807568879192e+00 1.732050807568879192e+00 1.732050807568879192e+00 1.732050807568879192e+00 1.732050807568879192e+00 1.732050807568879192e+00 1.732050807568879192e+00 1.732050807568879192e+00 1.732050807568879192e+00 1.732050807568879192e+00 1.732050807568879192e+00 1.732050807568879192e+00 1.732050807568879192e+00 1.732050807568879192e+00 1.732050807568879192e+00 1.732050807568879192e+00 1.732050807568879192e+00 1.732050807568879192e+00 1.732050807568879192e+00 1.732050807568879192e+00 1.732050807568879192e+00 1.732050807568879192e+00 1.732050807568879192e+00
0.000000000000000000e+00 0.000000000000000000e+00 0.000000000000000000e+00 0.000000000000000000e+00 0.000000000000000000e+00 0.000000000000000000e+00 0.000000000000000000e+00 0.000000000000000000e+00 0.000000000000000000e+00 0.000000000000000000e+00 0.000000000000000000e+00 0.000000000000000000e+00 0.000000000000000000e+00 0.000000000000000000e+00 0.000000000000000000e+00 0.000000000000000000e+00 0.000000000000000000e+00 0.000000000000000000e+00 0.000000000000000000e+00 0.000000000000000000e+00 0.000000000000000000e+00 0.000000000000000000e+00 0.000000000000000000e+00 0.000000000000000000e+00 0.000000000000000000e+00 0.000000000000000000e+00 0.000000000000000000e+00 0.000000000000000000e+00 0.000000000000000000e+00 0.000000000000000000e+00 1.732050807568878747e+00 1.732050807568878747e+00 1.732050807568878747e+00 1.732050807568878747e+00 1.732050807568878747e+00 1.732050807568878747e+00 1.732050807568878747e+00 1.732050807568878747e+00 1.732050807568878525e+00 1.732050807568878525e+00 1.732050807568878525e+00 1.732050807568878525e+00 1.732050807568878525e+00 1.732050807568878525e+00 1.732050807568878303e+00 1.732050807568878303e+00 1.732050807568878081e+00 1.732050807568878081e+00 1.732050807568878081e+00 1.732050807568878081e+00 1.732050807568878081e+00 1.732050807568878081e+00 1.732050807568878081e+00 1.732050807568878081e+00 1.732050807568878081e+00 1.732050807568878081e+00 1.732050807568878081e+00 1.732050807568878081e+00 1.732050807568878081e+00 1.732050807568878081e+00 1.732050807568879192e+00 1.732050807568879192e+00 1.732050807568879192e+00 1.732050807568879192e+00 1.732050807568879192e+00 1.732050807568879192e+00 1.732050807568879192e+00 1.732050807568879192e+00 1.732050807568879192e+00 1.732050807568879192e+00 1.732050807568879192e+00 1.732050807568879192e+00 1.732050807568879192e+00 1.732050807568879192e+00 1.732050807568879192e+00 1.732050807568879192e+00 1.732050807568879192e+00 1.732050807568879192e+00 1.732050807568879192e+00 1.732050807568879192e+00 1.732050807568879192e+00 1.732050807568879192e+00 1.732050807568879192e+00 1.732050807568879192e+00 1.732050807568879192e+00 1.732050807568879192e+00 1.732050807568879192e+00 1.732050807568879192e+00 1.732050807568879192e+00 1.732050807568879192e+00
0.000000000000000000e+00 0.000000000000000000e+00 0.000000000000000000e+00 0.000000000000000000e+00 0.000000000000000000e+00 0.000000000000000000e+00 0.000000000000000000e+00 0.000000000000000000e+00 0.000000000000000000e+00 0.000000000000000000e+00 0.000000000000000000e+00 0.000000000000000000e+00 0.000000000000000000e+00 0.000000000000000000e+00 0.000000000000000000e+00 0.000000000000000000e+00 0.000000000000000000e+00 0.000000000000000000e+00 0.000000000000000000e+00 0.000000000000000000e+00 0.000000000000000000e+00 0.000000000000000000e+00 0.000000000000000000e+00 0.000000000000000000e+00 0.000000000000000000e+00 0.000000000000000000e+00 0.000000000000000000e+00 0.000000000000000000e+00 0.000000000000000000e+00 0.000000000000000000e+00 1.732050807568878747e+00 1.732050807568878747e+00 1.732050807568878747e+00 1.732050807568878747e+00 1.732050807568878747e+00 1.732050807568878747e+00 1.732050807568878747e+00 1.732050807568878747e+00 1.732050807568878525e+00 1.732050807568878525e+00 1.732050807568878525e+00 1.732050807568878525e+00 1.732050807568878525e+00 1.732050807568878525e+00 1.732050807568878303e+00 1.732050807568878303e+00 1.732050807568878081e+00 1.732050807568878081e+00 1.732050807568878081e+00 1.732050807568878081e+00 1.732050807568878081e+00 1.732050807568878081e+00 1.732050807568878081e+00 1.732050807568878081e+00 1.732050807568878081e+00 1.732050807568878081e+00 1.732050807568878081e+00 1.732050807568878081e+00 1.732050807568878081e+00 1.732050807568878081e+00 1.732050807568879192e+00 1.732050807568879192e+00 1.732050807568879192e+00 1.732050807568879192e+00 1.732050807568879192e+00 1.732050807568879192e+00 1.732050807568879192e+00 1.732050807568879192e+00 1.732050807568879192e+00 1.732050807568879192e+00 1.732050807568879192e+00 1.732050807568879192e+00 1.732050807568879192e+00 1.732050807568879192e+00 1.732050807568879192e+00 1.732050807568879192e+00 1.732050807568879192e+00 1.732050807568879192e+00 1.732050807568879192e+00 1.732050807568879192e+00 1.732050807568879192e+00 1.732050807568879192e+00 1.732050807568879192e+00 1.732050807568879192e+00 1.732050807568879192e+00 1.732050807568879192e+00 1.732050807568879192e+00 1.732050807568879192e+00 1.732050807568879192e+00 1.732050807568879192e+00
0.000000000000000000e+00 0.000000000000000000e+00 0.000000000000000000e+00 0.000000000000000000e+00 0.000000000000000000e+00 0.000000000000000000e+00 0.000000000000000000e+00 0.000000000000000000e+00 0.000000000000000000e+00 0.000000000000000000e+00 0.000000000000000000e+00 0.000000000000000000e+00 0.000000000000000000e+00 0.000000000000000000e+00 0.000000000000000000e+00 0.000000000000000000e+00 0.000000000000000000e+00 0.000000000000000000e+00 0.000000000000000000e+00 0.000000000000000000e+00 0.000000000000000000e+00 0.000000000000000000e+00 0.000000000000000000e+00 0.000000000000000000e+00 0.000000000000000000e+00 0.000000000000000000e+00 0.000000000000000000e+00 0.000000000000000000e+00 0.000000000000000000e+00 0.000000000000000000e+00 1.732050807568878747e+00 1.732050807568878747e+00 1.732050807568878747e+00 1.732050807568878747e+00 1.732050807568878747e+00 1.732050807568878747e+00 1.732050807568878747e+00 1.732050807568878747e+00 1.732050807568878525e+00 1.732050807568878525e+00 1.732050807568878525e+00 1.732050807568878525e+00 1.732050807568878525e+00 1.732050807568878525e+00 1.732050807568878303e+00 1.732050807568878303e+00 1.732050807568878081e+00 1.732050807568878081e+00 1.732050807568878081e+00 1.732050807568878081e+00 1.732050807568878081e+00 1.732050807568878081e+00 1.732050807568878081e+00 1.732050807568878081e+00 1.732050807568878081e+00 1.732050807568878081e+00 1.732050807568878081e+00 1.732050807568878081e+00 1.732050807568878081e+00 1.732050807568878081e+00 1.732050807568879192e+00 1.732050807568879192e+00 1.732050807568879192e+00 1.732050807568879192e+00 1.732050807568879192e+00 1.732050807568879192e+00 1.732050807568879192e+00 1.732050807568879192e+00 1.732050807568879192e+00 1.732050807568879192e+00 1.732050807568879192e+00 1.732050807568879192e+00 1.732050807568879192e+00 1.732050807568879192e+00 1.732050807568879192e+00 1.732050807568879192e+00 1.732050807568879192e+00 1.732050807568879192e+00 1.732050807568879192e+00 1.732050807568879192e+00 1.732050807568879192e+00 1.732050807568879192e+00 1.732050807568879192e+00 1.732050807568879192e+00 1.732050807568879192e+00 1.732050807568879192e+00 1.732050807568879192e+00 1.732050807568879192e+00 1.732050807568879192e+00 1.732050807568879192e+00
0.000000000000000000e+00 0.000000000000000000e+00 0.000000000000000000e+00 0.000000000000000000e+00 0.000000000000000000e+00 0.000000000000000000e+00 0.000000000000000000e+00 0.000000000000000000e+00 0.000000000000000000e+00 0.000000000000000000e+00 0.000000000000000000e+00 0.000000000000000000e+00 0.000000000000000000e+00 0.000000000000000000e+00 0.000000000000000000e+00 0.000000000000000000e+00 0.000000000000000000e+00 0.000000000000000000e+00 0.000000000000000000e+00 0.000000000000000000e+00 0.000000000000000000e+00 0.000000000000000000e+00 0.000000000000000000e+00 0.000000000000000000e+00 0.000000000000000000e+00 0.000000000000000000e+00 0.000000000000000000e+00 0.000000000000000000e+00 0.000000000000000000e+00 0.000000000000000000e+00 1.732050807568878747e+00 1.732050807568878747e+00 1.732050807568878747e+00 1.732050807568878747e+00 1.732050807568878747e+00 1.732050807568878747e+00 1.732050807568878747e+00 1.732050807568878747e+00 1.732050807568878525e+00 1.732050807568878525e+00 1.732050807568878525e+00 1.732050807568878525e+00 1.732050807568878525e+00 1.732050807568878525e+00 1.732050807568878303e+00 1.732050807568878303e+00 1.732050807568878081e+00 1.732050807568878081e+00 1.732050807568878081e+00 1.732050807568878081e+00 1.732050807568878081e+00 1.732050807568878081e+00 1.732050807568878081e+00 1.732050807568878081e+00 1.732050807568878081e+00 1.732050807568878081e+00 1.732050807568878081e+00 1.732050807568878081e+00 1.732050807568878081e+00 1.732050807568878081e+00 1.732050807568879192e+00 1.732050807568879192e+00 1.732050807568879192e+00 1.732050807568879192e+00 1.732050807568879192e+00 1.732050807568879192e+00 1.732050807568879192e+00 1.732050807568879192e+00 1.732050807568879192e+00 1.732050807568879192e+00 1.732050807568879192e+00 1.732050807568879192e+00 1.732050807568879192e+00 1.732050807568879192e+00 1.732050807568879192e+00 1.732050807568879192e+00 1.732050807568879192e+00 1.732050807568879192e+00 1.732050807568879192e+00 1.732050807568879192e+00 1.732050807568879192e+00 1.732050807568879192e+00 1.732050807568879192e+00 1.732050807568879192e+00 1.732050807568879192e+00 1.732050807568879192e+00 1.732050807568879192e+00 1.732050807568879192e+00 1.732050807568879192e+00 1.732050807568879192e+00
0.000000000000000000e+00 0.000000000000000000e+00 0.000000000000000000e+00 0.000000000000000000e+00 0.000000000000000000e+00 0.000000000000000000e+00 0.000000000000000000e+00 0.000000000000000000e+00 0.000000000000000000e+00 0.000000000000000000e+00 0.000000000000000000e+00 0.000000000000000000e+00 0.000000000000000000e+00 0.000000000000000000e+00 0.000000000000000000e+00 0.000000000000000000e+00 0.000000000000000000e+00 0.000000000000000000e+00 0.000000000000000000e+00 0.000000000000000000e+00 0.000000000000000000e+00 0.000000000000000000e+00 0.000000000000000000e+00 0.000000000000000000e+00 0.000000000000000000e+00 0.000000000000000000e+00 0.000000000000000000e+00 0.000000000000000000e+00 0.000000000000000000e+00 0.000000000000000000e+00 1.732050807568878747e+00 1.732050807568878747e+00 1.732050807568878747e+00 1.732050807568878747e+00 1.732050807568878747e+00 1.732050807568878747e+00 1.732050807568878747e+00 1.732050807568878747e+00 1.732050807568878525e+00 1.732050807568878525e+00 1.732050807568878525e+00 1.732050807568878525e+00 1.732050807568878525e+00 1.732050807568878525e+00 1.732050807568878303e+00 1.732050807568878303e+00 1.732050807568878081e+00 1.732050807568878081e+00 1.732050807568878081e+00 1.732050807568878081e+00 1.732050807568878081e+00 1.732050807568878081e+00 1.732050807568878081e+00 1.732050807568878081e+00 1.732050807568878081e+00 1.732050807568878081e+00 1.732050807568878081e+00 1.732050807568878081e+00 1.732050807568878081e+00 1.732050807568878081e+00 1.732050807568879192e+00 1.732050807568879192e+00 1.732050807568879192e+00 1.732050807568879192e+00 1.732050807568879192e+00 1.732050807568879192e+00 1.732050807568879192e+00 1.732050807568879192e+00 1.732050807568879192e+00 1.732050807568879192e+00 1.732050807568879192e+00 1.732050807568879192e+00 1.732050807568879192e+00 1.732050807568879192e+00 1.732050807568879192e+00 1.732050807568879192e+00 1.732050807568879192e+00 1.732050807568879192e+00 1.732050807568879192e+00 1.732050807568879192e+00 1.732050807568879192e+00 1.732050807568879192e+00 1.732050807568879192e+00 1.732050807568879192e+00 1.732050807568879192e+00 1.732050807568879192e+00 1.732050807568879192e+00 1.732050807568879192e+00 1.732050807568879192e+00 1.732050807568879192e+00
0.000000000000000000e+00 0.000000000000000000e+00 0.000000000000000000e+00 0.000000000000000000e+00 0.000000000000000000e+00 0.000000000000000000e+00 0.000000000000000000e+00 0.000000000000000000e+00 0.000000000000000000e+00 0.000000000000000000e+00 0.000000000000000000e+00 0.000000000000000000e+00 0.000000000000000000e+00 0.000000000000000000e+00 0.000000000000000000e+00 0.000000000000000000e+00 0.000000000000000000e+00 0.000000000000000000e+00 0.000000000000000000e+00 0.000000000000000000e+00 0.000000000000000000e+00 0.000000000000000000e+00 0.000000000000000000e+00 0.000000000000000000e+00 0.000000000000000000e+00 0.000000000000000000e+00 0.000000000000000000e+00 0.000000000000000000e+00 0.000000000000000000e+00 0.000000000000000000e+00 1.732050807568878747e+00 1.732050807568878747e+00 1.732050807568878747e+00 1.732050807568878747e+00 1.732050807568878747e+00 1.732050807568878747e+00 1.732050807568878747e+00 1.732050807568878747e+00 1.732050807568878525e+00 1.732050807568878525e+00 1.732050807568878525e+00 1.732050807568878525e+00 1.732050807568878525e+00 1.732050807568878525e+00 1.732050807568878303e+00 1.732050807568878303e+00 1.732050807568878081e+00 1.732050807568878081e+00 1.732050807568878081e+00 1.732050807568878081e+00 1.732050807568878081e+00 1.732050807568878081e+00 1.732050807568878081e+00 1.732050807568878081e+00 1.732050807568878081e+00 1.732050807568878081e+00 1.732050807568878081e+00 1.732050807568878081e+00 1.732050807568878081e+00 1.732050807568878081e+00 1.732050807568879192e+00 1.732050807568879192e+00 1.732050807568879192e+00 1.732050807568879192e+00 1.732050807568879192e+00 1.732050807568879192e+00 1.732050807568879192e+00 1.732050807568879192e+00 1.732050807568879192e+00 1.732050807568879192e+00 1.732050807568879192e+00 1.732050807568879192e+00 1.732050807568879192e+00 1.732050807568879192e+00 1.732050807568879192e+00 1.732050807568879192e+00 1.732050807568879192e+00 1.732050807568879192e+00 1.732050807568879192e+00 1.732050807568879192e+00 1.732050807568879192e+00 1.732050807568879192e+00 1.732050807568879192e+00 1.732050807568879192e+00 1.732050807568879192e+00 1.732050807568879192e+00 1.732050807568879192e+00 1.732050807568879192e+00 1.732050807568879192e+00 1.732050807568879192e+00
0.000000000000000000e+00 0.000000000000000000e+00 0.000000000000000000e+00 0.000000000000000000e+00 0.000000000000000000e+00 0.000000000000000000e+00 0.000000000000000000e+00 0.000000000000000000e+00 0.000000000000000000e+00 0.000000000000000000e+00 0.000000000000000000e+00 0.000000000000000000e+00 0.000000000000000000e+00 0.000000000000000000e+00 0.000000000000000000e+00 0.000000000000000000e+00 0.000000000000000000e+00 0.000000000000000000e+00 0.000000000000000000e+00 0.000000000000000000e+00 0.000000000000000000e+00 0.000000000000000000e+00 0.000000000000000000e+00 0.000000000000000000e+00 0.000000000000000000e+00 0.000000000000000000e+00 0.000000000000000000e+00 0.000000000000000000e+00 0.000000000000000000e+00 0.000000000000000000e+00 1.732050807568878747e+00 1.732050807568878747e+00 1.732050807568878747e+00 1.732050807568878747e+00 1.732050807568878747e+00 1.732050807568878747e+00 1.732050807568878747e+00 1.732050807568878747e+00 1.732050807568878525e+00 1.732050807568878525e+00 1.732050807568878525e+00 1.732050807568878525e+00 1.732050807568878525e+00 1.732050807568878525e+00 1.732050807568878303e+00 1.732050807568878303e+00 1.732050807568878081e+00 1.732050807568878081e+00 1.732050807568878081e+00 1.732050807568878081e+00 1.732050807568878081e+00 1.732050807568878081e+00 1.732050807568878081e+00 1.732050807568878081e+00 1.732050807568878081e+00 1.732050807568878081e+00 1.732050807568878081e+00 1.732050807568878081e+00 1.732050807568878081e+00 1.732050807568878081e+00 1.732050807568879192e+00 1.732050807568879192e+00 1.732050807568879192e+00 1.732050807568879192e+00 1.732050807568879192e+00 1.732050807568879192e+00 1.732050807568879192e+00 1.732050807568879192e+00 1.732050807568879192e+00 1.732050807568879192e+00 1.732050807568879192e+00 1.732050807568879192e+00 1.732050807568879192e+00 1.732050807568879192e+00 1.732050807568879192e+00 1.732050807568879192e+00 1.732050807568879192e+00 1.732050807568879192e+00 1.732050807568879192e+00 1.732050807568879192e+00 1.732050807568879192e+00 1.732050807568879192e+00 1.732050807568879192e+00 1.732050807568879192e+00 1.732050807568879192e+00 1.732050807568879192e+00 1.732050807568879192e+00 1.732050807568879192e+00 1.732050807568879192e+00 1.732050807568879192e+00
0.000000000000000000e+00 0.000000000000000000e+00 0.000000000000000000e+00 0.000000000000000000e+00 0.000000000000000000e+00 0.000000000000000000e+00 0.000000000000000000e+00 0.000000000000000000e+00 0.000000000000000000e+00 0.000000000000000000e+00 0.000000000000000000e+00 0.000000000000000000e+00 0.000000000000000000e+00 0.000000000000000000e+00 0.000000000000000000e+00 0.000000000000000000e+00 0.000000000000000000e+00 0.000000000000000000e+00 0.000000000000000000e+00 0.000000000000000000e+00 0.000000000000000000e+00 0.000000000000000000e+00 0.000000000000000000e+00 0.000000000000000000e+00 0.000000000000000000e+00 0.000000000000000000e+00 0.000000000000000000e+00 0.000000000000000000e+00 0.000000000000000000e+00 0.000000000000000000e+00 1.732050807568878747e+00 1.732050807568878747e+00 1.732050807568878747e+00 1.732050807568878747e+00 1.732050807568878747e+00 1.732050807568878747e+00 1.732050807568878747e+00 1.732050807568878747e+00 1.732050807568878525e+00 1.732050807568878525e+00 1.732050807568878525e+00 1.732050807568878525e+00 1.732050807568878525e+00 1.732050807568878525e+00 1.732050807568878303e+00 1.732050807568878303e+00 1.732050807568878081e+00 1.732050807568878081e+00 1.732050807568878081e+00 1.732050807568878081e+00 1.732050807568878081e+00 1.732050807568878081e+00 1.732050807568878081e+00 1.732050807568878081e+00 1.732050807568878081e+00 1.732050807568878081e+00 1.732050807568878081e+00 1.732050807568878081e+00 1.732050807568878081e+00 1.732050807568878081e+00 1.732050807568879192e+00 1.732050807568879192e+00 1.732050807568879192e+00 1.732050807568879192e+00 1.732050807568879192e+00 1.732050807568879192e+00 1.732050807568879192e+00 1.732050807568879192e+00 1.732050807568879192e+00 1.732050807568879192e+00 1.732050807568879192e+00 1.732050807568879192e+00 1.732050807568879192e+00 1.732050807568879192e+00 1.732050807568879192e+00 1.732050807568879192e+00 1.732050807568879192e+00 1.732050807568879192e+00 1.732050807568879192e+00 1.732050807568879192e+00 1.732050807568879192e+00 1.732050807568879192e+00 1.732050807568879192e+00 1.732050807568879192e+00 1.732050807568879192e+00 1.732050807568879192e+00 1.732050807568879192e+00 1.732050807568879192e+00 1.732050807568879192e+00 1.732050807568879192e+00
0.000000000000000000e+00 0.000000000000000000e+00 0.000000000000000000e+00 0.000000000000000000e+00 0.000000000000000000e+00 0.000000000000000000e+00 0.000000000000000000e+00 0.000000000000000000e+00 0.000000000000000000e+00 0.000000000000000000e+00 0.000000000000000000e+00 0.000000000000000000e+00 0.000000000000000000e+00 0.000000000000000000e+00 0.000000000000000000e+00 0.000000000000000000e+00 0.000000000000000000e+00 0.000000000000000000e+00 0.000000000000000000e+00 0.000000000000000000e+00 0.000000000000000000e+00 0.000000000000000000e+00 0.000000000000000000e+00 0.000000000000000000e+00 0.000000000000000000e+00 0.000000000000000000e+00 0.000000000000000000e+00 0.000000000000000000e+00 0.000000000000000000e+00 0.000000000000000000e+00 1.732050807568878747e+00 1.732050807568878747e+00 1.732050807568878747e+00 1.732050807568878747e+00 1.732050807568878747e+00 1.732050807568878747e+00 1.732050807568878747e+00 1.732050807568878747e+00 1.732050807568878525e+00 1.732050807568878525e+00 1.732050807568878525e+00 1.732050807568878525e+00 1.732050807568878525e+00 1.732050807568878525e+00 1.732050807568878303e+00 1.732050807568878303e+00 1.732050807568878081e+00 1.732050807568878081e+00 1.732050807568878081e+00 1.732050807568878081e+00 1.732050807568878081e+00 1.732050807568878081e+00 1.732050807568878081e+00 1.732050807568878081e+00 1.732050807568878081e+00 1.732050807568878081e+00 1.732050807568878081e+00 1.732050807568878081e+00 1.732050807568878081e+00 1.732050807568878081e+00 1.732050807568879192e+00 1.732050807568879192e+00 1.732050807568879192e+00 1.732050807568879192e+00 1.732050807568879192e+00 1.732050807568879192e+00 1.732050807568879192e+00 1.732050807568879192e+00 1.732050807568879192e+00 1.732050807568879192e+00 1.732050807568879192e+00 1.732050807568879192e+00 1.732050807568879192e+00 1.732050807568879192e+00 1.732050807568879192e+00 1.732050807568879192e+00 1.732050807568879192e+00 1.732050807568879192e+00 1.732050807568879192e+00 1.732050807568879192e+00 1.732050807568879192e+00 1.732050807568879192e+00 1.732050807568879192e+00 1.732050807568879192e+00 1.732050807568879192e+00 1.732050807568879192e+00 1.732050807568879192e+00 1.732050807568879192e+00 1.732050807568879192e+00 1.732050807568879192e+00
0.000000000000000000e+00 0.000000000000000000e+00 0.000000000000000000e+00 0.000000000000000000e+00 0.000000000000000000e+00 0.000000000000000000e+00 0.000000000000000000e+00 0.000000000000000000e+00 0.000000000000000000e+00 0.000000000000000000e+00 0.000000000000000000e+00 0.000000000000000000e+00 0.000000000000000000e+00 0.000000000000000000e+00 0.000000000000000000e+00 0.000000000000000000e+00 0.000000000000000000e+00 0.000000000000000000e+00 0.000000000000000000e+00 0.000000000000000000e+00 0.000000000000000000e+00 0.000000000000000000e+00 0.000000000000000000e+00 0.000000000000000000e+00 0.000000000000000000e+00 0.000000000000000000e+00 0.000000000000000000e+00 0.000000000000000000e+00 0.000000000000000000e+00 0.000000000000000000e+00 1.732050807568878747e+00 1.732050807568878747e+00 1.732050807568878747e+00 1.732050807568878747e+00 1.732050807568878747e+00 1.732050807568878747e+00 1.732050807568878747e+00 1.732050807568878747e+00 1.732050807568878525e+00 1.732050807568878525e+00 1.732050807568878525e+00 1.732050807568878525e+00 1.732050807568878525e+00 1.732050807568878525e+00 1.732050807568878303e+00 1.732050807568878303e+00 1.732050807568878081e+00 1.732050807568878081e+00 1.732050807568878081e+00 1.732050807568878081e+00 1.732050807568878081e+00 1.732050807568878081e+00 1.732050807568878081e+00 1.732050807568878081e+00 1.732050807568878081e+00 1.732050807568878081e+00 1.732050807568878081e+00 1.732050807568878081e+00 1.732050807568878081e+00 1.732050807568878081e+00 1.732050807568879192e+00 1.732050807568879192e+00 1.732050807568879192e+00 1.732050807568879192e+00 1.732050807568879192e+00 1.732050807568879192e+00 1.732050807568879192e+00 1.732050807568879192e+00 1.732050807568879192e+00 1.732050807568879192e+00 1.732050807568879192e+00 1.732050807568879192e+00 1.732050807568879192e+00 1.732050807568879192e+00 1.732050807568879192e+00 1.732050807568879192e+00 1.732050807568879192e+00 1.732050807568879192e+00 1.732050807568879192e+00 1.732050807568879192e+00 1.732050807568879192e+00 1.732050807568879192e+00 1.732050807568879192e+00 1.732050807568879192e+00 1.732050807568879192e+00 1.732050807568879192e+00 1.732050807568879192e+00 1.732050807568879192e+00 1.732050807568879192e+00 1.732050807568879192e+00
0.000000000000000000e+00 0.000000000000000000e+00 0.000000000000000000e+00 0.000000000000000000e+00 0.000000000000000000e+00 0.000000000000000000e+00 0.000000000000000000e+00 0.000000000000000000e+00 0.000000000000000000e+00 0.000000000000000000e+00 0.000000000000000000e+00 0.000000000000000000e+00 0.000000000000000000e+00 0.000000000000000000e+00 0.000000000000000000e+00 0.000000000000000000e+00 0.000000000000000000e+00 0.000000000000000000e+00 0.000000000000000000e+00 0.000000000000000000e+00 0.000000000000000000e+00 0.000000000000000000e+00 0.000000000000000000e+00 0.000000000000000000e+00 0.000000000000000000e+00 0.000000000000000000e+00 0.000000000000000000e+00 0.000000000000000000e+00 0.000000000000000000e+00 0.000000000000000000e+00 1.732050807568878747e+00 1.732050807568878747e+00 1.732050807568878747e+00 1.732050807568878747e+00 1.732050807568878747e+00 1.732050807568878747e+00 1.732050807568878747e+00 1.732050807568878747e+00 1.732050807568878525e+00 1.732050807568878525e+00 1.732050807568878525e+00 1.732050807568878525e+00 1.732050807568878525e+00 1.732050807568878525e+00 1.732050807568878303e+00 1.732050807568878303e+00 1.732050807568878081e+00 1.732050807568878081e+00 1.732050807568878081e+00 1.732050807568878081e+00 1.732050807568878081e+00 1.732050807568878081e+00 1.732050807568878081e+00 1.732050807568878081e+00 1.732050807568878081e+00 1.732050807568878081e+00 1.732050807568878081e+00 1.732050807568878081e+00 1.732050807568878081e+00 1.732050807568878081e+00 1.732050807568879192e+00 1.732050807568879192e+00 1.732050807568879192e+00 1.732050807568879192e+00 1.732050807568879192e+00 1.732050807568879192e+00 1.732050807568879192e+00 1.732050807568879192e+00 1.732050807568879192e+00 1.732050807568879192e+00 1.732050807568879192e+00 1.732050807568879192e+00 1.732050807568879192e+00 1.732050807568879192e+00 1.732050807568879192e+00 1.732050807568879192e+00 1.732050807568879192e+00 1.732050807568879192e+00 1.732050807568879192e+00 1.732050807568879192e+00 1.732050807568879192e+00 1.732050807568879192e+00 1.732050807568879192e+00 1.732050807568879192e+00 1.732050807568879192e+00 1.732050807568879192e+00 1.732050807568879192e+00 1.732050807568879192e+00 1.732050807568879192e+00 1.732050807568879192e+00
0.000000000000000000e+00 0.000000000000000000e+00 0.000000000000000000e+00 0.000000000000000000e+00 0.000000000000000000e+00 0.000000000000000000e+00 0.000000000000000000e+00 0.000000000000000000e+00 0.000000000000000000e+00 0.000000000000000000e+00 0.000000000000000000e+00 0.000000000000000000e+00 0.000000000000000000e+00 0.000000000000000000e+00 0.000000000000000000e+00 0.000000000000000000e+00 0.000000000000000000e+00 0.000000000000000000e+00 0.000000000000000000e+00 0.000000000000000000e+00 0.000000000000000000e+00 0.000000000000000000e+00 0.000000000000000000e+00 0.000000000000000000e+00 0.000000000000000000e+00 0.000000000000000000e+00 0.000000000000000000e+00 0.000000000000000000e+00 0.000000000000000000e+00 0.000000000000000000e+00 1.732050807568878747e+00 1.732050807568878747e+00 1.732050807568878747e+00 1.732050807568878747e+00 1.732050807568878747e+00 1.732050807568878747e+00 1.732050807568878747e+00 1.732050807568878747e+00 1.732050807568878525e+00 1.732050807568878525e+00 1.732050807568878525e+00 1.732050807568878525e+00 1.732050807568878525e+00 1.732050807568878525e+00 1.732050807568878303e+00 1.732050807568878303e+00 1.732050807568878081e+00 1.732050807568878081e+00 1.732050807568878081e+00 1.732050807568878081e+00 1.732050807568878081e+00 1.732050807568878081e+00 1.732050807568878081e+00 1.732050807568878081e+00 1.732050807568878081e+00 1.732050807568878081e+00 1.732050807568878081e+00 1.732050807568878081e+00 1.732050807568878081e+00 1.732050807568878081e+00 1.732050807568879192e+00 1.732050807568879192e+00 1.732050807568879192e+00 1.732050807568879192e+00 1.732050807568879192e+00 1.732050807568879192e+00 1.732050807568879192e+00 1.732050807568879192e+00 1.732050807568879192e+00 1.732050807568879192e+00 1.732050807568879192e+00 1.732050807568879192e+00 1.732050807568879192e+00 1.732050807568879192e+00 1.732050807568879192e+00 1.732050807568879192e+00 1.732050807568879192e+00 1.732050807568879192e+00 1.732050807568879192e+00 1.732050807568879192e+00 1.732050807568879192e+00 1.732050807568879192e+00 1.732050807568879192e+00 1.732050807568879192e+00 1.732050807568879192e+00 1.732050807568879192e+00 1.732050807568879192e+00 1.732050807568879192e+00 1.732050807568879192e+00 1.732050807568879192e+00
0.000000000000000000e+00 0.000000000000000000e+00 0.000000000000000000e+00 0.000000000000000000e+00 0.000000000000000000e+00 0.000000000000000000e+00 0.000000000000000000e+00 0.000000000000000000e+00 0.000000000000000000e+00 0.000000000000000000e+00 0.000000000000000000e+00 0.000000000000000000e+00 0.000000000000000000e+00 0.000000000000000000e+00 0.000000000000000000e+00 0.000000000000000000e+00 0.000000000000000000e+00 0.000000000000000000e+00 0.000000000000000000e+00 0.000000000000000000e+00 0.000000000000000000e+00 0.000000000000000000e+00 0.000000000000000000e+00 0.000000000000000000e+00 0.000000000000000000e+00 0.000000000000000000e+00 0.000000000000000000e+00 0.000000000000000000e+00 0.000000000000000000e+00 0.000000000000000000e+00 1.732050807568878747e+00 1.732050807568878747e+00 1.732050807568878747e+00 1.732050807568878747e+00 1.732050807568878747e+00 1.732050807568878747e+00 1.732050807568878747e+00 1.732050807568878747e+00 1.732050807568878525e+00 1.732050807568878525e+00 1.732050807568878525e+00 1.732050807568878525e+00 1.732050807568878525e+00 1.732050807568878525e+00 1.732050807568878303e+00 1.732050807568878303e+00 1.732050807568878081e+00 1.732050807568878081e+00 1.732050807568878081e+00 1.732050807568878081e+00 1.732050807568878081e+00 1.732050807568878081e+00 1.732050807568878081e+00 1.732050807568878081e+00 1.732050807568878081e+00 1.732050807568878081e+00 1.732050807568878081e+00 1.732050807568878081e+00 1.732050807568878081e+00 1.732050807568878081e+00 1.732050807568879192e+00 1.732050807568879192e+00 1.732050807568879192e+00 1.732050807568879192e+00 1.732050807568879192e+00 1.732050807568879192e+00 1.732050807568879192e+00 1.732050807568879192e+00 1.732050807568879192e+00 1.732050807568879192e+00 1.732050807568879192e+00 1.732050807568879192e+00 1.732050807568879192e+00 1.732050807568879192e+00 1.732050807568879192e+00 1.732050807568879192e+00 1.732050807568879192e+00 1.732050807568879192e+00 1.732050807568879192e+00 1.732050807568879192e+00 1.732050807568879192e+00 1.732050807568879192e+00 1.732050807568879192e+00 1.732050807568879192e+00 1.732050807568879192e+00 1.732050807568879192e+00 1.732050807568879192e+00 1.732050807568879192e+00 1.732050807568879192e+00 1.732050807568879192e+00
0.000000000000000000e+00 0.000000000000000000e+00 0.000000000000000000e+00 0.000000000000000000e+00 0.000000000000000000e+00 0.000000000000000000e+00 0.000000000000000000e+00 0.000000000000000000e+00 0.000000000000000000e+00 0.000000000000000000e+00 0.000000000000000000e+00 0.000000000000000000e+00 0.000000000000000000e+00 0.000000000000000000e+00 0.000000000000000000e+00 0.000000000000000000e+00 0.000000000000000000e+00 0.000000000000000000e+00 0.000000000000000000e+00 0.000000000000000000e+00 0.000000000000000000e+00 0.000000000000000000e+00 0.000000000000000000e+00 0.000000000000000000e+00 0.000000000000000000e+00 0.000000000000000000e+00 0.000000000000000000e+00 0.000000000000000000e+00 0.000000000000000000e+00 0.000000000000000000e+00 1.732050807568878747e+00 1.732050807568878747e+00 1.732050807568878747e+00 1.732050807568878747e+00 1.732050807568878747e+00 1.732050807568878747e+00 1.732050807568878747e+00 1.732050807568878747e+00 1.732050807568878525e+00 1.732050807568878525e+00 1.732050807568878525e+00 1.732050807568878525e+00 1.732050807568878525e+00 1.732050807568878525e+00 1.732050807568878303e+00 1.732050807568878303e+00 1.732050807568878081e+00 1.732050807568878081e+00 1.732050807568878081e+00 1.732050807568878081e+00 1.732050807568878081e+00 1.732050807568878081e+00 1.732050807568878081e+00 1.732050807568878081e+00 1.732050807568878081e+00 1.732050807568878081e+00 1.732050807568878081e+00 1.732050807568878081e+00 1.732050807568878081e+00 1.732050807568878081e+00 1.732050807568879192e+00 1.732050807568879192e+00 1.732050807568879192e+00 1.732050807568879192e+00 1.732050807568879192e+00 1.732050807568879192e+00 1.732050807568879192e+00 1.732050807568879192e+00 1.732050807568879192e+00 1.732050807568879192e+00 1.732050807568879192e+00 1.732050807568879192e+00 1.732050807568879192e+00 1.732050807568879192e+00 1.732050807568879192e+00 1.732050807568879192e+00 1.732050807568879192e+00 1.732050807568879192e+00 1.732050807568879192e+00 1.732050807568879192e+00 1.732050807568879192e+00 1.732050807568879192e+00 1.732050807568879192e+00 1.732050807568879192e+00 1.732050807568879192e+00 1.732050807568879192e+00 1.732050807568879192e+00 1.732050807568879192e+00 1.732050807568879192e+00 1.732050807568879192e+00
0.000000000000000000e+00 0.000000000000000000e+00 0.000000000000000000e+00 0.000000000000000000e+00 0.000000000000000000e+00 0.000000000000000000e+00 0.000000000000000000e+00 0.000000000000000000e+00 0.000000000000000000e+00 0.000000000000000000e+00 0.000000000000000000e+00 0.000000000000000000e+00 0.000000000000000000e+00 0.000000000000000000e+00 0.000000000000000000e+00 0.000000000000000000e+00 0.000000000000000000e+00 0.000000000000000000e+00 0.000000000000000000e+00 0.000000000000000000e+00 0.000000000000000000e+00 0.000000000000000000e+00 0.000000000000000000e+00 0.000000000000000000e+00 0.000000000000000000e+00 0.000000000000000000e+00 0.000000000000000000e+00 0.000000000000000000e+00 0.000000000000000000e+00 0.000000000000000000e+00 1.732050807568878747e+00 1.732050807568878747e+00 1.732050807568878747e+00 1.732050807568878747e+00 1.732050807568878747e+00 1.732050807568878747e+00 1.732050807568878747e+00 1.732050807568878747e+00 1.732050807568878525e+00 1.732050807568878525e+00 1.732050807568878525e+00 1.732050807568878525e+00 1.732050807568878525e+00 1.732050807568878525e+00 1.732050807568878303e+00 1.732050807568878303e+00 1.732050807568878081e+00 1.732050807568878081e+00 1.732050807568878081e+00 1.732050807568878081e+00 1.732050807568878081e+00 1.732050807568878081e+00 1.732050807568878081e+00 1.732050807568878081e+00 1.732050807568878081e+00 1.732050807568878081e+00 1.732050807568878081e+00 1.732050807568878081e+00 1.732050807568878081e+00 1.732050807568878081e+00 1.732050807568879192e+00 1.732050807568879192e+00 1.732050807568879192e+00 1.732050807568879192e+00 1.732050807568879192e+00 1.732050807568879192e+00 1.732050807568879192e+00 1.732050807568879192e+00 1.732050807568879192e+00 1.732050807568879192e+00 1.732050807568879192e+00 1.732050807568879192e+00 1.732050807568879192e+00 1.732050807568879192e+00 1.732050807568879192e+00 1.732050807568879192e+00 1.732050807568879192e+00 1.732050807568879192e+00 1.732050807568879192e+00 1.732050807568879192e+00 1.732050807568879192e+00 1.732050807568879192e+00 1.732050807568879192e+00 1.732050807568879192e+00 1.732050807568879192e+00 1.732050807568879192e+00 1.732050807568879192e+00 1.732050807568879192e+00 1.732050807568879192e+00 1.732050807568879192e+00
0.000000000000000000e+00 0.000000000000000000e+00 0.000000000000000000e+00 0.000000000000000000e+00 0.000000000000000000e+00 0.000000000000000000e+00 0.000000000000000000e+00 0.000000000000000000e+00 0.000000000000000000e+00 0.000000000000000000e+00 0.000000000000000000e+00 0.000000000000000000e+00 0.000000000000000000e+00 0.000000000000000000e+00 0.000000000000000000e+00 0.000000000000000000e+00 0.000000000000000000e+00 0.000000000000000000e+00 0.000000000000000000e+00 0.000000000000000000e+00 0.000000000000000000e+00 0.000000000000000000e+00 0.000000000000000000e+00 0.000000000000000000e+00 0.000000000000000000e+00 0.000000000000000000e+00 0.000000000000000000e+00 0.000000000000000000e+00 0.000000000000000000e+00 0.000000000000000000e+00 1.732050807568878747e+00 1.732050807568878747e+00 1.732050807568878747e+00 1.732050807568878747e+00 1.732050807568878747e+00 1.732050807568878747e+00 1.732050807568878747e+00 1.732050807568878747e+00 1.732050807568878525e+00 1.732050807568878525e+00 1.732050807568878525e+00 1.732050807568878525e+00 1.732050807568878525e+00 1.732050807568878525e+00 1.732050807568878303e+00 1.732050807568878303e+00 1.732050807568878081e+00 1.732050807568878081e+00 1.732050807568878081e+00 1.732050807568878081e+00 1.732050807568878081e+00 1.732050807568878081e+00 1.732050807568878081e+00 1.732050807568878081e+00 1.732050807568878081e+00 1.732050807568878081e+00 1.732050807568878081e+00 1.732050807568878081e+00 1.732050807568878081e+00 1.732050807568878081e+00 1.732050807568879192e+00 1.732050807568879192e+00 1.732050807568879192e+00 1.732050807568879192e+00 1.732050807568879192e+00 1.732050807568879192e+00 1.732050807568879192e+00 1.732050807568879192e+00 1.732050807568879192e+00 1.732050807568879192e+00 1.732050807568879192e+00 1.732050807568879192e+00 1.732050807568879192e+00 1.732050807568879192e+00 1.732050807568879192e+00 1.732050807568879192e+00 1.732050807568879192e+00 1.732050807568879192e+00 1.732050807568879192e+00 1.732050807568879192e+00 1.732050807568879192e+00 1.732050807568879192e+00 1.732050807568879192e+00 1.732050807568879192e+00 1.732050807568879192e+00 1.732050807568879192e+00 1.732050807568879192e+00 1.732050807568879192e+00 1.732050807568879192e+00 1.732050807568879192e+00
0.000000000000000000e+00 0.000000000000000000e+00 0.000000000000000000e+00 0.000000000000000000e+00 0.000000000000000000e+00 0.000000000000000000e+00 0.000000000000000000e+00 0.000000000000000000e+00 0.000000000000000000e+00 0.000000000000000000e+00 0.000000000000000000e+00 0.000000000000000000e+00 0.000000000000000000e+00 0.000000000000000000e+00 0.000000000000000000e+00 0.000000000000000000e+00 0.000000000000000000e+00 0.000000000000000000e+00 0.000000000000000000e+00 0.000000000000000000e+00 0.000000000000000000e+00 0.000000000000000000e+00 0.000000000000000000e+00 0.000000000000000000e+00 0.000000000000000000e+00 0.000000000000000000e+00 0.000000000000000000e+00 0.000000000000000000e+00 0.000000000000000000e+00 0.000000000000000000e+00 1.732050807568878747e+00 1.732050807568878747e+00 1.732050807568878747e+00 1.732050807568878747e+00 1.732050807568878747e+00 1.732050807568878747e+00 1.732050807568878747e+00 1.732050807568878747e+00 1.732050807568878525e+00 1.732050807568878525e+00 1.732050807568878525e+00 1.732050807568878525e+00 1.732050807568878525e+00 1.732050807568878525e+00 1.732050807568878303e+00 1.732050807568878303e+00 1.732050807568878081e+00 1.732050807568878081e+00 1.732050807568878081e+00 1.732050807568878081e+00 1.732050807568878081e+00 1.732050807568878081e+00 1.732050807568878081e+00 1.732050807568878081e+00 1.732050807568878081e+00 1.732050807568878081e+00 1.732050807568878081e+00 1.732050807568878081e+00 1.732050807568878081e+00 1.732050807568878081e+00 1.732050807568879192e+00 1.732050807568879192e+00 1.732050807568879192e+00 1.732050807568879192e+00 1.732050807568879192e+00 1.732050807568879192e+00 1.732050807568879192e+00 1.732050807568879192e+00 1.732050807568879192e+00 1.732050807568879192e+00 1.732050807568879192e+00 1.732050807568879192e+00 1.732050807568879192e+00 1.732050807568879192e+00 1.732050807568879192e+00 1.732050807568879192e+00 1.732050807568879192e+00 1.732050807568879192e+00 1.732050807568879192e+00 1.732050807568879192e+00 1.732050807568879192e+00 1.732050807568879192e+00 1.732050807568879192e+00 1.732050807568879192e+00 1.732050807568879192e+00 1.732050807568879192e+00 1.732050807568879192e+00 1.732050807568879192e+00 1.732050807568879192e+00 1.732050807568879192e+00
0.000000000000000000e+00 0.000000000000000000e+00 0.000000000000000000e+00 0.000000000000000000e+00 0.000000000000000000e+00 0.000000000000000000e+00 0.000000000000000000e+00 0.000000000000000000e+00 0.000000000000000000e+00 0.000000000000000000e+00 0.000000000000000000e+00 0.000000000000000000e+00 0.000000000000000000e+00 0.000000000000000000e+00 0.000000000000000000e+00 0.000000000000000000e+00 0.000000000000000000e+00 0.000000000000000000e+00 0.000000000000000000e+00 0.000000000000000000e+00 0.000000000000000000e+00 0.000000000000000000e+00 0.000000000000000000e+00 0.000000000000000000e+00 0.000000000000000000e+00 0.000000000000000000e+00 0.000000000000000000e+00 0.000000000000000000e+00 0.000000000000000000e+00 0.000000000000000000e+00 1.732050807568878747e+00 1.732050807568878747e+00 1.732050807568878747e+00 1.732050807568878747e+00 1.732050807568878747e+00 1.732050807568878747e+00 1.732050807568878747e+00 1.732050807568878747e+00 1.732050807568878525e+00 1.732050807568878525e+00 1.732050807568878525e+00 1.732050807568878525e+00 1.732050807568878525e+00 1.732050807568878525e+00 1.732050807568878303e+00 1.732050807568878303e+00 1.732050807568878081e+00 1.732050807568878081e+00 1.732050807568878081e+00 1.732050807568878081e+00 1.732050807568878081e+00 1.732050807568878081e+00 1.732050807568878081e+00 1.732050807568878081e+00 1.732050807568878081e+00 1.732050807568878081e+00 1.732050807568878081e+00 1.732050807568878081e+00 1.732050807568878081e+00 1.732050807568878081e+00 1.732050807568879192e+00 1.732050807568879192e+00 1.732050807568879192e+00 1.732050807568879192e+00 1.732050807568879192e+00 1.732050807568879192e+00 1.732050807568879192e+00 1.732050807568879192e+00 1.732050807568879192e+00 1.732050807568879192e+00 1.732050807568879192e+00 1.732050807568879192e+00 1.732050807568879192e+00 1.732050807568879192e+00 1.732050807568879192e+00 1.732050807568879192e+00 1.732050807568879192e+00 1.732050807568879192e+00 1.732050807568879192e+00 1.732050807568879192e+00 1.732050807568879192e+00 1.732050807568879192e+00 1.732050807568879192e+00 1.732050807568879192e+00 1.732050807568879192e+00 1.732050807568879192e+00 1.732050807568879192e+00 1.732050807568879192e+00 1.732050807568879192e+00 1.732050807568879192e+00
0.000000000000000000e+00 0.000000000000000000e+00 0.000000000000000000e+00 0.000000000000000000e+00 0.000000000000000000e+00 0.000000000000000000e+00 0.000000000000000000e+00 0.000000000000000000e+00 0.000000000000000000e+00 0.000000000000000000e+00 0.000000000000000000e+00 0.000000000000000000e+00 0.000000000000000000e+00 0.000000000000000000e+00 0.000000000000000000e+00 0.000000000000000000e+00 0.000000000000000000e+00 0.000000000000000000e+00 0.000000000000000000e+00 0.000000000000000000e+00 0.000000000000000000e+00 0.000000000000000000e+00 0.000000000000000000e+00 0.000000000000000000e+00 0.000000000000000000e+00 0.000000000000000000e+00 0.000000000000000000e+00 0.000000000000000000e+00 0.000000000000000000e+00 0.000000000000000000e+00 1.732050807568878747e+00 1.732050807568878747e+00 1.732050807568878747e+00 1.732050807568878747e+00 1.732050807568878747e+00 1.732050807568878747e+00 1.732050807568878747e+00 1.732050807568878747e+00 1.732050807568878525e+00 1.732050807568878525e+00 1.732050807568878525e+00 1.732050807568878525e+00 1.732050807568878525e+00 1.732050807568878525e+00 1.732050807568878303e+00 1.732050807568878303e+00 1.732050807568878081e+00 1.732050807568878081e+00 1.732050807568878081e+00 1.732050807568878081e+00 1.732050807568878081e+00 1.732050807568878081e+00 1.732050807568878081e+00 1.732050807568878081e+00 1.732050807568878081e+00 1.732050807568878081e+00 1.732050807568878081e+00 1.732050807568878081e+00 1.732050807568878081e+00 1.732050807568878081e+00 1.732050807568879192e+00 1.732050807568879192e+00 1.732050807568879192e+00 1.732050807568879192e+00 1.732050807568879192e+00 1.732050807568879192e+00 1.732050807568879192e+00 1.732050807568879192e+00 1.732050807568879192e+00 1.732050807568879192e+00 1.732050807568879192e+00 1.732050807568879192e+00 1.732050807568879192e+00 1.732050807568879192e+00 1.732050807568879192e+00 1.732050807568879192e+00 1.732050807568879192e+00 1.732050807568879192e+00 1.732050807568879192e+00 1.732050807568879192e+00 1.732050807568879192e+00 1.732050807568879192e+00 1.732050807568879192e+00 1.732050807568879192e+00 1.732050807568879192e+00 1.732050807568879192e+00 1.732050807568879192e+00 1.732050807568879192e+00 1.732050807568879192e+00 1.732050807568879192e+00
0.000000000000000000e+00 0.000000000000000000e+00 0.000000000000000000e+00 0.000000000000000000e+00 0.000000000000000000e+00 0.000000000000000000e+00 0.000000000000000000e+00 0.000000000000000000e+00 0.000000000000000000e+00 0.000000000000000000e+00 0.000000000000000000e+00 0.000000000000000000e+00 0.000000000000000000e+00 0.000000000000000000e+00 0.000000000000000000e+00 0.000000000000000000e+00 0.000000000000000000e+00 0.000000000000000000e+00 0.000000000000000000e+00 0.000000000000000000e+00 0.000000000000000000e+00 0.000000000000000000e+00 0.000000000000000000e+00 0.000000000000000000e+00 0.000000000000000000e+00 0.000000000000000000e+00 0.000000000000000000e+00 0.000000000000000000e+00 0.000000000000000000e+00 0.000000000000000000e+00 1.732050807568878747e+00 1.732050807568878747e+00 1.732050807568878747e+00 1.732050807568878747e+00 1.732050807568878747e+00 1.732050807568878747e+00 1.732050807568878747e+00 1.732050807568878747e+00 1.732050807568878525e+00 1.732050807568878525e+00 1.732050807568878525e+00 1.732050807568878525e+00 1.732050807568878525e+00 1.732050807568878525e+00 1.732050807568878303e+00 1.732050807568878303e+00 1.732050807568878081e+00 1.732050807568878081e+00 1.732050807568878081e+00 1.732050807568878081e+00 1.732050807568878081e+00 1.732050807568878081e+00 1.732050807568878081e+00 1.732050807568878081e+00 1.732050807568878081e+00 1.732050807568878081e+00 1.732050807568878081e+00 1.732050807568878081e+00 1.732050807568878081e+00 1.732050807568878081e+00 1.732050807568879192e+00 1.732050807568879192e+00 1.732050807568879192e+00 1.732050807568879192e+00 1.732050807568879192e+00 1.732050807568879192e+00 1.732050807568879192e+00 1.732050807568879192e+00 1.732050807568879192e+00 1.732050807568879192e+00 1.732050807568879192e+00 1.732050807568879192e+00 1.732050807568879192e+00 1.732050807568879192e+00 1.732050807568879192e+00 1.732050807568879192e+00 1.732050807568879192e+00 1.732050807568879192e+00 1.732050807568879192e+00 1.732050807568879192e+00 1.732050807568879192e+00 1.732050807568879192e+00 1.732050807568879192e+00 1.732050807568879192e+00 1.732050807568879192e+00 1.732050807568879192e+00 1.732050807568879192e+00 1.732050807568879192e+00 1.732050807568879192e+00 1.732050807568879192e+00
0.000000000000000000e+00 0.000000000000000000e+00 0.000000000000000000e+00 0.000000000000000000e+00 0.000000000000000000e+00 0.000000000000000000e+00 0.000000000000000000e+00 0.000000000000000000e+00 0.000000000000000000e+00 0.000000000000000000e+00 0.000000000000000000e+00 0.000000000000000000e+00 0.000000000000000000e+00 0.000000000000000000e+00 0.000000000000000000e+00 0.000000000000000000e+00 0.000000000000000000e+00 0.000000000000000000e+00 0.000000000000000000e+00 0.000000000000000000e+00 0.000000000000000000e+00 0.000000000000000000e+00 0.000000000000000000e+00 0.000000000000000000e+00 0.000000000000000000e+00 0.000000000000000000e+00 0.000000000000000000e+00 0.000000000000000000e+00 0.000000000000000000e+00 0.000000000000000000e+00 1.732050807568878747e+00 1.732050807568878747e+00 1.732050807568878747e+00 1.732050807568878747e+00 1.732050807568878747e+00 1.732050807568878747e+00 1.732050807568878747e+00 1.732050807568878747e+00 1.732050807568878525e+00 1.732050807568878525e+00 1.732050807568878525e+00 1.732050807568878525e+00 1.732050807568878525e+00 1.732050807568878525e+00 1.732050807568878303e+00 1.732050807568878303e+00 1.732050807568878081e+00 1.732050807568878081e+00 1.732050807568878081e+00 1.732050807568878081e+00 1.732050807568878081e+00 1.732050807568878081e+00 1.732050807568878081e+00 1.732050807568878081e+00 1.732050807568878081e+00 1.732050807568878081e+00 1.732050807568878081e+00 1.732050807568878081e+00 1.732050807568878081e+00 1.732050807568878081e+00 1.732050807568879192e+00 1.732050807568879192e+00 1.732050807568879192e+00 1.732050807568879192e+00 1.732050807568879192e+00 1.732050807568879192e+00 1.732050807568879192e+00 1.732050807568879192e+00 1.732050807568879192e+00 1.732050807568879192e+00 1.732050807568879192e+00 1.732050807568879192e+00 1.732050807568879192e+00 1.732050807568879192e+00 1.732050807568879192e+00 1.732050807568879192e+00 1.732050807568879192e+00 1.732050807568879192e+00 1.732050807568879192e+00 1.732050807568879192e+00 1.732050807568879192e+00 1.732050807568879192e+00 1.732050807568879192e+00 1.732050807568879192e+00 1.732050807568879192e+00 1.732050807568879192e+00 1.732050807568879192e+00 1.732050807568879192e+00 1.732050807568879192e+00 1.732050807568879192e+00
0.000000000000000000e+00 0.000000000000000000e+00 0.000000000000000000e+00 0.000000000000000000e+00 0.000000000000000000e+00 0.000000000000000000e+00 0.000000000000000000e+00 0.000000000000000000e+00 0.000000000000000000e+00 0.000000000000000000e+00 0.000000000000000000e+00 0.000000000000000000e+00 0.000000000000000000e+00 0.000000000000000000e+00 0.000000000000000000e+00 0.000000000000000000e+00 0.000000000000000000e+00 0.000000000000000000e+00 0.000000000000000000e+00 0.000000000000000000e+00 0.000000000000000000e+00 0.000000000000000000e+00 0.000000000000000000e+00 0.000000000000000000e+00 0.000000000000000000e+00 0.000000000000000000e+00 0.000000000000000000e+00 0.000000000000000000e+00 0.000000000000000000e+00 0.000000000000000000e+00 1.732050807568878747e+00 1.732050807568878747e+00 1.732050807568878747e+00 1.732050807568878747e+00 1.732050807568878747e+00 1.732050807568878747e+00 1.732050807568878747e+00 1.732050807568878747e+00 1.732050807568878525e+00 1.732050807568878525e+00 1.732050807568878525e+00 1.732050807568878525e+00 1.732050807568878525e+00 1.732050807568878525e+00 1.732050807568878303e+00 1.732050807568878303e+00 1.732050807568878081e+00 1.732050807568878081e+00 1.732050807568878081e+00 1.732050807568878081e+00 1.732050807568878081e+00 1.732050807568878081e+00 1.732050807568878081e+00 1.732050807568878081e+00 1.732050807568878081e+00 1.732050807568878081e+00 1.732050807568878081e+00 1.732050807568878081e+00 1.732050807568878081e+00 1.732050807568878081e+00 1.732050807568879192e+00 1.732050807568879192e+00 1.732050807568879192e+00 1.732050807568879192e+00 1.732050807568879192e+00 1.732050807568879192e+00 1.732050807568879192e+00 1.732050807568879192e+00 1.732050807568879192e+00 1.732050807568879192e+00 1.732050807568879192e+00 1.732050807568879192e+00 1.732050807568879192e+00 1.732050807568879192e+00 1.732050807568879192e+00 1.732050807568879192e+00 1.732050807568879192e+00 1.732050807568879192e+00 1.732050807568879192e+00 1.732050807568879192e+00 1.732050807568879192e+00 1.732050807568879192e+00 1.732050807568879192e+00 1.732050807568879192e+00 1.732050807568879192e+00 1.732050807568879192e+00 1.732050807568879192e+00 1.732050807568879192e+00 1.732050807568879192e+00 1.732050807568879192e+00
0.000000000000000000e+00 0.000000000000000000e+00 0.000000000000000000e+00 0.000000000000000000e+00 0.000000000000000000e+00 0.000000000000000000e+00 0.000000000000000000e+00 0.000000000000000000e+00 0.000000000000000000e+00 0.000000000000000000e+00 0.000000000000000000e+00 0.000000000000000000e+00 0.000000000000000000e+00 0.000000000000000000e+00 0.000000000000000000e+00 0.000000000000000000e+00 0.000000000000000000e+00 0.000000000000000000e+00 0.000000000000000000e+00 0.000000000000000000e+00 0.000000000000000000e+00 0.000000000000000000e+00 0.000000000000000000e+00 0.000000000000000000e+00 0.000000000000000000e+00 0.000000000000000000e+00 0.000000000000000000e+00 0.000000000000000000e+00 0.000000000000000000e+00 0.000000000000000000e+00 1.732050807568878747e+00 1.732050807568878747e+00 1.732050807568878747e+00 1.732050807568878747e+00 1.732050807568878747e+00 1.732050807568878747e+00 1.732050807568878747e+00 1.732050807568878747e+00 1.732050807568878525e+00 1.732050807568878525e+00 1.732050807568878525e+00 1.732050807568878525e+00 1.732050807568878525e+00 1.732050807568878525e+00 1.732050807568878303e+00 1.732050807568878303e+00 1.732050807568878081e+00 1.732050807568878081e+00 1.732050807568878081e+00 1.732050807568878081e+00 1.732050807568878081e+00 1.732050807568878081e+00 1.732050807568878081e+00 1.732050807568878081e+00 1.732050807568878081e+00 1.732050807568878081e+00 1.732050807568878081e+00 1.732050807568878081e+00 1.732050807568878081e+00 1.732050807568878081e+00 1.732050807568879192e+00 1.732050807568879192e+00 1.732050807568879192e+00 1.732050807568879192e+00 1.732050807568879192e+00 1.732050807568879192e+00 1.732050807568879192e+00 1.732050807568879192e+00 1.732050807568879192e+00 1.732050807568879192e+00 1.732050807568879192e+00 1.732050807568879192e+00 1.732050807568879192e+00 1.732050807568879192e+00 1.732050807568879192e+00 1.732050807568879192e+00 1.732050807568879192e+00 1.732050807568879192e+00 1.732050807568879192e+00 1.732050807568879192e+00 1.732050807568879192e+00 1.732050807568879192e+00 1.732050807568879192e+00 1.732050807568879192e+00 1.732050807568879192e+00 1.732050807568879192e+00 1.732050807568879192e+00 1.732050807568879192e+00 1.732050807568879192e+00 1.732050807568879192e+00
1.732050807568879192e+00 1.732050807568877859e+00 1.732050807568879192e+00 1.732050807568879192e+00 1.732050807568878747e+00 1.732050807568878747e+00 1.732050807568878747e+00 1.732050807568878747e+00 1.732050807568878747e+00 1.732050807568878747e+00 1.732050807568878747e+00 1.732050807568878747e+00 1.732050807568878747e+00 1.732050807568878747e+00 1.732050807568878747e+00 1.732050807568878747e+00 1.732050807568878747e+00 1.732050807568878747e+00 1.732050807568878747e+00 1.732050807568878747e+00 1.732050807568878747e+00 1.732050807568878747e+00 1.732050807568878747e+00 1.732050807568878747e+00 1.732050807568878747e+00 1.732050807568878747e+00 1.732050807568878747e+00 1.732050807568878747e+00 1.732050807568878747e+00 1.732050807568878747e+00 0.000000000000000000e+00 0.000000000000000000e+00 0.000000000000000000e+00 0.000000000000000000e+00 0.000000000000000000e+00 0.000000000000000000e+00 0.000000000000000000e+00 0.000000000000000000e+00 0.000000000000000000e+00 0.000000000000000000e+00 0.000000000000000000e+00 0.000000000000000000e+00 0.000000000000000000e+00 0.000000000000000000e+00 0.000000000000000000e+00 0.000000000000000000e+00 0.000000000000000000e+00 0.000000000000000000e+00 0.000000000000000000e+00 0.000000000000000000e+00 0.000000000000000000e+00 0.000000000000000000e+00 0.000000000000000000e+00 0.000000000000000000e+00 0.000000000000000000e+00 0.000000000000000000e+00 0.000000000000000000e+00 0.000000000000000000e+00 0.000000000000000000e+00 0.000000000000000000e+00 1.732050807568873640e+00 1.732050807568873640e+00 1.732050807568873640e+00 1.732050807568873640e+00 1.732050807568873640e+00 1.732050807568873640e+00 1.732050807568873640e+00 1.732050807568873640e+00 1.732050807568873640e+00 1.732050807568873640e+00 1.732050807568873640e+00 1.732050807568873640e+00 1.732050807568873640e+00 1.732050807568873640e+00 1.732050807568873640e+00 1.732050807568873640e+00 1.732050807568873640e+00 1.732050807568873640e+00 1.732050807568873640e+00 1.732050807568873640e+00 1.732050807568873640e+00 1.732050807568873640e+00 1.732050807568873640e+00 1.732050807568873640e+00 1.732050807568873640e+00 1.732050807568873640e+00 1.732050807568873640e+00 1.732050807568873640e+00 1.732050807568873640e+00 1.732050807568873640e+00
1.732050807568878970e+00 1.732050807568877859e+00 1.732050807568879192e+00 1.732050807568878970e+00 1.732050807568878747e+00 1.732050807568878747e+00 1.732050807568878747e+00 1.732050807568878747e+00 1.732050807568878747e+00 1.732050807568878747e+00 1.732050807568878747e+00 1.732050807568878747e+00 1.732050807568878747e+00 1.732050807568878747e+00 1.732050807568878747e+00 1.732050807568878747e+00 1.732050807568878747e+00 1.732050807568878747e+00 1.732050807568878747e+00 1.732050807568878747e+00 1.732050807568878747e+00 1.732050807568878747e+00 1.732050807568878747e+00 1.732050807568878747e+00 1.732050807568878747e+00 1.732050807568878747e+00 1.732050807568878747e+00 1.732050807568878747e+00 1.732050807568878747e+00 1.732050807568878747e+00 0.000000000000000000e+00 0.000000000000000000e+00 0.000000000000000000e+00 0.000000000000000000e+00 0.000000000000000000e+00 0.000000000000000000e+00 0.000000000000000000e+00 0.000000000000000000e+00 0.000000000000000000e+00 0.000000000000000000e+00 0.000000000000000000e+00 0.000000000000000000e+00 0.000000000000000000e+00 0.000000000000000000e+00 0.000000000000000000e+00 0.000000000000000000e+00 0.000000000000000000e+00 0.000000000000000000e+00 0.000000000000000000e+00 0.000000000000000000e+00 0.000000000000000000e+00 0.000000000000000000e+00 0.000000000000000000e+00 0.000000000000000000e+00 0.000000000000000000e+00 0.000000000000000000e+00 0.000000000000000000e+00 0.000000000000000000e+00 0.000000000000000000e+00 0.000000000000000000e+00 1.732050807568874085e+00 1.732050807568874085e+00 1.732050807568874085e+00 1.732050807568874085e+00 1.732050807568874085e+00 1.732050807568874085e+00 1.732050807568874085e+00 1.732050807568874085e+00 1.732050807568874085e+00 1.732050807568874085e+00 1.732050807568874085e+00 1.732050807568874085e+00 1.732050807568874085e+00 1.732050807568874085e+00 1.732050807568874085e+00 1.732050807568874085e+00 1.732050807568874085e+00 1.732050807568874085e+00 1.732050807568874085e+00 1.732050807568874085e+00 1.732050807568874085e+00 1.732050807568874085e+00 1.732050807568874085e+00 1.732050807568874085e+00 1.732050807568874085e+00 1.732050807568874085e+00 1.732050807568874085e+00 1.732050807568874085e+00 1.732050807568874085e+00 1.732050807568874085e+00
1.732050807568878970e+00 1.732050807568877859e+00 1.732050807568879192e+00 1.732050807568878970e+00 1.732050807568878747e+00 1.732050807568878747e+00 1.732050807568878747e+00 1.732050807568878747e+00 1.732050807568878747e+00 1.732050807568878747e+00 1.732050807568878747e+00 1.732050807568878747e+00 1.732050807568878747e+00 1.732050807568878747e+00 1.732050807568878747e+00 1.732050807568878747e+00 1.732050807568878747e+00 1.732050807568878747e+00 1.732050807568878747e+00 1.732050807568878747e+00 1.732050807568878747e+00 1.732050807568878747e+00 1.732050807568878747e+00 1.732050807568878747e+00 1.732050807568878747e+00 1.732050807568878747e+00 1.732050807568878747e+00 1.732050807568878747e+00 1.732050807568878747e+00 1.732050807568878747e+00 0.000000000000000000e+00 0.000000000000000000e+00 0.000000000000000000e+00 0.000000000000000000e+00 0.000000000000000000e+00 0.000000000000000000e+00 0.000000000000000000e+00 0.000000000000000000e+00 0.000000000000000000e+00 0.000000000000000000e+00 0.000000000000000000e+00 0.000000000000000000e+00 0.000000000000000000e+00 0.000000000000000000e+00 0.000000000000000000e+00 0.000000000000000000e+00 0.000000000000000000e+00 0.000000000000000000e+00 0.000000000000000000e+00 0.000000000000000000e+00 0.000000000000000000e+00 0.000000000000000000e+00 0.000000000000000000e+00 0.000000000000000000e+00 0.000000000000000000e+00 0.000000000000000000e+00 0.000000000000000000e+00 0.000000000000000000e+00 0.000000000000000000e+00 0.000000000000000000e+00 1.732050807568874085e+00 1.732050807568874085e+00 1.732050807568874085e+00 1.732050807568874085e+00 1.732050807568874085e+00 1.732050807568874085e+00 1.732050807568874085e+00 1.732050807568874085e+00 1.732050807568874085e+00 1.732050807568874085e+00 1.732050807568874085e+00 1.732050807568874085e+00 1.732050807568874085e+00 1.732050807568874085e+00 1.732050807568874085e+00 1.732050807568874085e+00 1.732050807568874085e+00 1.732050807568874085e+00 1.732050807568874085e+00 1.732050807568874085e+00 1.732050807568874085e+00 1.732050807568874085e+00 1.732050807568874085e+00 1.732050807568874085e+00 1.732050807568874085e+00 1.732050807568874085e+00 1.732050807568874085e+00 1.732050807568874085e+00 1.732050807568874085e+00 1.732050807568874085e+00
1.732050807568878970e+00 1.732050807568877859e+00 1.732050807568879192e+00 1.732050807568878970e+00 1.732050807568878747e+00 1.732050807568878747e+00 1.732050807568878747e+00 1.732050807568878747e+00 1.732050807568878747e+00 1.732050807568878747e+00 1.732050807568878747e+00 1.732050807568878747e+00 1.732050807568878747e+00 1.732050807568878747e+00 1.732050807568878747e+00 1.732050807568878747e+00 1.732050807568878747e+00 1.732050807568878747e+00 1.732050807568878747e+00 1.732050807568878747e+00 1.732050807568878747e+00 1.732050807568878747e+00 1.732050807568878747e+00 1.732050807568878747e+00 1.732050807568878747e+00 1.732050807568878747e+00 1.732050807568878747e+00 1.732050807568878747e+00 1.732050807568878747e+00 1.732050807568878747e+00 0.000000000000000000e+00 0.000000000000000000e+00 0.000000000000000000e+00 0.000000000000000000e+00 0.000000000000000000e+00 0.000000000000000000e+00 0.000000000000000000e+00 0.000000000000000000e+00 0.000000000000000000e+00 0.000000000000000000e+00 0.000000000000000000e+00 0.000000000000000000e+00 0.000000000000000000e+00 0.000000000000000000e+00 0.000000000000000000e+00 0.000000000000000000e+00 0.000000000000000000e+00 0.000000000000000000e+00 0.000000000000000000e+00 0.000000000000000000e+00 0.000000000000000000e+00 0.000000000000000000e+00 0.000000000000000000e+00 0.000000000000000000e+00 0.000000000000000000e+00 0.000000000000000000e+00 0.000000000000000000e+00 0.000000000000000000e+00 0.000000000000000000e+00 0.000000000000000000e+00 1.732050807568874085e+00 1.732050807568874085e+00 1.732050807568874085e+00 1.732050807568874085e+00 1.732050807568874085e+00 1.732050807568874085e+00 1.732050807568874085e+00 1.732050807568874085e+00 1.732050807568874085e+00 1.732050807568874085e+00 1.732050807568874085e+00 1.732050807568874085e+00 1.732050807568874085e+00 1.732050807568874085e+00 1.732050807568874085e+00 1.732050807568874085e+00 1.732050807568874085e+00 1.732050807568874085e+00 1.732050807568874085e+00 1.732050807568874085e+00 1.732050807568874085e+00 1.732050807568874085e+00 1.732050807568874085e+00 1.732050807568874085e+00 1.732050807568874085e+00 1.732050807568874085e+00 1.732050807568874085e+00 1.732050807568874085e+00 1.732050807568874085e+00 1.732050807568874085e+00
1.732050807568878970e+00 1.732050807568877859e+00 1.732050807568879192e+00 1.732050807568878970e+00 1.732050807568878747e+00 1.732050807568878747e+00 1.732050807568878747e+00 1.732050807568878747e+00 1.732050807568878747e+00 1.732050807568878747e+00 1.732050807568878747e+00 1.732050807568878747e+00 1.732050807568878747e+00 1.732050807568878747e+00 1.732050807568878747e+00 1.732050807568878747e+00 1.732050807568878747e+00 1.732050807568878747e+00 1.732050807568878747e+00 1.732050807568878747e+00 1.732050807568878747e+00 1.732050807568878747e+00 1.732050807568878747e+00 1.732050807568878747e+00 1.732050807568878747e+00 1.732050807568878747e+00 1.732050807568878747e+00 1.732050807568878747e+00 1.732050807568878747e+00 1.732050807568878747e+00 0.000000000000000000e+00 0.000000000000000000e+00 0.000000000000000000e+00 0.000000000000000000e+00 0.000000000000000000e+00 0.000000000000000000e+00 0.000000000000000000e+00 0.000000000000000000e+00 0.000000000000000000e+00 0.000000000000000000e+00 0.000000000000000000e+00 0.000000000000000000e+00 0.000000000000000000e+00 0.000000000000000000e+00 0.000000000000000000e+00 0.000000000000000000e+00 0.000000000000000000e+00 0.000000000000000000e+00 0.000000000000000000e+00 0.000000000000000000e+00 0.000000000000000000e+00 0.000000000000000000e+00 0.000000000000000000e+00 0.000000000000000000e+00 0.000000000000000000e+00 0.000000000000000000e+00 0.000000000000000000e+00 0.000000000000000000e+00 0.000000000000000000e+00 0.000000000000000000e+00 1.732050807568874085e+00 1.732050807568874085e+00 1.732050807568874085e+00 1.732050807568874085e+00 1.732050807568874085e+00 1.732050807568874085e+00 1.732050807568874085e+00 1.732050807568874085e+00 1.732050807568874085e+00 1.732050807568874085e+00 1.732050807568874085e+00 1.732050807568874085e+00 1.732050807568874085e+00 1.732050807568874085e+00 1.732050807568874085e+00 1.732050807568874085e+00 1.732050807568874085e+00 1.732050807568874085e+00 1.732050807568874085e+00 1.732050807568874085e+00 1.732050807568874085e+00 1.732050807568874085e+00 1.732050807568874085e+00 1.732050807568874085e+00 1.732050807568874085e+00 1.732050807568874085e+00 1.732050807568874085e+00 1.732050807568874085e+00 1.732050807568874085e+00 1.732050807568874085e+00
1.732050807568878970e+00 1.732050807568877859e+00 1.732050807568879192e+00 1.732050807568878970e+00 1.732050807568878747e+00 1.732050807568878747e+00 1.732050807568878747e+00 1.732050807568878747e+00 1.732050807568878747e+00 1.732050807568878747e+00 1.732050807568878747e+00 1.732050807568878747e+00 1.732050807568878747e+00 1.732050807568878747e+00 1.732050807568878747e+00 1.732050807568878747e+00 1.732050807568878747e+00 1.732050807568878747e+00 1.732050807568878747e+00 1.732050807568878747e+00 1.732050807568878747e+00 1.732050807568878747e+00 1.732050807568878747e+00 1.732050807568878747e+00 1.732050807568878747e+00 1.732050807568878747e+00 1.732050807568878747e+00 1.732050807568878747e+00 1.732050807568878747e+00 1.732050807568878747e+00 0.000000000000000000e+00 0.000000000000000000e+00 0.000000000000000000e+00 0.000000000000000000e+00 0.000000000000000000e+00 0.000000000000000000e+00 0.000000000000000000e+00 0.000000000000000000e+00 0.000000000000000000e+00 0.000000000000000000e+00 0.000000000000000000e+00 0.000000000000000000e+00 0.000000000000000000e+00 0.000000000000000000e+00 0.000000000000000000e+00 0.000000000000000000e+00 0.000000000000000000e+00 0.000000000000000000e+00 0.000000000000000000e+00 0.000000000000000000e+00 0.000000000000000000e+00 0.000000000000000000e+00 0.000000000000000000e+00 0.000000000000000000e+00 0.000000000000000000e+00 0.000000000000000000e+00 0.000000000000000000e+00 0.000000000000000000e+00 0.000000000000000000e+00 0.000000000000000000e+00 1.732050807568874085e+00 1.732050807568874085e+00 1.732050807568874085e+00 1.732050807568874085e+00 1.732050807568874085e+00 1.732050807568874085e+00 1.732050807568874085e+00 1.732050807568874085e+00 1.732050807568874085e+00 1.732050807568874085e+00 1.732050807568874085e+00 1.732050807568874085e+00 1.732050807568874085e+00 1.732050807568874085e+00 1.732050807568874085e+00 1.732050807568874085e+00 1.732050807568874085e+00 1.732050807568874085e+00 1.732050807568874085e+00 1.732050807568874085e+00 1.732050807568874085e+00 1.732050807568874085e+00 1.732050807568874085e+00 1.732050807568874085e+00 1.732050807568874085e+00 1.732050807568874085e+00 1.732050807568874085e+00 1.732050807568874085e+00 1.732050807568874085e+00 1.732050807568874085e+00
1.732050807568878970e+00 1.732050807568877859e+00 1.732050807568879192e+00 1.732050807568878970e+00 1.732050807568878747e+00 1.732050807568878747e+00 1.732050807568878747e+00 1.732050807568878747e+00 1.732050807568878747e+00 1.732050807568878747e+00 1.732050807568878747e+00 1.732050807568878747e+00 1.732050807568878747e+00 1.732050807568878747e+00 1.732050807568878747e+00 1.732050807568878747e+00 1.732050807568878747e+00 1.732050807568878747e+00 1.732050807568878747e+00 1.732050807568878747e+00 1.732050807568878747e+00 1.732050807568878747e+00 1.732050807568878747e+00 1.732050807568878747e+00 1.732050807568878747e+00 1.732050807568878747e+00 1.732050807568878747e+00 1.732050807568878747e+00 1.732050807568878747e+00 1.732050807568878747e+00 0.000000000000000000e+00 0.000000000000000000e+00 0.000000000000000000e+00 0.000000000000000000e+00 0.000000000000000000e+00 0.000000000000000000e+00 0.000000000000000000e+00 0.000000000000000000e+00 0.000000000000000000e+00 0.000000000000000000e+00 0.000000000000000000e+00 0.000000000000000000e+00 0.000000000000000000e+00 0.000000000000000000e+00 0.000000000000000000e+00 0.000000000000000000e+00 0.000000000000000000e+00 0.000000000000000000e+00 0.000000000000000000e+00 0.000000000000000000e+00 0.000000000000000000e+00 0.000000000000000000e+00 0.000000000000000000e+00 0.000000000000000000e+00 0.000000000000000000e+00 0.000000000000000000e+00 0.000000000000000000e+00 0.000000000000000000e+00 0.000000000000000000e+00 0.000000000000000000e+00 1.732050807568874085e+00 1.732050807568874085e+00 1.732050807568874085e+00 1.732050807568874085e+00 1.732050807568874085e+00 1.732050807568874085e+00 1.732050807568874085e+00 1.732050807568874085e+00 1.732050807568874085e+00 1.732050807568874085e+00 1.732050807568874085e+00 1.732050807568874085e+00 1.732050807568874085e+00 1.732050807568874085e+00 1.732050807568874085e+00 1.732050807568874085e+00 1.732050807568874085e+00 1.732050807568874085e+00 1.732050807568874085e+00 1.732050807568874085e+00 1.732050807568874085e+00 1.732050807568874085e+00 1.732050807568874085e+00 1.732050807568874085e+00 1.732050807568874085e+00 1.732050807568874085e+00 1.732050807568874085e+00 1.732050807568874085e+00 1.732050807568874085e+00 1.732050807568874085e+00
1.732050807568878970e+00 1.732050807568877859e+00 1.732050807568879192e+00 1.732050807568878970e+00 1.732050807568878747e+00 1.732050807568878747e+00 1.732050807568878747e+00 1.732050807568878747e+00 1.732050807568878747e+00 1.732050807568878747e+00 1.732050807568878747e+00 1.732050807568878747e+00 1.732050807568878747e+00 1.732050807568878747e+00 1.732050807568878747e+00 1.732050807568878747e+00 1.732050807568878747e+00 1.732050807568878747e+00 1.732050807568878747e+00 1.732050807568878747e+00 1.732050807568878747e+00 1.732050807568878747e+00 1.732050807568878747e+00 1.732050807568878747e+00 1.732050807568878747e+00 1.732050807568878747e+00 1.732050807568878747e+00 1.732050807568878747e+00 1.732050807568878747e+00 1.732050807568878747e+00 0.000000000000000000e+00 0.000000000000000000e+00 0.000000000000000000e+00 0.000000000000000000e+00 0.000000000000000000e+00 0.000000000000000000e+00 0.000000000000000000e+00 0.000000000000000000e+00 0.000000000000000000e+00 0.000000000000000000e+00 0.000000000000000000e+00 0.000000000000000000e+00 0.000000000000000000e+00 0.000000000000000000e+00 0.000000000000000000e+00 0.000000000000000000e+00 0.000000000000000000e+00 0.000000000000000000e+00 0.000000000000000000e+00 0.000000000000000000e+00 0.000000000000000000e+00 0.000000000000000000e+00 0.000000000000000000e+00 0.000000000000000000e+00 0.000000000000000000e+00 0.000000000000000000e+00 0.000000000000000000e+00 0.000000000000000000e+00 0.000000000000000000e+00 0.000000000000000000e+00 1.732050807568874085e+00 1.732050807568874085e+00 1.732050807568874085e+00 1.732050807568874085e+00 1.732050807568874085e+00 1.732050807568874085e+00 1.732050807568874085e+00 1.732050807568874085e+00 1.732050807568874085e+00 1.732050807568874085e+00 1.732050807568874085e+00 1.732050807568874085e+00 1.732050807568874085e+00 1.732050807568874085e+00 1.732050807568874085e+00 1.732050807568874085e+00 1.732050807568874085e+00 1.732050807568874085e+00 1.732050807568874085e+00 1.732050807568874085e+00 1.732050807568874085e+00 1.732050807568874085e+00 1.732050807568874085e+00 1.732050807568874085e+00 1.732050807568874085e+00 1.732050807568874085e+00 1.732050807568874085e+00 1.732050807568874085e+00 1.732050807568874085e+00 1.732050807568874085e+00
1.732050807568878747e+00 1.732050807568877637e+00 1.732050807568878747e+00 1.732050807568878747e+00 1.732050807568878525e+00 1.732050807568878525e+00 1.732050807568878525e+00 1.732050807568878525e+00 1.732050807568878525e+00 1.732050807568878525e+00 1.732050807568878525e+00 1.732050807568878525e+00 1.732050807568878525e+00 1.732050807568878525e+00 1.732050807568878525e+00 1.732050807568878525e+00 1.732050807568878525e+00 1.732050807568878525e+00 1.732050807568878525e+00 1.732050807568878525e+00 1.732050807568878525e+00 1.732050807568878525e+00 1.732050807568878525e+00 1.732050807568878525e+00 1.732050807568878525e+00 1.732050807568878525e+00 1.732050807568878525e+00 1.732050807568878525e+00 1.732050807568878525e+00 1.732050807568878525e+00 0.000000000000000000e+00 0.000000000000000000e+00 0.000000000000000000e+00 0.000000000000000000e+00 0.000000000000000000e+00 0.000000000000000000e+00 0.000000000000000000e+00 0.000000000000000000e+00 0.000000000000000000e+00 0.000000000000000000e+00 0.000000000000000000e+00 0.000000000000000000e+00 0.000000000000000000e+00 0.000000000000000000e+00 0.000000000000000000e+00 0.000000000000000000e+00 0.000000000000000000e+00 0.000000000000000000e+00 0.000000000000000000e+00 0.000000000000000000e+00 0.000000000000000000e+00 0.000000000000000000e+00 0.000000000000000000e+00 0.000000000000000000e+00 0.000000000000000000e+00 0.000000000000000000e+00 0.000000000000000000e+00 0.000000000000000000e+00 0.000000000000000000e+00 0.000000000000000000e+00 1.732050807568874085e+00 1.732050807568874085e+00 1.732050807568874085e+00 1.732050807568874085e+00 1.732050807568874085e+00 1.732050807568874085e+00 1.732050807568874085e+00 1.732050807568874085e+00 1.732050807568874085e+00 1.732050807568874085e+00 1.732050807568874085e+00 1.732050807568874085e+00 1.732050807568874085e+00 1.732050807568874085e+00 1.732050807568874085e+00 1.732050807568874085e+00 1.732050807568874085e+00 1.732050807568874085e+00 1.732050807568874085e+00 1.732050807568874085e+00 1.732050807568874085e+00 1.732050807568874085e+00 1.732050807568874085e+00 1.732050807568874085e+00 1.732050807568874085e+00 1.732050807568874085e+00 1.732050807568874085e+00 1.732050807568874085e+00 1.732050807568874085e+00 1.732050807568874085e+00
1.732050807568878747e+00 1.732050807568877637e+00 1.732050807568878747e+00 1.732050807568878747e+00 1.732050807568878525e+00 1.732050807568878525e+00 1.732050807568878525e+00 1.732050807568878525e+00 1.732050807568878525e+00 1.732050807568878525e+00 1.732050807568878525e+00 1.732050807568878525e+00 1.732050807568878525e+00 1.732050807568878525e+00 1.732050807568878525e+00 1.732050807568878525e+00 1.732050807568878525e+00 1.732050807568878525e+00 1.732050807568878525e+00 1.732050807568878525e+00 1.732050807568878525e+00 1.732050807568878525e+00 1.732050807568878525e+00 1.732050807568878525e+00 1.732050807568878525e+00 1.732050807568878525e+00 1.732050807568878525e+00 1.732050807568878525e+00 1.732050807568878525e+00 1.732050807568878525e+00 0.000000000000000000e+00 0.000000000000000000e+00 0.000000000000000000e+00 0.000000000000000000e+00 0.000000000000000000e+00 0.000000000000000000e+00 0.000000000000000000e+00 0.000000000000000000e+00 0.000000000000000000e+00 0.000000000000000000e+00 0.000000000000000000e+00 0.000000000000000000e+00 0.000000000000000000e+00 0.000000000000000000e+00 0.000000000000000000e+00 0.000000000000000000e+00 0.000000000000000000e+00 0.000000000000000000e+00 0.000000000000000000e+00 0.000000000000000000e+00 0.000000000000000000e+00 0.000000000000000000e+00 0.000000000000000000e+00 0.000000000000000000e+00 0.000000000000000000e+00 0.000000000000000000e+00 0.000000000000000000e+00 0.000000000000000000e+00 0.000000000000000000e+00 0.000000000000000000e+00 1.732050807568874085e+00 1.732050807568874085e+00 1.732050807568874085e+00 1.732050807568874085e+00 1.732050807568874085e+00 1.732050807568874085e+00 1.732050807568874085e+00 1.732050807568874085e+00 1.732050807568874085e+00 1.732050807568874085e+00 1.732050807568874085e+00 1.732050807568874085e+00 1.732050807568874085e+00 1.732050807568874085e+00 1.732050807568874085e+00 1.732050807568874085e+00 1.732050807568874085e+00 1.732050807568874085e+00 1.732050807568874085e+00 1.732050807568874085e+00 1.732050807568874085e+00 1.732050807568874085e+00 1.732050807568874085e+00 1.732050807568874085e+00 1.732050807568874085e+00 1.732050807568874085e+00 1.732050807568874085e+00 1.732050807568874085e+00 1.732050807568874085e+00 1.732050807568874085e+00
1.732050807568878747e+00 1.732050807568877637e+00 1.732050807568878747e+00 1.732050807568878747e+00 1.732050807568878525e+00 1.732050807568878525e+00 1.732050807568878525e+00 1.732050807568878525e+00 1.732050807568878525e+00 1.732050807568878525e+00 1.732050807568878525e+00 1.732050807568878525e+00 1.732050807568878525e+00 1.732050807568878525e+00 1.732050807568878525e+00 1.732050807568878525e+00 1.732050807568878525e+00 1.732050807568878525e+00 1.732050807568878525e+00 1.732050807568878525e+00 1.732050807568878525e+00 1.732050807568878525e+00 1.732050807568878525e+00 1.732050807568878525e+00 1.732050807568878525e+00 1.732050807568878525e+00 1.732050807568878525e+00 1.732050807568878525e+00 1.732050807568878525e+00 1.732050807568878525e+00 0.000000000000000000e+00 0.000000000000000000e+00 0.000000000000000000e+00 0.000000000000000000e+00 0.000000000000000000e+00 0.000000000000000000e+00 0.000000000000000000e+00 0.000000000000000000e+00 0.000000000000000000e+00 0.000000000000000000e+00 0.000000000000000000e+00 0.000000000000000000e+00 0.000000000000000000e+00 0.000000000000000000e+00 0.000000000000000000e+00 0.000000000000000000e+00 0.000000000000000000e+00 0.000000000000000000e+00 0.000000000000000000e+00 0.000000000000000000e+00 0.000000000000000000e+00 0.000000000000000000e+00 0.000000000000000000e+00 0.000000000000000000e+00 0.000000000000000000e+00 0.000000000000000000e+00 0.000000000000000000e+00 0.000000000000000000e+00 0.000000000000000000e+00 0.000000000000000000e+00 1.732050807568874085e+00 1.732050807568874085e+00 1.732050807568874085e+00 1.732050807568874085e+00 1.732050807568874085e+00 1.732050807568874085e+00 1.732050807568874085e+00 1.732050807568874085e+00 1.732050807568874085e+00 1.732050807568874085e+00 1.732050807568874085e+00 1.732050807568874085e+00 1.732050807568874085e+00 1.732050807568874085e+00 1.732050807568874085e+00 1.732050807568874085e+00 1.732050807568874085e+00 1.732050807568874085e+00 1.732050807568874085e+00 1.732050807568874085e+00 1.732050807568874085e+00 1.732050807568874085e+00 1.732050807568874085e+00 1.732050807568874085e+00 1.732050807568874085e+00 1.732050807568874085e+00 1.732050807568874085e+00 1.732050807568874085e+00 1.732050807568874085e+00 1.732050807568874085e+00
1.732050807568878747e+00 1.732050807568877637e+00 1.732050807568878747e+00 1.732050807568878747e+00 1.732050807568878525e+00 1.732050807568878525e+00 1.732050807568878525e+00 1.732050807568878525e+00 1.732050807568878525e+00 1.732050807568878525e+00 1.732050807568878525e+00 1.732050807568878525e+00 1.732050807568878525e+00 1.732050807568878525e+00 1.732050807568878525e+00 1.732050807568878525e+00 1.732050807568878525e+00 1.732050807568878525e+00 1.732050807568878525e+00 1.732050807568878525e+00 1.732050807568878525e+00 1.732050807568878525e+00 1.732050807568878525e+00 1.732050807568878525e+00 1.732050807568878525e+00 1.732050807568878525e+00 1.732050807568878525e+00 1.732050807568878525e+00 1.732050807568878525e+00 1.732050807568878525e+00 0.000000000000000000e+00 0.000000000000000000e+00 0.000000000000000000e+00 0.000000000000000000e+00 0.000000000000000000e+00 0.000000000000000000e+00 0.000000000000000000e+00 0.000000000000000000e+00 0.000000000000000000e+00 0.000000000000000000e+00 0.000000000000000000e+00 0.000000000000000000e+00 0.000000000000000000e+00 0.000000000000000000e+00 0.000000000000000000e+00 0.000000000000000000e+00 0.000000000000000000e+00 0.000000000000000000e+00 0.000000000000000000e+00 0.000000000000000000e+00 0.000000000000000000e+00 0.000000000000000000e+00 0.000000000000000000e+00 0.000000000000000000e+00 0.000000000000000000e+00 0.000000000000000000e+00 0.000000000000000000e+00 0.000000000000000000e+00 0.000000000000000000e+00 0.000000000000000000e+00 1.732050807568874085e+00 1.732050807568874085e+00 1.732050807568874085e+00 1.732050807568874085e+00 1.732050807568874085e+00 1.732050807568874085e+00 1.732050807568874085e+00 1.732050807568874085e+00 1.732050807568874085e+00 1.732050807568874085e+00 1.732050807568874085e+00 1.732050807568874085e+00 1.732050807568874085e+00 1.732050807568874085e+00 1.732050807568874085e+00 1.732050807568874085e+00 1.732050807568874085e+00 1.732050807568874085e+00 1.732050807568874085e+00 1.732050807568874085e+00 1.732050807568874085e+00 1.732050807568874085e+00 1.732050807568874085e+00 1.732050807568874085e+00 1.732050807568874085e+00 1.732050807568874085e+00 1.732050807568874085e+00 1.732050807568874085e+00 1.732050807568874085e+00 1.732050807568874085e+00
1.732050807568878747e+00 1.732050807568877637e+00 1.732050807568878747e+00 1.732050807568878747e+00 1.732050807568878525e+00 1.732050807568878525e+00 1.732050807568878525e+00 1.732050807568878525e+00 1.732050807568878525e+00 1.732050807568878525e+00 1.732050807568878525e+00 1.732050807568878525e+00 1.732050807568878525e+00 1.732050807568878525e+00 1.732050807568878525e+00 1.732050807568878525e+00 1.732050807568878525e+00 1.732050807568878525e+00 1.732050807568878525e+00 1.732050807568878525e+00 1.732050807568878525e+00 1.732050807568878525e+00 1.732050807568878525e+00 1.732050807568878525e+00 1.732050807568878525e+00 1.732050807568878525e+00 1.732050807568878525e+00 1.732050807568878525e+00 1.732050807568878525e+00 1.732050807568878525e+00 0.000000000000000000e+00 0.000000000000000000e+00 0.000000000000000000e+00 0.000000000000000000e+00 0.000000000000000000e+00 0.000000000000000000e+00 0.000000000000000000e+00 0.000000000000000000e+00 0.000000000000000000e+00 0.000000000000000000e+00 0.000000000000000000e+00 0.000000000000000000e+00 0.000000000000000000e+00 0.000000000000000000e+00 0.000000000000000000e+00 0.000000000000000000e+00 0.000000000000000000e+00 0.000000000000000000e+00 0.000000000000000000e+00 0.000000000000000000e+00 0.000000000000000000e+00 0.000000000000000000e+00 0.000000000000000000e+00 0.000000000000000000e+00 0.000000000000000000e+00 0.000000000000000000e+00 0.000000000000000000e+00 0.000000000000000000e+00 0.000000000000000000e+00 0.000000000000000000e+00 1.732050807568874085e+00 1.732050807568874085e+00 1.732050807568874085e+00 1.732050807568874085e+00 1.732050807568874085e+00 1.732050807568874085e+00 1.732050807568874085e+00 1.732050807568874085e+00 1.732050807568874085e+00 1.732050807568874085e+00 1.732050807568874085e+00 1.732050807568874085e+00 1.732050807568874085e+00 1.732050807568874085e+00 1.732050807568874085e+00 1.732050807568874085e+00 1.732050807568874085e+00 1.732050807568874085e+00 1.732050807568874085e+00 1.732050807568874085e+00 1.732050807568874085e+00 1.732050807568874085e+00 1.732050807568874085e+00 1.732050807568874085e+00 1.732050807568874085e+00 1.732050807568874085e+00 1.732050807568874085e+00 1.732050807568874085e+00 1.732050807568874085e+00 1.732050807568874085e+00
1.732050807568878747e+00 1.732050807568877637e+00 1.732050807568878747e+00 1.732050807568878747e+00 1.732050807568878525e+00 1.732050807568878525e+00 1.732050807568878525e+00 1.732050807568878525e+00 1.732050807568878525e+00 1.732050807568878525e+00 1.732050807568878525e+00 1.732050807568878525e+00 1.732050807568878525e+00 1.732050807568878525e+00 1.732050807568878525e+00 1.732050807568878525e+00 1.732050807568878525e+00 1.732050807568878525e+00 1.732050807568878525e+00 1.732050807568878525e+00 1.732050807568878525e+00 1.732050807568878525e+00 1.732050807568878525e+00 1.732050807568878525e+00 1.732050807568878525e+00 1.732050807568878525e+00 1.732050807568878525e+00 1.732050807568878525e+00 1.732050807568878525e+00 1.732050807568878525e+00 0.000000000000000000e+00 0.000000000000000000e+00 0.000000000000000000e+00 0.000000000000000000e+00 0.000000000000000000e+00 0.000000000000000000e+00 0.000000000000000000e+00 0.000000000000000000e+00 0.000000000000000000e+00 0.000000000000000000e+00 0.000000000000000000e+00 0.000000000000000000e+00 0.000000000000000000e+00 0.000000000000000000e+00 0.000000000000000000e+00 0.000000000000000000e+00 0.000000000000000000e+00 0.000000000000000000e+00 0.000000000000000000e+00 0.000000000000000000e+00 0.000000000000000000e+00 0.000000000000000000e+00 0.000000000000000000e+00 0.000000000000000000e+00 0.000000000000000000e+00 0.000000000000000000e+00 0.000000000000000000e+00 0.000000000000000000e+00 0.000000000000000000e+00 0.000000000000000000e+00 1.732050807568874085e+00 1.732050807568874085e+00 1.732050807568874085e+00 1.732050807568874085e+00 1.732050807568874085e+00 1.732050807568874085e+00 1.732050807568874085e+00 1.732050807568874085e+00 1.732050807568874085e+00 1.732050807568874085e+00 1.732050807568874085e+00 1.732050807568874085e+00 1.732050807568874085e+00 1.732050807568874085e+00 1.732050807568874085e+00 1.732050807568874085e+00 1.732050807568874085e+00 1.732050807568874085e+00 1.732050807568874085e+00 1.732050807568874085e+00 1.732050807568874085e+00 1.732050807568874085e+00 1.732050807568874085e+00 1.732050807568874085e+00 1.732050807568874085e+00 1.732050807568874085e+00 1.732050807568874085e+00 1.732050807568874085e+00 1.732050807568874085e+00 1.732050807568874085e+00
1.732050807568878525e+00 1.732050807568877637e+00 1.732050807568878747e+00 1.732050807568878525e+00 1.732050807568878303e+00 1.732050807568878303e+00 1.732050807568878303e+00 1.732050807568878303e+00 1.732050807568878303e+00 1.732050807568878303e+00 1.732050807568878303e+00 1.732050807568878303e+00 1.732050807568878303e+00 1.732050807568878303e+00 1.732050807568878303e+00 1.732050807568878303e+00 1.732050807568878303e+00 1.732050807568878303e+00 1.732050807568878303e+00 1.732050807568878303e+00 1.732050807568878303e+00 1.732050807568878303e+00 1.732050807568878303e+00 1.732050807568878303e+00 1.732050807568878303e+00 1.732050807568878303e+00 1.732050807568878303e+00 1.732050807568878303e+00 1.732050807568878303e+00 1.732050807568878303e+00 0.000000000000000000e+00 0.000000000000000000e+00 0.000000000000000000e+00 0.000000000000000000e+00 0.000000000000000000e+00 0.000000000000000000e+00 0.000000000000000000e+00 0.000000000000000000e+00 0.000000000000000000e+00 0.000000000000000000e+00 0.000000000000000000e+00 0.000000000000000000e+00 0.000000000000000000e+00 0.000000000000000000e+00 0.000000000000000000e+00 0.000000000000000000e+00 0.000000000000000000e+00 0.000000000000000000e+00 0.000000000000000000e+00 0.000000000000000000e+00 0.000000000000000000e+00 0.000000000000000000e+00 0.000000000000000000e+00 0.000000000000000000e+00 0.000000000000000000e+00 0.000000000000000000e+00 0.000000000000000000e+00 0.000000000000000000e+00 0.000000000000000000e+00 0.000000000000000000e+00 1.732050807568874529e+00 1.732050807568874529e+00 1.732050807568874529e+00 1.732050807568874529e+00 1.732050807568874529e+00 1.732050807568874529e+00 1.732050807568874529e+00 1.732050807568874529e+00 1.732050807568874529e+00 1.732050807568874529e+00 1.732050807568874529e+00 1.732050807568874529e+00 1.732050807568874529e+00 1.732050807568874529e+00 1.732050807568874529e+00 1.732050807568874529e+00 1.732050807568874529e+00 1.732050807568874529e+00 1.732050807568874529e+00 1.732050807568874529e+00 1.732050807568874529e+00 1.732050807568874529e+00 1.732050807568874529e+00 1.732050807568874529e+00 1.732050807568874529e+00 1.732050807568874529e+00 1.732050807568874529e+00 1.732050807568874529e+00 1.732050807568874529e+00 1.732050807568874529e+00
1.732050807568878525e+00 1.732050807568877637e+00 1.732050807568878747e+00 1.732050807568878525e+00 1.732050807568878303e+00 1.732050807568878303e+00 1.732050807568878303e+00 1.732050807568878303e+00 1.732050807568878303e+00 1.732050807568878303e+00 1.732050807568878303e+00 1.732050807568878303e+00 1.732050807568878303e+00 1.732050807568878303e+00 1.732050807568878303e+00 1.732050807568878303e+00 1.732050807568878303e+00 1.732050807568878303e+00 1.732050807568878303e+00 1.732050807568878303e+00 1.732050807568878303e+00 1.732050807568878303e+00 1.732050807568878303e+00 1.732050807568878303e+00 1.732050807568878303e+00 1.732050807568878303e+00 1.732050807568878303e+00 1.732050807568878303e+00 1.732050807568878303e+00 1.732050807568878303e+00 0.000000000000000000e+00 0.000000000000000000e+00 0.000000000000000000e+00 0.000000000000000000e+00 0.000000000000000000e+00 0.000000000000000000e+00 0.000000000000000000e+00 0.000000000000000000e+00 0.000000000000000000e+00 0.000000000000000000e+00 0.000000000000000000e+00 0.000000000000000000e+00 0.000000000000000000e+00 0.000000000000000000e+00 0.000000000000000000e+00 0.000000000000000000e+00 0.000000000000000000e+00 0.000000000000000000e+00 0.000000000000000000e+00 0.000000000000000000e+00 0.000000000000000000e+00 0.000000000000000000e+00 0.000000000000000000e+00 0.000000000000000000e+00 0.000000000000000000e+00 0.000000000000000000e+00 0.000000000000000000e+00 0.000000000000000000e+00 0.000000000000000000e+00 0.000000000000000000e+00 1.732050807568874529e+00 1.732050807568874529e+00 1.732050807568874529e+00 1.732050807568874529e+00 1.732050807568874529e+00 1.732050807568874529e+00 1.732050807568874529e+00 1.732050807568874529e+00 1.732050807568874529e+00 1.732050807568874529e+00 1.732050807568874529e+00 1.732050807568874529e+00 1.732050807568874529e+00 1.732050807568874529e+00 1.732050807568874529e+00 1.732050807568874529e+00 1.732050807568874529e+00 1.732050807568874529e+00 1.732050807568874529e+00 1.732050807568874529e+00 1.732050807568874529e+00 1.732050807568874529e+00 1.732050807568874529e+00 1.732050807568874529e+00 1.732050807568874529e+00 1.732050807568874529e+00 1.732050807568874529e+00 1.732050807568874529e+00 1.732050807568874529e+00 1.732050807568874529e+00
1.732050807568878303e+00 1.732050807568877193e+00 1.732050807568878525e+00 1.732050807568878303e+00 1.732050807568878081e+00 1.732050807568878081e+00 1.732050807568878081e+00 1.732050807568878081e+00 1.732050807568878081e+00 1.732050807568878081e+00 1.732050807568878081e+00 1.732050807568878081e+00 1.732050807568878081e+00 1.732050807568878081e+00 1.732050807568878081e+00 1.732050807568878081e+00 1.732050807568878081e+00 1.732050807568878081e+00 1.732050807568878081e+00 1.732050807568878081e+00 1.732050807568878081e+00 1.732050807568878081e+00 1.732050807568878081e+00 1.732050807568878081e+00 1.732050807568878081e+00 1.732050807568878081e+00 1.732050807568878081e+00 1.732050807568878081e+00 1.732050807568878081e+00 1.732050807568878081e+00 0.000000000000000000e+00 0.000000000000000000e+00 0.000000000000000000e+00 0.000000000000000000e+00 0.000000000000000000e+00 0.000000000000000000e+00 0.000000000000000000e+00 0.000000000000000000e+00 0.000000000000000000e+00 0.000000000000000000e+00 0.000000000000000000e+00 0.000000000000000000e+00 0.000000000000000000e+00 0.000000000000000000e+00 0.000000000000000000e+00 0.000000000000000000e+00 0.000000000000000000e+00 0.000000000000000000e+00 0.000000000000000000e+00 0.000000000000000000e+00 0.000000000000000000e+00 0.000000000000000000e+00 0.000000000000000000e+00 0.000000000000000000e+00 0.000000000000000000e+00 0.000000000000000000e+00 0.000000000000000000e+00 0.000000000000000000e+00 0.000000000000000000e+00 0.000000000000000000e+00 1.732050807568874529e+00 1.732050807568874529e+00 1.732050807568874529e+00 1.732050807568874529e+00 1.732050807568874529e+00 1.732050807568874529e+00 1.732050807568874529e+00 1.732050807568874529e+00 1.732050807568874529e+00 1.732050807568874529e+00 1.732050807568874529e+00 1.732050807568874529e+00 1.732050807568874529e+00 1.732050807568874529e+00 1.732050807568874529e+00 1.732050807568874529e+00 1.732050807568874529e+00 1.732050807568874529e+00 1.732050807568874529e+00 1.732050807568874529e+00 1.732050807568874529e+00 1.732050807568874529e+00 1.732050807568874529e+00 1.732050807568874529e+00 1.732050807568874529e+00 1.732050807568874529e+00 1.732050807568874529e+00 1.732050807568874529e+00 1.732050807568874529e+00 1.732050807568874529e+00
1.732050807568878303e+00 1.732050807568877193e+00 1.732050807568878525e+00 1.732050807568878303e+00 1.732050807568878081e+00 1.732050807568878081e+00 1.732050807568878081e+00 1.732050807568878081e+00 1.732050807568878081e+00 1.732050807568878081e+00 1.732050807568878081e+00 1.732050807568878081e+00 1.732050807568878081e+00 1.732050807568878081e+00 1.732050807568878081e+00 1.732050807568878081e+00 1.732050807568878081e+00 1.732050807568878081e+00 1.732050807568878081e+00 1.732050807568878081e+00 1.732050807568878081e+00 1.732050807568878081e+00 1.732050807568878081e+00 1.732050807568878081e+00 1.732050807568878081e+00 1.732050807568878081e+00 1.732050807568878081e+00 1.732050807568878081e+00 1.732050807568878081e+00 1.732050807568878081e+00 0.000000000000000000e+00 0.000000000000000000e+00 0.000000000000000000e+00 0.000000000000000000e+00 0.000000000000000000e+00 0.000000000000000000e+00 0.000000000000000000e+00 0.000000000000000000e+00 0.000000000000000000e+00 0.000000000000000000e+00 0.000000000000000000e+00 0.000000000000000000e+00 0.000000000000000000e+00 0.000000000000000000e+00 0.000000000000000000e+00 0.000000000000000000e+00 0.000000000000000000e+00 0.000000000000000000e+00 0.000000000000000000e+00 0.000000000000000000e+00 0.000000000000000000e+00 0.000000000000000000e+00 0.000000000000000000e+00 0.000000000000000000e+00 0.000000000000000000e+00 0.000000000000000000e+00 0.000000000000000000e+00 0.000000000000000000e+00 0.000000000000000000e+00 0.000000000000000000e+00 1.732050807568874529e+00 1.732050807568874529e+00 1.732050807568874529e+00 1.732050807568874529e+00 1.732050807568874529e+00 1.732050807568874529e+00 1.732050807568874529e+00 1.732050807568874529e+00 1.732050807568874529e+00 1.732050807568874529e+00 1.732050807568874529e+00 1.732050807568874529e+00 1.732050807568874529e+00 1.732050807568874529e+00 1.732050807568874529e+00 1.732050807568874529e+00 1.732050807568874529e+00 1.732050807568874529e+00 1.732050807568874529e+00 1.732050807568874529e+00 1.732050807568874529e+00 1.732050807568874529e+00 1.732050807568874529e+00 1.732050807568874529e+00 1.732050807568874529e+00 1.732050807568874529e+00 1.732050807568874529e+00 1.732050807568874529e+00 1.732050807568874529e+00 1.732050807568874529e+00
1.732050807568878303e+00 1.732050807568877193e+00 1.732050807568878525e+00 1.732050807568878303e+00 1.732050807568878081e+00 1.732050807568878081e+00 1.732050807568878081e+00 1.732050807568878081e+00 1.732050807568878081e+00 1.732050807568878081e+00 1.732050807568878081e+00 1.732050807568878081e+00 1.732050807568878081e+00 1.732050807568878081e+00 1.732050807568878081e+00 1.732050807568878081e+00 1.732050807568878081e+00 1.732050807568878081e+00 1.732050807568878081e+00 1.732050807568878081e+00 1.732050807568878081e+00 1.732050807568878081e+00 1.732050807568878081e+00 1.732050807568878081e+00 1.732050807568878081e+00 1.732050807568878081e+00 1.732050807568878081e+00 1.732050807568878081e+00 1.732050807568878081e+00 1.732050807568878081e+00 0.000000000000000000e+00 0.000000000000000000e+00 0.000000000000000000e+00 0.000000000000000000e+00 0.000000000000000000e+00 0.000000000000000000e+00 0.000000000000000000e+00 0.000000000000000000e+00 0.000000000000000000e+00 0.000000000000000000e+00 0.000000000000000000e+00 0.000000000000000000e+00 0.000000000000000000e+00 0.000000000000000000e+00 0.000000000000000000e+00 0.000000000000000000e+00 0.000000000000000000e+00 0.000000000000000000e+00 0.000000000000000000e+00 0.000000000000000000e+00 0.000000000000000000e+00 0.000000000000000000e+00 0.000000000000000000e+00 0.000000000000000000e+00 0.000000000000000000e+00 0.000000000000000000e+00 0.000000000000000000e+00 0.000000000000000000e+00 0.000000000000000000e+00 0.000000000000000000e+00 1.732050807568874529e+00 1.732050807568874529e+00 1.732050807568874529e+00 1.732050807568874529e+00 1.732050807568874529e+00 1.732050807568874529e+00 1.732050807568874529e+00 1.732050807568874529e+00 1.732050807568874529e+00 1.732050807568874529e+00 1.732050807568874529e+00 1.732050807568874529e+00 1.732050807568874529e+00 1.732050807568874529e+00 1.732050807568874529e+00 1.732050807568874529e+00 1.732050807568874529e+00 1.732050807568874529e+00 1.732050807568874529e+00 1.732050807568874529e+00 1.732050807568874529e+00 1.732050807568874529e+00 1.732050807568874529e+00 1.732050807568874529e+00 1.732050807568874529e+00 1.732050807568874529e+00 1.732050807568874529e+00 1.732050807568874529e+00 1.732050807568874529e+00 1.732050807568874529e+00
1.732050807568878303e+00 1.732050807568877193e+00 1.732050807568878525e+00 1.732050807568878303e+00 1.732050807568878081e+00 1.732050807568878081e+00 1.732050807568878081e+00 1.732050807568878081e+00 1.732050807568878081e+00 1.732050807568878081e+00 1.732050807568878081e+00 1.732050807568878081e+00 1.732050807568878081e+00 1.732050807568878081e+00 1.732050807568878081e+00 1.732050807568878081e+00 1.732050807568878081e+00 1.732050807568878081e+00 1.732050807568878081e+00 1.732050807568878081e+00 1.732050807568878081e+00 1.732050807568878081e+00 1.732050807568878081e+00 1.732050807568878081e+00 1.732050807568878081e+00 1.732050807568878081e+00 1.732050807568878081e+00 1.732050807568878081e+00 1.732050807568878081e+00 1.732050807568878081e+00 0.000000000000000000e+00 0.000000000000000000e+00 0.000000000000000000e+00 0.000000000000000000e+00 0.000000000000000000e+00 0.000000000000000000e+00 0.000000000000000000e+00 0.000000000000000000e+00 0.000000000000000000e+00 0.000000000000000000e+00 0.000000000000000000e+00 0.000000000000000000e+00 0.000000000000000000e+00 0.000000000000000000e+00 0.000000000000000000e+00 0.000000000000000000e+00 0.000000000000000000e+00 0.000000000000000000e+00 0.000000000000000000e+00 0.000000000000000000e+00 0.000000000000000000e+00 0.000000000000000000e+00 0.000000000000000000e+00 0.000000000000000000e+00 0.000000000000000000e+00 0.000000000000000000e+00 0.000000000000000000e+00 0.000000000000000000e+00 0.000000000000000000e+00 0.000000000000000000e+00 1.732050807568874529e+00 1.732050807568874529e+00 1.732050807568874529e+00 1.732050807568874529e+00 1.732050807568874529e+00 1.732050807568874529e+00 1.732050807568874529e+00 1.732050807568874529e+00 1.732050807568874529e+00 1.732050807568874529e+00 1.732050807568874529e+00 1.732050807568874529e+00 1.732050807568874529e+00 1.732050807568874529e+00 1.732050807568874529e+00 1.732050807568874529e+00 1.732050807568874529e+00 1.732050807568874529e+00 1.732050807568874529e+00 1.732050807568874529e+00 1.732050807568874529e+00 1.732050807568874529e+00 1.732050807568874529e+00 1.732050807568874529e+00 1.732050807568874529e+00 1.732050807568874529e+00 1.732050807568874529e+00 1.732050807568874529e+00 1.732050807568874529e+00 1.732050807568874529e+00
1.732050807568878303e+00 1.732050807568877193e+00 1.732050807568878525e+00 1.732050807568878303e+00 1.732050807568878081e+00 1.732050807568878081e+00 1.732050807568878081e+00 1.732050807568878081e+00 1.732050807568878081e+00 1.732050807568878081e+00 1.732050807568878081e+00 1.732050807568878081e+00 1.732050807568878081e+00 1.732050807568878081e+00 1.732050807568878081e+00 1.732050807568878081e+00 1.732050807568878081e+00 1.732050807568878081e+00 1.732050807568878081e+00 1.732050807568878081e+00 1.732050807568878081e+00 1.732050807568878081e+00 1.732050807568878081e+00 1.732050807568878081e+00 1.732050807568878081e+00 1.732050807568878081e+00 1.732050807568878081e+00 1.732050807568878081e+00 1.732050807568878081e+00 1.732050807568878081e+00 0.000000000000000000e+00 0.000000000000000000e+00 0.000000000000000000e+00 0.000000000000000000e+00 0.000000000000000000e+00 0.000000000000000000e+00 0.000000000000000000e+00 0.000000000000000000e+00 0.000000000000000000e+00 0.000000000000000000e+00 0.000000000000000000e+00 0.000000000000000000e+00 0.000000000000000000e+00 0.000000000000000000e+00 0.000000000000000000e+00 0.000000000000000000e+00 0.000000000000000000e+00 0.000000000000000000e+00 0.000000000000000000e+00 0.000000000000000000e+00 0.000000000000000000e+00 0.000000000000000000e+00 0.000000000000000000e+00 0.000000000000000000e+00 0.000000000000000000e+00 0.000000000000000000e+00 0.000000000000000000e+00 0.000000000000000000e+00 0.000000000000000000e+00 0.000000000000000000e+00 1.732050807568874529e+00 1.732050807568874529e+00 1.732050807568874529e+00 1.732050807568874529e+00 1.732050807568874529e+00 1.732050807568874529e+00 1.732050807568874529e+00 1.732050807568874529e+00 1.732050807568874529e+00 1.732050807568874529e+00 1.732050807568874529e+00 1.732050807568874529e+00 1.732050807568874529e+00 1.732050807568874529e+00 1.732050807568874529e+00 1.732050807568874529e+00 1.732050807568874529e+00 1.732050807568874529e+00 1.732050807568874529e+00 1.732050807568874529e+00 1.732050807568874529e+00 1.732050807568874529e+00 1.732050807568874529e+00 1.732050807568874529e+00 1.732050807568874529e+00 1.732050807568874529e+00 1.732050807568874529e+00 1.732050807568874529e+00 1.732050807568874529e+00 1.732050807568874529e+00
1.732050807568878303e+00 1.732050807568877193e+00 1.732050807568878525e+00 1.732050807568878303e+00 1.732050807568878081e+00 1.732050807568878081e+00 1.732050807568878081e+00 1.732050807568878081e+00 1.732050807568878081e+00 1.732050807568878081e+00 1.732050807568878081e+00 1.732050807568878081e+00 1.732050807568878081e+00 1.732050807568878081e+00 1.732050807568878081e+00 1.732050807568878081e+00 1.732050807568878081e+00 1.732050807568878081e+00 1.732050807568878081e+00 1.732050807568878081e+00 1.732050807568878081e+00 1.732050807568878081e+00 1.732050807568878081e+00 1.732050807568878081e+00 1.732050807568878081e+00 1.732050807568878081e+00 1.732050807568878081e+00 1.732050807568878081e+00 1.732050807568878081e+00 1.732050807568878081e+00 0.000000000000000000e+00 0.000000000000000000e+00 0.000000000000000000e+00 0.000000000000000000e+00 0.000000000000000000e+00 0.000000000000000000e+00 0.000000000000000000e+00 0.000000000000000000e+00 0.000000000000000000e+00 0.000000000000000000e+00 0.000000000000000000e+00 0.000000000000000000e+00 0.000000000000000000e+00 0.000000000000000000e+00 0.000000000000000000e+00 0.000000000000000000e+00 0.000000000000000000e+00 0.000000000000000000e+00 0.000000000000000000e+00 0.000000000000000000e+00 0.000000000000000000e+00 0.000000000000000000e+00 0.000000000000000000e+00 0.000000000000000000e+00 0.000000000000000000e+00 0.000000000000000000e+00 0.000000000000000000e+00 0.000000000000000000e+00 0.000000000000000000e+00 0.000000000000000000e+00 1.732050807568874529e+00 1.732050807568874529e+00 1.732050807568874529e+00 1.732050807568874529e+00 1.732050807568874529e+00 1.732050807568874529e+00 1.732050807568874529e+00 1.732050807568874529e+00 1.732050807568874529e+00 1.732050807568874529e+00 1.732050807568874529e+00 1.732050807568874529e+00 1.732050807568874529e+00 1.732050807568874529e+00 1.732050807568874529e+00 1.732050807568874529e+00 1.732050807568874529e+00 1.732050807568874529e+00 1.732050807568874529e+00 1.732050807568874529e+00 1.732050807568874529e+00 1.732050807568874529e+00 1.732050807568874529e+00 1.732050807568874529e+00 1.732050807568874529e+00 1.732050807568874529e+00 1.732050807568874529e+00 1.732050807568874529e+00 1.732050807568874529e+00 1.732050807568874529e+00
1.732050807568878303e+00 1.732050807568877193e+00 1.732050807568878525e+00 1.732050807568878303e+00 1.732050807568878081e+00 1.732050807568878081e+00 1.732050807568878081e+00 1.732050807568878081e+00 1.732050807568878081e+00 1.732050807568878081e+00 1.732050807568878081e+00 1.732050807568878081e+00 1.732050807568878081e+00 1.732050807568878081e+00 1.732050807568878081e+00 1.732050807568878081e+00 1.732050807568878081e+00 1.732050807568878081e+00 1.732050807568878081e+00 1.732050807568878081e+00 1.732050807568878081e+00 1.732050807568878081e+00 1.732050807568878081e+00 1.732050807568878081e+00 1.732050807568878081e+00 1.732050807568878081e+00 1.732050807568878081e+00 1.732050807568878081e+00 1.732050807568878081e+00 1.732050807568878081e+00 0.000000000000000000e+00 0.000000000000000000e+00 0.000000000000000000e+00 0.000000000000000000e+00 0.000000000000000000e+00 0.000000000000000000e+00 0.000000000000000000e+00 0.000000000000000000e+00 0.000000000000000000e+00 0.000000000000000000e+00 0.000000000000000000e+00 0.000000000000000000e+00 0.000000000000000000e+00 0.000000000000000000e+00 0.000000000000000000e+00 0.000000000000000000e+00 0.000000000000000000e+00 0.000000000000000000e+00 0.000000000000000000e+00 0.000000000000000000e+00 0.000000000000000000e+00 0.000000000000000000e+00 0.000000000000000000e+00 0.000000000000000000e+00 0.000000000000000000e+00 0.000000000000000000e+00 0.000000000000000000e+00 0.000000000000000000e+00 0.000000000000000000e+00 0.000000000000000000e+00 1.732050807568874529e+00 1.732050807568874529e+00 1.732050807568874529e+00 1.732050807568874529e+00 1.732050807568874529e+00 1.732050807568874529e+00 1.732050807568874529e+00 1.732050807568874529e+00 1.732050807568874529e+00 1.732050807568874529e+00 1.732050807568874529e+00 1.732050807568874529e+00 1.732050807568874529e+00 1.732050807568874529e+00 1.732050807568874529e+00 1.732050807568874529e+00 1.732050807568874529e+00 1.732050807568874529e+00 1.732050807568874529e+00 1.732050807568874529e+00 1.732050807568874529e+00 1.732050807568874529e+00 1.732050807568874529e+00 1.732050807568874529e+00 1.732050807568874529e+00 1.732050807568874529e+00 1.732050807568874529e+00 1.732050807568874529e+00 1.732050807568874529e+00 1.732050807568874529e+00
1.732050807568878303e+00 1.732050807568877193e+00 1.732050807568878525e+00 1.732050807568878303e+00 1.732050807568878081e+00 1.732050807568878081e+00 1.732050807568878081e+00 1.732050807568878081e+00 1.732050807568878081e+00 1.732050807568878081e+00 1.732050807568878081e+00 1.732050807568878081e+00 1.732050807568878081e+00 1.732050807568878081e+00 1.732050807568878081e+00 1.732050807568878081e+00 1.732050807568878081e+00 1.732050807568878081e+00 1.732050807568878081e+00 1.732050807568878081e+00 1.732050807568878081e+00 1.732050807568878081e+00 1.732050807568878081e+00 1.732050807568878081e+00 1.732050807568878081e+00 1.732050807568878081e+00 1.732050807568878081e+00 1.732050807568878081e+00 1.732050807568878081e+00 1.732050807568878081e+00 0.000000000000000000e+00 0.000000000000000000e+00 0.000000000000000000e+00 0.000000000000000000e+00 0.000000000000000000e+00 0.000000000000000000e+00 0.000000000000000000e+00 0.000000000000000000e+00 0.000000000000000000e+00 0.000000000000000000e+00 0.000000000000000000e+00 0.000000000000000000e+00 0.000000000000000000e+00 0.000000000000000000e+00 0.000000000000000000e+00 0.000000000000000000e+00 0.000000000000000000e+00 0.000000000000000000e+00 0.000000000000000000e+00 0.000000000000000000e+00 0.000000000000000000e+00 0.000000000000000000e+00 0.000000000000000000e+00 0.000000000000000000e+00 0.000000000000000000e+00 0.000000000000000000e+00 0.000000000000000000e+00 0.000000000000000000e+00 0.000000000000000000e+00 0.000000000000000000e+00 1.732050807568874529e+00 1.732050807568874529e+00 1.732050807568874529e+00 1.732050807568874529e+00 1.732050807568874529e+00 1.732050807568874529e+00 1.732050807568874529e+00 1.732050807568874529e+00 1.732050807568874529e+00 1.732050807568874529e+00 1.732050807568874529e+00 1.732050807568874529e+00 1.732050807568874529e+00 1.732050807568874529e+00 1.732050807568874529e+00 1.732050807568874529e+00 1.732050807568874529e+00 1.732050807568874529e+00 1.732050807568874529e+00 1.732050807568874529e+00 1.732050807568874529e+00 1.732050807568874529e+00 1.732050807568874529e+00 1.732050807568874529e+00 1.732050807568874529e+00 1.732050807568874529e+00 1.732050807568874529e+00 1.732050807568874529e+00 1.732050807568874529e+00 1.732050807568874529e+00
1.732050807568878303e+00 1.732050807568877193e+00 1.732050807568878525e+00 1.732050807568878303e+00 1.732050807568878081e+00 1.732050807568878081e+00 1.732050807568878081e+00 1.732050807568878081e+00 1.732050807568878081e+00 1.732050807568878081e+00 1.732050807568878081e+00 1.732050807568878081e+00 1.732050807568878081e+00 1.732050807568878081e+00 1.732050807568878081e+00 1.732050807568878081e+00 1.732050807568878081e+00 1.732050807568878081e+00 1.732050807568878081e+00 1.732050807568878081e+00 1.732050807568878081e+00 1.732050807568878081e+00 1.732050807568878081e+00 1.732050807568878081e+00 1.732050807568878081e+00 1.732050807568878081e+00 1.732050807568878081e+00 1.732050807568878081e+00 1.732050807568878081e+00 1.732050807568878081e+00 0.000000000000000000e+00 0.000000000000000000e+00 0.000000000000000000e+00 0.000000000000000000e+00 0.000000000000000000e+00 0.000000000000000000e+00 0.000000000000000000e+00 0.000000000000000000e+00 0.000000000000000000e+00 0.000000000000000000e+00 0.000000000000000000e+00 0.000000000000000000e+00 0.000000000000000000e+00 0.000000000000000000e+00 0.000000000000000000e+00 0.000000000000000000e+00 0.000000000000000000e+00 0.000000000000000000e+00 0.000000000000000000e+00 0.000000000000000000e+00 0.000000000000000000e+00 0.000000000000000000e+00 0.000000000000000000e+00 0.000000000000000000e+00 0.000000000000000000e+00 0.000000000000000000e+00 0.000000000000000000e+00 0.000000000000000000e+00 0.000000000000000000e+00 0.000000000000000000e+00 1.732050807568874529e+00 1.732050807568874529e+00 1.732050807568874529e+00 1.732050807568874529e+00 1.732050807568874529e+00 1.732050807568874529e+00 1.732050807568874529e+00 1.732050807568874529e+00 1.732050807568874529e+00 1.732050807568874529e+00 1.732050807568874529e+00 1.732050807568874529e+00 1.732050807568874529e+00 1.732050807568874529e+00 1.732050807568874529e+00 1.732050807568874529e+00 1.732050807568874529e+00 1.732050807568874529e+00 1.732050807568874529e+00 1.732050807568874529e+00 1.732050807568874529e+00 1.732050807568874529e+00 1.732050807568874529e+00 1.732050807568874529e+00 1.732050807568874529e+00 1.732050807568874529e+00 1.732050807568874529e+00 1.732050807568874529e+00 1.732050807568874529e+00 1.732050807568874529e+00
1.732050807568878303e+00 1.732050807568877193e+00 1.732050807568878525e+00 1.732050807568878303e+00 1.732050807568878081e+00 1.732050807568878081e+00 1.732050807568878081e+00 1.732050807568878081e+00 1.732050807568878081e+00 1.732050807568878081e+00 1.732050807568878081e+00 1.732050807568878081e+00 1.732050807568878081e+00 1.732050807568878081e+00 1.732050807568878081e+00 1.732050807568878081e+00 1.732050807568878081e+00 1.732050807568878081e+00 1.732050807568878081e+00 1.732050807568878081e+00 1.732050807568878081e+00 1.732050807568878081e+00 1.732050807568878081e+00 1.732050807568878081e+00 1.732050807568878081e+00 1.732050807568878081e+00 1.732050807568878081e+00 1.732050807568878081e+00 1.732050807568878081e+00 1.732050807568878081e+00 0.000000000000000000e+00 0.000000000000000000e+00 0.000000000000000000e+00 0.000000000000000000e+00 0.000000000000000000e+00 0.000000000000000000e+00 0.000000000000000000e+00 0.000000000000000000e+00 0.000000000000000000e+00 0.000000000000000000e+00 0.000000000000000000e+00 0.000000000000000000e+00 0.000000000000000000e+00 0.000000000000000000e+00 0.000000000000000000e+00 0.000000000000000000e+00 0.000000000000000000e+00 0.000000000000000000e+00 0.000000000000000000e+00 0.000000000000000000e+00 0.000000000000000000e+00 0.000000000000000000e+00 0.000000000000000000e+00 0.000000000000000000e+00 0.000000000000000000e+00 0.000000000000000000e+00 0.000000000000000000e+00 0.000000000000000000e+00 0.000000000000000000e+00 0.000000000000000000e+00 1.732050807568874529e+00 1.732050807568874529e+00 1.732050807568874529e+00 1.732050807568874529e+00 1.732050807568874529e+00 1.732050807568874529e+00 1.732050807568874529e+00 1.732050807568874529e+00 1.732050807568874529e+00 1.732050807568874529e+00 1.732050807568874529e+00 1.732050807568874529e+00 1.732050807568874529e+00 1.732050807568874529e+00 1.732050807568874529e+00 1.732050807568874529e+00 1.732050807568874529e+00 1.732050807568874529e+00 1.732050807568874529e+00 1.732050807568874529e+00 1.732050807568874529e+00 1.732050807568874529e+00 1.732050807568874529e+00 1.732050807568874529e+00 1.732050807568874529e+00 1.732050807568874529e+00 1.732050807568874529e+00 1.732050807568874529e+00 1.732050807568874529e+00 1.732050807568874529e+00
1.732050807568878303e+00 1.732050807568877193e+00 1.732050807568878525e+00 1.732050807568878303e+00 1.732050807568878081e+00 1.732050807568878081e+00 1.732050807568878081e+00 1.732050807568878081e+00 1.732050807568878081e+00 1.732050807568878081e+00 1.732050807568878081e+00 1.732050807568878081e+00 1.732050807568878081e+00 1.732050807568878081e+00 1.732050807568878081e+00 1.732050807568878081e+00 1.732050807568878081e+00 1.732050807568878081e+00 1.732050807568878081e+00 1.732050807568878081e+00 1.732050807568878081e+00 1.732050807568878081e+00 1.732050807568878081e+00 1.732050807568878081e+00 1.732050807568878081e+00 1.732050807568878081e+00 1.732050807568878081e+00 1.732050807568878081e+00 1.732050807568878081e+00 1.732050807568878081e+00 0.000000000000000000e+00 0.000000000000000000e+00 0.000000000000000000e+00 0.000000000000000000e+00 0.000000000000000000e+00 0.000000000000000000e+00 0.000000000000000000e+00 0.000000000000000000e+00 0.000000000000000000e+00 0.000000000000000000e+00 0.000000000000000000e+00 0.000000000000000000e+00 0.000000000000000000e+00 0.000000000000000000e+00 0.000000000000000000e+00 0.000000000000000000e+00 0.000000000000000000e+00 0.000000000000000000e+00 0.000000000000000000e+00 0.000000000000000000e+00 0.000000000000000000e+00 0.000000000000000000e+00 0.000000000000000000e+00 0.000000000000000000e+00 0.000000000000000000e+00 0.000000000000000000e+00 0.000000000000000000e+00 0.000000000000000000e+00 0.000000000000000000e+00 0.000000000000000000e+00 1.732050807568874529e+00 1.732050807568874529e+00 1.732050807568874529e+00 1.732050807568874529e+00 1.732050807568874529e+00 1.732050807568874529e+00 1.732050807568874529e+00 1.732050807568874529e+00 1.732050807568874529e+00 1.732050807568874529e+00 1.732050807568874529e+00 1.732050807568874529e+00 1.732050807568874529e+00 1.732050807568874529e+00 1.732050807568874529e+00 1.732050807568874529e+00 1.732050807568874529e+00 1.732050807568874529e+00 1.732050807568874529e+00 1.732050807568874529e+00 1.732050807568874529e+00 1.732050807568874529e+00 1.732050807568874529e+00 1.732050807568874529e+00 1.732050807568874529e+00 1.732050807568874529e+00 1.732050807568874529e+00 1.732050807568874529e+00 1.732050807568874529e+00 1.732050807568874529e+00
1.732050807568878303e+00 1.732050807568877193e+00 1.732050807568878525e+00 1.732050807568878303e+00 1.732050807568878081e+00 1.732050807568878081e+00 1.732050807568878081e+00 1.732050807568878081e+00 1.732050807568878081e+00 1.732050807568878081e+00 1.732050807568878081e+00 1.732050807568878081e+00 1.732050807568878081e+00 1.732050807568878081e+00 1.732050807568878081e+00 1.732050807568878081e+00 1.732050807568878081e+00 1.732050807568878081e+00 1.732050807568878081e+00 1.732050807568878081e+00 1.732050807568878081e+00 1.732050807568878081e+00 1.732050807568878081e+00 1.732050807568878081e+00 1.732050807568878081e+00 1.732050807568878081e+00 1.732050807568878081e+00 1.732050807568878081e+00 1.732050807568878081e+00 1.732050807568878081e+00 0.000000000000000000e+00 0.000000000000000000e+00 0.000000000000000000e+00 0.000000000000000000e+00 0.000000000000000000e+00 0.000000000000000000e+00 0.000000000000000000e+00 0.000000000000000000e+00 0.000000000000000000e+00 0.000000000000000000e+00 0.000000000000000000e+00 0.000000000000000000e+00 0.000000000000000000e+00 0.000000000000000000e+00 0.000000000000000000e+00 0.000000000000000000e+00 0.000000000000000000e+00 0.000000000000000000e+00 0.000000000000000000e+00 0.000000000000000000e+00 0.000000000000000000e+00 0.000000000000000000e+00 0.000000000000000000e+00 0.000000000000000000e+00 0.000000000000000000e+00 0.000000000000000000e+00 0.000000000000000000e+00 0.000000000000000000e+00 0.000000000000000000e+00 0.000000000000000000e+00 1.732050807568874529e+00 1.732050807568874529e+00 1.732050807568874529e+00 1.732050807568874529e+00 1.732050807568874529e+00 1.732050807568874529e+00 1.732050807568874529e+00 1.732050807568874529e+00 1.732050807568874529e+00 1.732050807568874529e+00 1.732050807568874529e+00 1.732050807568874529e+00 1.732050807568874529e+00 1.732050807568874529e+00 1.732050807568874529e+00 1.732050807568874529e+00 1.732050807568874529e+00 1.732050807568874529e+00 1.732050807568874529e+00 1.732050807568874529e+00 1.732050807568874529e+00 1.732050807568874529e+00 1.732050807568874529e+00 1.732050807568874529e+00 1.732050807568874529e+00 1.732050807568874529e+00 1.732050807568874529e+00 1.732050807568874529e+00 1.732050807568874529e+00 1.732050807568874529e+00
1.732050807568878303e+00 1.732050807568877193e+00 1.732050807568878525e+00 1.732050807568878303e+00 1.732050807568878081e+00 1.732050807568878081e+00 1.732050807568878081e+00 1.732050807568878081e+00 1.732050807568878081e+00 1.732050807568878081e+00 1.732050807568878081e+00 1.732050807568878081e+00 1.732050807568878081e+00 1.732050807568878081e+00 1.732050807568878081e+00 1.732050807568878081e+00 1.732050807568878081e+00 1.732050807568878081e+00 1.732050807568878081e+00 1.732050807568878081e+00 1.732050807568878081e+00 1.732050807568878081e+00 1.732050807568878081e+00 1.732050807568878081e+00 1.732050807568878081e+00 1.732050807568878081e+00 1.732050807568878081e+00 1.732050807568878081e+00 1.732050807568878081e+00 1.732050807568878081e+00 0.000000000000000000e+00 0.000000000000000000e+00 0.000000000000000000e+00 0.000000000000000000e+00 0.000000000000000000e+00 0.000000000000000000e+00 0.000000000000000000e+00 0.000000000000000000e+00 0.000000000000000000e+00 0.000000000000000000e+00 0.000000000000000000e+00 0.000000000000000000e+00 0.000000000000000000e+00 0.000000000000000000e+00 0.000000000000000000e+00 0.000000000000000000e+00 0.000000000000000000e+00 0.000000000000000000e+00 0.000000000000000000e+00 0.000000000000000000e+00 0.000000000000000000e+00 0.000000000000000000e+00 0.000000000000000000e+00 0.000000000000000000e+00 0.000000000000000000e+00 0.000000000000000000e+00 0.000000000000000000e+00 0.000000000000000000e+00 0.000000000000000000e+00 0.000000000000000000e+00 1.732050807568874529e+00 1.732050807568874529e+00 1.732050807568874529e+00 1.732050807568874529e+00 1.732050807568874529e+00 1.732050807568874529e+00 1.732050807568874529e+00 1.732050807568874529e+00 1.732050807568874529e+00 1.732050807568874529e+00 1.732050807568874529e+00 1.732050807568874529e+00 1.732050807568874529e+00 1.732050807568874529e+00 1.732050807568874529e+00 1.732050807568874529e+00 1.732050807568874529e+00 1.732050807568874529e+00 1.732050807568874529e+00 1.732050807568874529e+00 1.732050807568874529e+00 1.732050807568874529e+00 1.732050807568874529e+00 1.732050807568874529e+00 1.732050807568874529e+00 1.732050807568874529e+00 1.732050807568874529e+00 1.732050807568874529e+00 1.732050807568874529e+00 1.732050807568874529e+00
1.732050807568878303e+00 1.732050807568877193e+00 1.732050807568878525e+00 1.732050807568878303e+00 1.732050807568878081e+00 1.732050807568878081e+00 1.732050807568878081e+00 1.732050807568878081e+00 1.732050807568878081e+00 1.732050807568878081e+00 1.732050807568878081e+00 1.732050807568878081e+00 1.732050807568878081e+00 1.732050807568878081e+00 1.732050807568878081e+00 1.732050807568878081e+00 1.732050807568878081e+00 1.732050807568878081e+00 1.732050807568878081e+00 1.732050807568878081e+00 1.732050807568878081e+00 1.732050807568878081e+00 1.732050807568878081e+00 1.732050807568878081e+00 1.732050807568878081e+00 1.732050807568878081e+00 1.732050807568878081e+00 1.732050807568878081e+00 1.732050807568878081e+00 1.732050807568878081e+00 0.000000000000000000e+00 0.000000000000000000e+00 0.000000000000000000e+00 0.000000000000000000e+00 0.000000000000000000e+00 0.000000000000000000e+00 0.000000000000000000e+00 0.000000000000000000e+00 0.000000000000000000e+00 0.000000000000000000e+00 0.000000000000000000e+00 0.000000000000000000e+00 0.000000000000000000e+00 0.000000000000000000e+00 0.000000000000000000e+00 0.000000000000000000e+00 0.000000000000000000e+00 0.000000000000000000e+00 0.000000000000000000e+00 0.000000000000000000e+00 0.000000000000000000e+00 0.000000000000000000e+00 0.000000000000000000e+00 0.000000000000000000e+00 0.000000000000000000e+00 0.000000000000000000e+00 0.000000000000000000e+00 0.000000000000000000e+00 0.000000000000000000e+00 0.000000000000000000e+00 1.732050807568874529e+00 1.732050807568874529e+00 1.732050807568874529e+00 1.732050807568874529e+00 1.732050807568874529e+00 1.732050807568874529e+00 1.732050807568874529e+00 1.732050807568874529e+00 1.732050807568874529e+00 1.732050807568874529e+00 1.732050807568874529e+00 1.732050807568874529e+00 1.732050807568874529e+00 1.732050807568874529e+00 1.732050807568874529e+00 1.732050807568874529e+00 1.732050807568874529e+00 1.732050807568874529e+00 1.732050807568874529e+00 1.732050807568874529e+00 1.732050807568874529e+00 1.732050807568874529e+00 1.732050807568874529e+00 1.732050807568874529e+00 1.732050807568874529e+00 1.732050807568874529e+00 1.732050807568874529e+00 1.732050807568874529e+00 1.732050807568874529e+00 1.732050807568874529e+00
1.732050807568878747e+00 1.732050807568879858e+00 1.732050807568878747e+00 1.732050807568878747e+00 1.732050807568879192e+00 1.732050807568879192e+00 1.732050807568879192e+00 1.732050807568879192e+00 1.732050807568879192e+00 1.732050807568879192e+00 1.732050807568879192e+00 1.732050807568879192e+00 1.732050807568879192e+00 1.732050807568879192e+00 1.732050807568879192e+00 1.732050807568879192e+00 1.732050807568879192e+00 1.732050807568879192e+00 1.732050807568879192e+00 1.732050807568879192e+00 1.732050807568879192e+00 1.732050807568879192e+00 1.732050807568879192e+00 1.732050807568879192e+00 1.732050807568879192e+00 1.732050807568879192e+00 1.732050807568879192e+00 1.732050807568879192e+00 1.732050807568879192e+00 1.732050807568879192e+00 1.732050807568873640e+00 1.732050807568874085e+00 1.732050807568874085e+00 1.732050807568874085e+00 1.732050807568874085e+00 1.732050807568874085e+00 1.732050807568874085e+00 1.732050807568874085e+00 1.732050807568874085e+00 1.732050807568874085e+00 1.732050807568874085e+00 1.732050807568874085e+00 1.732050807568874085e+00 1.732050807568874085e+00 1.732050807568874529e+00 1.732050807568874529e+00 1.732050807568874529e+00 1.732050807568874529e+00 1.732050807568874529e+00 1.732050807568874529e+00 1.732050807568874529e+00 1.732050807568874529e+00 1.732050807568874529e+00 1.732050807568874529e+00 1.732050807568874529e+00 1.732050807568874529e+00 1.732050807568874529e+00 1.732050807568874529e+00 1.732050807568874529e+00 1.732050807568874529e+00 0.000000000000000000e+00 0.000000000000000000e+00 0.000000000000000000e+00 0.000000000000000000e+00 0.000000000000000000e+00 0.000000000000000000e+00 0.000000000000000000e+00 0.000000000000000000e+00 0.000000000000000000e+00 0.000000000000000000e+00 0.000000000000000000e+00 0.000000000000000000e+00 0.000000000000000000e+00 0.000000000000000000e+00 0.000000000000000000e+00 0.000000000000000000e+00 0.000000000000000000e+00 0.000000000000000000e+00 0.000000000000000000e+00 0.000000000000000000e+00 0.000000000000000000e+00 0.000000000000000000e+00 0.000000000000000000e+00 0.000000000000000000e+00 0.000000000000000000e+00 0.000000000000000000e+00 0.000000000000000000e+00 0.000000000000000000e+00 0.000000000000000000e+00 0.000000000000000000e+00
1.732050807568878747e+00 1.732050807568879858e+00 1.732050807568878747e+00 1.732050807568878747e+00 1.732050807568879192e+00 1.732050807568879192e+00 1.732050807568879192e+00 1.732050807568879192e+00 1.732050807568879192e+00 1.732050807568879192e+00 1.732050807568879192e+00 1.732050807568879192e+00 1.732050807568879192e+00 1.732050807568879192e+00 1.732050807568879192e+00 1.732050807568879192e+00 1.732050807568879192e+00 1.732050807568879192e+00 1.732050807568879192e+00 1.732050807568879192e+00 1.732050807568879192e+00 1.732050807568879192e+00 1.732050807568879192e+00 1.732050807568879192e+00 1.732050807568879192e+00 1.732050807568879192e+00 1.732050807568879192e+00 1.732050807568879192e+00 1.732050807568879192e+00 1.732050807568879192e+00 1.732050807568873640e+00 1.732050807568874085e+00 1.732050807568874085e+00 1.732050807568874085e+00 1.732050807568874085e+00 1.732050807568874085e+00 1.732050807568874085e+00 1.732050807568874085e+00 1.732050807568874085e+00 1.732050807568874085e+00 1.732050807568874085e+00 1.732050807568874085e+00 1.732050807568874085e+00 1.732050807568874085e+00 1.732050807568874529e+00 1.732050807568874529e+00 1.732050807568874529e+00 1.732050807568874529e+00 1.732050807568874529e+00 1.732050807568874529e+00 1.732050807568874529e+00 1.732050807568874529e+00 1.732050807568874529e+00 1.732050807568874529e+00 1.732050807568874529e+00 1.732050807568874529e+00 1.732050807568874529e+00 1.732050807568874529e+00 1.732050807568874529e+00 1.732050807568874529e+00 0.000000000000000000e+00 0.000000000000000000e+00 0.000000000000000000e+00 0.000000000000000000e+00 0.000000000000000000e+00 0.000000000000000000e+00 0.000000000000000000e+00 0.000000000000000000e+00 0.000000000000000000e+00 0.000000000000000000e+00 0.000000000000000000e+00 0.000000000000000000e+00 0.000000000000000000e+00 0.000000000000000000e+00 0.000000000000000000e+00 0.000000000000000000e+00 0.000000000000000000e+00 0.000000000000000000e+00 0.000000000000000000e+00 0.000000000000000000e+00 0.000000000000000000e+00 0.000000000000000000e+00 0.000000000000000000e+00 0.000000000000000000e+00 0.000000000000000000e+00 0.000000000000000000e+00 0.000000000000000000e+00 0.000000000000000000e+00 0.000000000000000000e+00 0.000000000000000000e+00
1.732050807568878747e+00 1.732050807568879858e+00 1.732050807568878747e+00 1.732050807568878747e+00 1.732050807568879192e+00 1.732050807568879192e+00 1.732050807568879192e+00 1.732050807568879192e+00 1.732050807568879192e+00 1.732050807568879192e+00 1.732050807568879192e+00 1.732050807568879192e+00 1.732050807568879192e+00 1.732050807568879192e+00 1.732050807568879192e+00 1.732050807568879192e+00 1.732050807568879192e+00 1.732050807568879192e+00 1.732050807568879192e+00 1.732050807568879192e+00 1.732050807568879192e+00 1.732050807568879192e+00 1.732050807568879192e+00 1.732050807568879192e+00 1.732050807568879192e+00 1.732050807568879192e+00 1.732050807568879192e+00 1.732050807568879192e+00 1.732050807568879192e+00 1.732050807568879192e+00 1.732050807568873640e+00 1.732050807568874085e+00 1.732050807568874085e+00 1.732050807568874085e+00 1.732050807568874085e+00 1.732050807568874085e+00 1.732050807568874085e+00 1.732050807568874085e+00 1.732050807568874085e+00 1.732050807568874085e+00 1.732050807568874085e+00 1.732050807568874085e+00 1.732050807568874085e+00 1.732050807568874085e+00 1.732050807568874529e+00 1.732050807568874529e+00 1.732050807568874529e+00 1.732050807568874529e+00 1.732050807568874529e+00 1.732050807568874529e+00 1.732050807568874529e+00 1.732050807568874529e+00 1.732050807568874529e+00 1.732050807568874529e+00 1.732050807568874529e+00 1.732050807568874529e+00 1.732050807568874529e+00 1.732050807568874529e+00 1.732050807568874529e+00 1.732050807568874529e+00 0.000000000000000000e+00 0.000000000000000000e+00 0.000000000000000000e+00 0.000000000000000000e+00 0.000000000000000000e+00 0.000000000000000000e+00 0.000000000000000000e+00 0.000000000000000000e+00 0.000000000000000000e+00 0.000000000000000000e+00 0.000000000000000000e+00 0.000000000000000000e+00 0.000000000000000000e+00 0.000000000000000000e+00 0.000000000000000000e+00 0.000000000000000000e+00 0.000000000000000000e+00 0.000000000000000000e+00 0.000000000000000000e+00 0.000000000000000000e+00 0.000000000000000000e+00 0.000000000000000000e+00 0.000000000000000000e+00 0.000000000000000000e+00 0.000000000000000000e+00 0.000000000000000000e+00 0.000000000000000000e+00 0.000000000000000000e+00 0.000000000000000000e+00 0.000000000000000000e+00
1.732050807568878747e+00 1.732050807568879858e+00 1.732050807568878747e+00 1.732050807568878747e+00 1.732050807568879192e+00 1.732050807568879192e+00 1.732050807568879192e+00 1.732050807568879192e+00 1.732050807568879192e+00 1.732050807568879192e+00 1.732050807568879192e+00 1.732050807568879192e+00 1.732050807568879192e+00 1.732050807568879192e+00 1.732050807568879192e+00 1.732050807568879192e+00 1.732050807568879192e+00 1.732050807568879192e+00 1.732050807568879192e+00 1.732050807568879192e+00 1.732050807568879192e+00 1.732050807568879192e+00 1.732050807568879192e+00 1.732050807568879192e+00 1.732050807568879192e+00 1.732050807568879192e+00 1.732050807568879192e+00 1.732050807568879192e+00 1.732050807568879192e+00 1.732050807568879192e+00 1.732050807568873640e+00 1.732050807568874085e+00 1.732050807568874085e+00 1.732050807568874085e+00 1.732050807568874085e+00 1.732050807568874085e+00 1.732050807568874085e+00 1.732050807568874085e+00 1.732050807568874085e+00 1.732050807568874085e+00 1.732050807568874085e+00 1.732050807568874085e+00 1.732050807568874085e+00 1.732050807568874085e+00 1.732050807568874529e+00 1.732050807568874529e+00 1.732050807568874529e+00 1.732050807568874529e+00 1.732050807568874529e+00 1.732050807568874529e+00 1.732050807568874529e+00 1.732050807568874529e+00 1.732050807568874529e+00 1.732050807568874529e+00 1.732050807568874529e+00 1.732050807568874529e+00 1.732050807568874529e+00 1.732050807568874529e+00 1.732050807568874529e+00 1.732050807568874529e+00 0.000000000000000000e+00 0.000000000000000000e+00 0.000000000000000000e+00 0.000000000000000000e+00 0.000000000000000000e+00 0.000000000000000000e+00 0.000000000000000000e+00 0.000000000000000000e+00 0.000000000000000000e+00 0.000000000000000000e+00 0.000000000000000000e+00 0.000000000000000000e+00 0.000000000000000000e+00 0.000000000000000000e+00 0.000000000000000000e+00 0.000000000000000000e+00 0.000000000000000000e+00 0.000000000000000000e+00 0.000000000000000000e+00 0.000000000000000000e+00 0.000000000000000000e+00 0.000000000000000000e+00 0.000000000000000000e+00 0.000000000000000000e+00 0.000000000000000000e+00 0.000000000000000000e+00 0.000000000000000000e+00 0.000000000000000000e+00 0.000000000000000000e+00 0.000000000000000000e+00
1.732050807568878747e+00 1.732050807568879858e+00 1.732050807568878747e+00 1.732050807568878747e+00 1.732050807568879192e+00 1.732050807568879192e+00 1.732050807568879192e+00 1.732050807568879192e+00 1.732050807568879192e+00 1.732050807568879192e+00 1.732050807568879192e+00 1.732050807568879192e+00 1.732050807568879192e+00 1.732050807568879192e+00 1.732050807568879192e+00 1.732050807568879192e+00 1.732050807568879192e+00 1.732050807568879192e+00 1.732050807568879192e+00 1.732050807568879192e+00 1.732050807568879192e+00 1.732050807568879192e+00 1.732050807568879192e+00 1.732050807568879192e+00 1.732050807568879192e+00 1.732050807568879192e+00 1.732050807568879192e+00 1.732050807568879192e+00 1.732050807568879192e+00 1.732050807568879192e+00 1.732050807568873640e+00 1.732050807568874085e+00 1.732050807568874085e+00 1.732050807568874085e+00 1.732050807568874085e+00 1.732050807568874085e+00 1.732050807568874085e+00 1.732050807568874085e+00 1.732050807568874085e+00 1.732050807568874085e+00 1.732050807568874085e+00 1.732050807568874085e+00 1.732050807568874085e+00 1.732050807568874085e+00 1.732050807568874529e+00 1.732050807568874529e+00 1.732050807568874529e+00 1.732050807568874529e+00 1.732050807568874529e+00 1.732050807568874529e+00 1.732050807568874529e+00 1.732050807568874529e+00 1.732050807568874529e+00 1.732050807568874529e+00 1.732050807568874529e+00 1.732050807568874529e+00 1.732050807568874529e+00 1.732050807568874529e+00 1.732050807568874529e+00 1.732050807568874529e+00 0.000000000000000000e+00 0.000000000000000000e+00 0.000000000000000000e+00 0.000000000000000000e+00 0.000000000000000000e+00 0.000000000000000000e+00 0.000000000000000000e+00 0.000000000000000000e+00 0.000000000000000000e+00 0.000000000000000000e+00 0.000000000000000000e+00 0.000000000000000000e+00 0.000000000000000000e+00 0.000000000000000000e+00 0.000000000000000000e+00 0.000000000000000000e+00 0.000000000000000000e+00 0.000000000000000000e+00 0.000000000000000000e+00 0.000000000000000000e+00 0.000000000000000000e+00 0.000000000000000000e+00 0.000000000000000000e+00 0.000000000000000000e+00 0.000000000000000000e+00 0.000000000000000000e+00 0.000000000000000000e+00 0.000000000000000000e+00 0.000000000000000000e+00 0.000000000000000000e+00
1.732050807568878747e+00 1.732050807568879858e+00 1.732050807568878747e+00 1.732050807568878747e+00 1.732050807568879192e+00 1.732050807568879192e+00 1.732050807568879192e+00 1.732050807568879192e+00 1.732050807568879192e+00 1.732050807568879192e+00 1.732050807568879192e+00 1.732050807568879192e+00 1.732050807568879192e+00 1.732050807568879192e+00 1.732050807568879192e+00 1.732050807568879192e+00 1.732050807568879192e+00 1.732050807568879192e+00 1.732050807568879192e+00 1.732050807568879192e+00 1.732050807568879192e+00 1.732050807568879192e+00 1.732050807568879192e+00 1.732050807568879192e+00 1.732050807568879192e+00 1.732050807568879192e+00 1.732050807568879192e+00 1.732050807568879192e+00 1.732050807568879192e+00 1.732050807568879192e+00 1.732050807568873640e+00 1.732050807568874085e+00 1.732050807568874085e+00 1.732050807568874085e+00 1.732050807568874085e+00 1.732050807568874085e+00 1.732050807568874085e+00 1.732050807568874085e+00 1.732050807568874085e+00 1.732050807568874085e+00 1.732050807568874085e+00 1.732050807568874085e+00 1.732050807568874085e+00 1.732050807568874085e+00 1.732050807568874529e+00 1.732050807568874529e+00 1.732050807568874529e+00 1.732050807568874529e+00 1.732050807568874529e+00 1.732050807568874529e+00 1.732050807568874529e+00 1.732050807568874529e+00 1.732050807568874529e+00 1.732050807568874529e+00 1.732050807568874529e+00 1.732050807568874529e+00 1.732050807568874529e+00 1.732050807568874529e+00 1.732050807568874529e+00 1.732050807568874529e+00 0.000000000000000000e+00 0.000000000000000000e+00 0.000000000000000000e+00 0.000000000000000000e+00 0.000000000000000000e+00 0.000000000000000000e+00 0.000000000000000000e+00 0.000000000000000000e+00 0.000000000000000000e+00 0.000000000000000000e+00 0.000000000000000000e+00 0.000000000000000000e+00 0.000000000000000000e+00 0.000000000000000000e+00 0.000000000000000000e+00 0.000000000000000000e+00 0.000000000000000000e+00 0.000000000000000000e+00 0.000000000000000000e+00 0.000000000000000000e+00 0.000000000000000000e+00 0.000000000000000000e+00 0.000000000000000000e+00 0.000000000000000000e+00 0.000000000000000000e+00 0.000000000000000000e+00 0.000000000000000000e+00 0.000000000000000000e+00 0.000000000000000000e+00 0.000000000000000000e+00
1.732050807568878747e+00 1.732050807568879858e+00 1.732050807568878747e+00 1.732050807568878747e+00 1.732050807568879192e+00 1.732050807568879192e+00 1.732050807568879192e+00 1.732050807568879192e+00 1.732050807568879192e+00 1.732050807568879192e+00 1.732050807568879192e+00 1.732050807568879192e+00 1.732050807568879192e+00 1.732050807568879192e+00 1.732050807568879192e+00 1.732050807568879192e+00 1.732050807568879192e+00 1.732050807568879192e+00 1.732050807568879192e+00 1.732050807568879192e+00 1.732050807568879192e+00 1.732050807568879192e+00 1.732050807568879192e+00 1.732050807568879192e+00 1.732050807568879192e+00 1.732050807568879192e+00 1.732050807568879192e+00 1.732050807568879192e+00 1.732050807568879192e+00 1.732050807568879192e+00 1.732050807568873640e+00 1.732050807568874085e+00 1.732050807568874085e+00 1.732050807568874085e+00 1.732050807568874085e+00 1.732050807568874085e+00 1.732050807568874085e+00 1.732050807568874085e+00 1.732050807568874085e+00 1.732050807568874085e+00 1.732050807568874085e+00 1.732050807568874085e+00 1.732050807568874085e+00 1.732050807568874085e+00 1.732050807568874529e+00 1.732050807568874529e+00 1.732050807568874529e+00 1.732050807568874529e+00 1.732050807568874529e+00 1.732050807568874529e+00 1.732050807568874529e+00 1.732050807568874529e+00 1.732050807568874529e+00 1.732050807568874529e+00 1.732050807568874529e+00 1.732050807568874529e+00 1.732050807568874529e+00 1.732050807568874529e+00 1.732050807568874529e+00 1.732050807568874529e+00 0.000000000000000000e+00 0.000000000000000000e+00 0.000000000000000000e+00 0.000000000000000000e+00 0.000000000000000000e+00 0.000000000000000000e+00 0.000000000000000000e+00 0.000000000000000000e+00 0.000000000000000000e+00 0.000000000000000000e+00 0.000000000000000000e+00 0.000000000000000000e+00 0.000000000000000000e+00 0.000000000000000000e+00 0.000000000000000000e+00 0.000000000000000000e+00 0.000000000000000000e+00 0.000000000000000000e+00 0.000000000000000000e+00 0.000000000000000000e+00 0.000000000000000000e+00 0.000000000000000000e+00 0.000000000000000000e+00 0.000000000000000000e+00 0.000000000000000000e+00 0.000000000000000000e+00 0.000000000000000000e+00 0.000000000000000000e+00 0.000000000000000000e+00 0.000000000000000000e+00
1.732050807568878747e+00 1.732050807568879858e+00 1.732050807568878747e+00 1.732050807568878747e+00 1.732050807568879192e+00 1.732050807568879192e+00 1.732050807568879192e+00 1.732050807568879192e+00 1.732050807568879192e+00 1.732050807568879192e+00 1.732050807568879192e+00 1.732050807568879192e+00 1.732050807568879192e+00 1.732050807568879192e+00 1.732050807568879192e+00 1.732050807568879192e+00 1.732050807568879192e+00 1.732050807568879192e+00 1.732050807568879192e+00 1.732050807568879192e+00 1.732050807568879192e+00 1.732050807568879192e+00 1.732050807568879192e+00 1.732050807568879192e+00 1.732050807568879192e+00 1.732050807568879192e+00 1.732050807568879192e+00 1.732050807568879192e+00 1.732050807568879192e+00 1.732050807568879192e+00 1.732050807568873640e+00 1.732050807568874085e+00 1.732050807568874085e+00 1.732050807568874085e+00 1.732050807568874085e+00 1.732050807568874085e+00 1.732050807568874085e+00 1.732050807568874085e+00 1.732050807568874085e+00 1.732050807568874085e+00 1.732050807568874085e+00 1.732050807568874085e+00 1.732050807568874085e+00 1.732050807568874085e+00 1.732050807568874529e+00 1.732050807568874529e+00 1.732050807568874529e+00 1.732050807568874529e+00 1.732050807568874529e+00 1.732050807568874529e+00 1.732050807568874529e+00 1.732050807568874529e+00 1.732050807568874529e+00 1.732050807568874529e+00 1.732050807568874529e+00 1.732050807568874529e+00 1.732050807568874529e+00 1.732050807568874529e+00 1.732050807568874529e+00 1.732050807568874529e+00 0.000000000000000000e+00 0.000000000000000000e+00 0.000000000000000000e+00 0.000000000000000000e+00 0.000000000000000000e+00 0.000000000000000000e+00 0.000000000000000000e+00 0.000000000000000000e+00 0.000000000000000000e+00 0.000000000000000000e+00 0.000000000000000000e+00 0.000000000000000000e+00 0.000000000000000000e+00 0.000000000000000000e+00 0.000000000000000000e+00 0.000000000000000000e+00 0.000000000000000000e+00 0.000000000000000000e+00 0.000000000000000000e+00 0.000000000000000000e+00 0.000000000000000000e+00 0.000000000000000000e+00 0.000000000000000000e+00 0.000000000000000000e+00 0.000000000000000000e+00 0.000000000000000000e+00 0.000000000000000000e+00 0.000000000000000000e+00 0.000000000000000000e+00 0.000000000000000000e+00
1.732050807568878747e+00 1.732050807568879858e+00 1.732050807568878747e+00 1.732050807568878747e+00 1.732050807568879192e+00 1.732050807568879192e+00 1.732050807568879192e+00 1.732050807568879192e+00 1.732050807568879192e+00 1.732050807568879192e+00 1.732050807568879192e+00 1.732050807568879192e+00 1.732050807568879192e+00 1.732050807568879192e+00 1.732050807568879192e+00 1.732050807568879192e+00 1.732050807568879192e+00 1.732050807568879192e+00 1.732050807568879192e+00 1.732050807568879192e+00 1.732050807568879192e+00 1.732050807568879192e+00 1.732050807568879192e+00 1.732050807568879192e+00 1.732050807568879192e+00 1.732050807568879192e+00 1.732050807568879192e+00 1.732050807568879192e+00 1.732050807568879192e+00 1.732050807568879192e+00 1.732050807568873640e+00 1.732050807568874085e+00 1.732050807568874085e+00 1.732050807568874085e+00 1.732050807568874085e+00 1.732050807568874085e+00 1.732050807568874085e+00 1.732050807568874085e+00 1.732050807568874085e+00 1.732050807568874085e+00 1.732050807568874085e+00 1.732050807568874085e+00 1.732050807568874085e+00 1.732050807568874085e+00 1.732050807568874529e+00 1.732050807568874529e+00 1.732050807568874529e+00 1.732050807568874529e+00 1.732050807568874529e+00 1.732050807568874529e+00 1.732050807568874529e+00 1.732050807568874529e+00 1.732050807568874529e+00 1.732050807568874529e+00 1.732050807568874529e+00 1.732050807568874529e+00 1.732050807568874529e+00 1.732050807568874529e+00 1.732050807568874529e+00 1.732050807568874529e+00 0.000000000000000000e+00 0.000000000000000000e+00 0.000000000000000000e+00 0.000000000000000000e+00 0.000000000000000000e+00 0.000000000000000000e+00 0.000000000000000000e+00 0.000000000000000000e+00 0.000000000000000000e+00 0.000000000000000000e+00 0.000000000000000000e+00 0.000000000000000000e+00 0.000000000000000000e+00 0.000000000000000000e+00 0.000000000000000000e+00 0.000000000000000000e+00 0.000000000000000000e+00 0.000000000000000000e+00 0.000000000000000000e+00 0.000000000000000000e+00 0.000000000000000000e+00 0.000000000000000000e+00 0.000000000000000000e+00 0.000000000000000000e+00 0.000000000000000000e+00 0.000000000000000000e+00 0.000000000000000000e+00 0.000000000000000000e+00 0.000000000000000000e+00 0.000000000000000000e+00
1.732050807568878747e+00 1.732050807568879858e+00 1.732050807568878747e+00 1.732050807568878747e+00 1.732050807568879192e+00 1.732050807568879192e+00 1.732050807568879192e+00 1.732050807568879192e+00 1.732050807568879192e+00 1.732050807568879192e+00 1.732050807568879192e+00 1.732050807568879192e+00 1.732050807568879192e+00 1.732050807568879192e+00 1.732050807568879192e+00 1.732050807568879192e+00 1.732050807568879192e+00 1.732050807568879192e+00 1.732050807568879192e+00 1.732050807568879192e+00 1.732050807568879192e+00 1.732050807568879192e+00 1.732050807568879192e+00 1.732050807568879192e+00 1.732050807568879192e+00 1.732050807568879192e+00 1.732050807568879192e+00 1.732050807568879192e+00 1.732050807568879192e+00 1.732050807568879192e+00 1.732050807568873640e+00 1.732050807568874085e+00 1.732050807568874085e+00 1.732050807568874085e+00 1.732050807568874085e+00 1.732050807568874085e+00 1.732050807568874085e+00 1.732050807568874085e+00 1.732050807568874085e+00 1.732050807568874085e+00 1.732050807568874085e+00 1.732050807568874085e+00 1.732050807568874085e+00 1.732050807568874085e+00 1.732050807568874529e+00 1.732050807568874529e+00 1.732050807568874529e+00 1.732050807568874529e+00 1.732050807568874529e+00 1.732050807568874529e+00 1.732050807568874529e+00 1.732050807568874529e+00 1.732050807568874529e+00 1.732050807568874529e+00 1.732050807568874529e+00 1.732050807568874529e+00 1.732050807568874529e+00 1.732050807568874529e+00 1.732050807568874529e+00 1.732050807568874529e+00 0.000000000000000000e+00 0.000000000000000000e+00 0.000000000000000000e+00 0.000000000000000000e+00 0.000000000000000000e+00 0.000000000000000000e+00 0.000000000000000000e+00 0.000000000000000000e+00 0.000000000000000000e+00 0.000000000000000000e+00 0.000000000000000000e+00 0.000000000000000000e+00 0.000000000000000000e+00 0.000000000000000000e+00 0.000000000000000000e+00 0.000000000000000000e+00 0.000000000000000000e+00 0.000000000000000000e+00 0.000000000000000000e+00 0.000000000000000000e+00 0.000000000000000000e+00 0.000000000000000000e+00 0.000000000000000000e+00 0.000000000000000000e+00 0.000000000000000000e+00 0.000000000000000000e+00 0.000000000000000000e+00 0.000000000000000000e+00 0.000000000000000000e+00 0.000000000000000000e+00
1.732050807568878747e+00 1.732050807568879858e+00 1.732050807568878747e+00 1.732050807568878747e+00 1.732050807568879192e+00 1.732050807568879192e+00 1.732050807568879192e+00 1.732050807568879192e+00 1.732050807568879192e+00 1.732050807568879192e+00 1.732050807568879192e+00 1.732050807568879192e+00 1.732050807568879192e+00 1.732050807568879192e+00 1.732050807568879192e+00 1.732050807568879192e+00 1.732050807568879192e+00 1.732050807568879192e+00 1.732050807568879192e+00 1.732050807568879192e+00 1.732050807568879192e+00 1.732050807568879192e+00 1.732050807568879192e+00 1.732050807568879192e+00 1.732050807568879192e+00 1.732050807568879192e+00 1.732050807568879192e+00 1.732050807568879192e+00 1.732050807568879192e+00 1.732050807568879192e+00 1.732050807568873640e+00 1.732050807568874085e+00 1.732050807568874085e+00 1.732050807568874085e+00 1.732050807568874085e+00 1.732050807568874085e+00 1.732050807568874085e+00 1.732050807568874085e+00 1.732050807568874085e+00 1.732050807568874085e+00 1.732050807568874085e+00 1.732050807568874085e+00 1.732050807568874085e+00 1.732050807568874085e+00 1.732050807568874529e+00 1.732050807568874529e+00 1.732050807568874529e+00 1.732050807568874529e+00 1.732050807568874529e+00 1.732050807568874529e+00 1.732050807568874529e+00 1.732050807568874529e+00 1.732050807568874529e+00 1.732050807568874529e+00 1.732050807568874529e+00 1.732050807568874529e+00 1.732050807568874529e+00 1.732050807568874529e+00 1.732050807568874529e+00 1.732050807568874529e+00 0.000000000000000000e+00 0.000000000000000000e+00 0.000000000000000000e+00 0.000000000000000000e+00 0.000000000000000000e+00 0.000000000000000000e+00 0.000000000000000000e+00 0.000000000000000000e+00 0.000000000000000000e+00 0.000000000000000000e+00 0.000000000000000000e+00 0.000000000000000000e+00 0.000000000000000000e+00 0.000000000000000000e+00 0.000000000000000000e+00 0.000000000000000000e+00 0.000000000000000000e+00 0.000000000000000000e+00 0.000000000000000000e+00 0.000000000000000000e+00 0.000000000000000000e+00 0.000000000000000000e+00 0.000000000000000000e+00 0.000000000000000000e+00 0.000000000000000000e+00 0.000000000000000000e+00 0.000000000000000000e+00 0.000000000000000000e+00 0.000000000000000000e+00 0.000000000000000000e+00
1.732050807568878747e+00 1.732050807568879858e+00 1.732050807568878747e+00 1.732050807568878747e+00 1.732050807568879192e+00 1.732050807568879192e+00 1.732050807568879192e+00 1.732050807568879192e+00 1.732050807568879192e+00 1.732050807568879192e+00 1.732050807568879192e+00 1.732050807568879192e+00 1.732050807568879192e+00 1.732050807568879192e+00 1.732050807568879192e+00 1.732050807568879192e+00 1.732050807568879192e+00 1.732050807568879192e+00 1.732050807568879192e+00 1.732050807568879192e+00 1.732050807568879192e+00 1.732050807568879192e+00 1.732050807568879192e+00 1.732050807568879192e+00 1.732050807568879192e+00 1.732050807568879192e+00 1.732050807568879192e+00 1.732050807568879192e+00 1.732050807568879192e+00 1.732050807568879192e+00 1.732050807568873640e+00 1.732050807568874085e+00 1.732050807568874085e+00 1.732050807568874085e+00 1.732050807568874085e+00 1.732050807568874085e+00 1.732050807568874085e+00 1.732050807568874085e+00 1.732050807568874085e+00 1.732050807568874085e+00 1.732050807568874085e+00 1.732050807568874085e+00 1.732050807568874085e+00 1.732050807568874085e+00 1.732050807568874529e+00 1.732050807568874529e+00 1.732050807568874529e+00 1.732050807568874529e+00 1.732050807568874529e+00 1.732050807568874529e+00 1.732050807568874529e+00 1.732050807568874529e+00 1.732050807568874529e+00 1.732050807568874529e+00 1.732050807568874529e+00 1.732050807568874529e+00 1.732050807568874529e+00 1.732050807568874529e+00 1.732050807568874529e+00 1.732050807568874529e+00 0.000000000000000000e+00 0.000000000000000000e+00 0.000000000000000000e+00 0.000000000000000000e+00 0.000000000000000000e+00 0.000000000000000000e+00 0.000000000000000000e+00 0.000000000000000000e+00 0.000000000000000000e+00 0.000000000000000000e+00 0.000000000000000000e+00 0.000000000000000000e+00 0.000000000000000000e+00 0.000000000000000000e+00 0.000000000000000000e+00 0.000000000000000000e+00 0.000000000000000000e+00 0.000000000000000000e+00 0.000000000000000000e+00 0.000000000000000000e+00 0.000000000000000000e+00 0.000000000000000000e+00 0.000000000000000000e+00 0.000000000000000000e+00 0.000000000000000000e+00 0.000000000000000000e+00 0.000000000000000000e+00 0.000000000000000000e+00 0.000000000000000000e+00 0.000000000000000000e+00
1.732050807568878747e+00 1.732050807568879858e+00 1.732050807568878747e+00 1.732050807568878747e+00 1.732050807568879192e+00 1.732050807568879192e+00 1.732050807568879192e+00 1.732050807568879192e+00 1.732050807568879192e+00 1.732050807568879192e+00 1.732050807568879192e+00 1.732050807568879192e+00 1.732050807568879192e+00 1.732050807568879192e+00 1.732050807568879192e+00 1.732050807568879192e+00 1.732050807568879192e+00 1.732050807568879192e+00 1.732050807568879192e+00 1.732050807568879192e+00 1.732050807568879192e+00 1.732050807568879192e+00 1.732050807568879192e+00 1.732050807568879192e+00 1.732050807568879192e+00 1.732050807568879192e+00 1.732050807568879192e+00 1.732050807568879192e+00 1.732050807568879192e+00 1.732050807568879192e+00 1.732050807568873640e+00 1.732050807568874085e+00 1.732050807568874085e+00 1.732050807568874085e+00 1.732050807568874085e+00 1.732050807568874085e+00 1.732050807568874085e+00 1.732050807568874085e+00 1.732050807568874085e+00 1.732050807568874085e+00 1.732050807568874085e+00 1.732050807568874085e+00 1.732050807568874085e+00 1.732050807568874085e+00 1.732050807568874529e+00 1.732050807568874529e+00 1.732050807568874529e+00 1.732050807568874529e+00 1.732050807568874529e+00 1.732050807568874529e+00 1.732050807568874529e+00 1.732050807568874529e+00 1.732050807568874529e+00 1.732050807568874529e+00 1.732050807568874529e+00 1.732050807568874529e+00 1.732050807568874529e+00 1.732050807568874529e+00 1.732050807568874529e+00 1.732050807568874529e+00 0.000000000000000000e+00 0.000000000000000000e+00 0.000000000000000000e+00 0.000000000000000000e+00 0.000000000000000000e+00 0.000000000000000000e+00 0.000000000000000000e+00 0.000000000000000000e+00 0.000000000000000000e+00 0.000000000000000000e+00 0.000000000000000000e+00 0.000000000000000000e+00 0.000000000000000000e+00 0.000000000000000000e+00 0.000000000000000000e+00 0.000000000000000000e+00 0.000000000000000000e+00 0.000000000000000000e+00 0.000000000000000000e+00 0.000000000000000000e+00 0.000000000000000000e+00 0.000000000000000000e+00 0.000000000000000000e+00 0.000000000000000000e+00 0.000000000000000000e+00 0.000000000000000000e+00 0.000000000000000000e+00 0.000000000000000000e+00 0.000000000000000000e+00 0.000000000000000000e+00
1.732050807568878747e+00 1.732050807568879858e+00 1.732050807568878747e+00 1.732050807568878747e+00 1.732050807568879192e+00 1.732050807568879192e+00 1.732050807568879192e+00 1.732050807568879192e+00 1.732050807568879192e+00 1.732050807568879192e+00 1.732050807568879192e+00 1.732050807568879192e+00 1.732050807568879192e+00 1.732050807568879192e+00 1.732050807568879192e+00 1.732050807568879192e+00 1.732050807568879192e+00 1.732050807568879192e+00 1.732050807568879192e+00 1.732050807568879192e+00 1.732050807568879192e+00 1.732050807568879192e+00 1.732050807568879192e+00 1.732050807568879192e+00 1.732050807568879192e+00 1.732050807568879192e+00 1.732050807568879192e+00 1.732050807568879192e+00 1.732050807568879192e+00 1.732050807568879192e+00 1.732050807568873640e+00 1.732050807568874085e+00 1.732050807568874085e+00 1.732050807568874085e+00 1.732050807568874085e+00 1.732050807568874085e+00 1.732050807568874085e+00 1.732050807568874085e+00 1.732050807568874085e+00 1.732050807568874085e+00 1.732050807568874085e+00 1.732050807568874085e+00 1.732050807568874085e+00 1.732050807568874085e+00 1.732050807568874529e+00 1.732050807568874529e+00 1.732050807568874529e+00 1.732050807568874529e+00 1.732050807568874529e+00 1.732050807568874529e+00 1.732050807568874529e+00 1.732050807568874529e+00 1.732050807568874529e+00 1.732050807568874529e+00 1.732050807568874529e+00 1.732050807568874529e+00 1.732050807568874529e+00 1.732050807568874529e+00 1.732050807568874529e+00 1.732050807568874529e+00 0.000000000000000000e+00 0.000000000000000000e+00 0.000000000000000000e+00 0.000000000000000000e+00 0.000000000000000000e+00 0.000000000000000000e+00 0.000000000000000000e+00 0.000000000000000000e+00 0.000000000000000000e+00 0.000000000000000000e+00 0.000000000000000000e+00 0.000000000000000000e+00 0.000000000000000000e+00 0.000000000000000000e+00 0.000000000000000000e+00 0.000000000000000000e+00 0.000000000000000000e+00 0.000000000000000000e+00 0.000000000000000000e+00 0.000000000000000000e+00 0.000000000000000000e+00 0.000000000000000000e+00 0.000000000000000000e+00 0.000000000000000000e+00 0.000000000000000000e+00 0.000000000000000000e+00 0.000000000000000000e+00 0.000000000000000000e+00 0.000000000000000000e+00 0.000000000000000000e+00
1.732050807568878747e+00 1.732050807568879858e+00 1.732050807568878747e+00 1.732050807568878747e+00 1.732050807568879192e+00 1.732050807568879192e+00 1.732050807568879192e+00 1.732050807568879192e+00 1.732050807568879192e+00 1.732050807568879192e+00 1.732050807568879192e+00 1.732050807568879192e+00 1.732050807568879192e+00 1.732050807568879192e+00 1.732050807568879192e+00 1.732050807568879192e+00 1.732050807568879192e+00 1.732050807568879192e+00 1.732050807568879192e+00 1.732050807568879192e+00 1.732050807568879192e+00 1.732050807568879192e+00 1.732050807568879192e+00 1.732050807568879192e+00 1.732050807568879192e+00 1.732050807568879192e+00 1.732050807568879192e+00 1.732050807568879192e+00 1.732050807568879192e+00 1.732050807568879192e+00 1.732050807568873640e+00 1.732050807568874085e+00 1.732050807568874085e+00 1.732050807568874085e+00 1.732050807568874085e+00 1.732050807568874085e+00 1.732050807568874085e+00 1.732050807568874085e+00 1.732050807568874085e+00 1.732050807568874085e+00 1.732050807568874085e+00 1.732050807568874085e+00 1.732050807568874085e+00 1.732050807568874085e+00 1.732050807568874529e+00 1.732050807568874529e+00 1.732050807568874529e+00 1.732050807568874529e+00 1.732050807568874529e+00 1.732050807568874529e+00 1.732050807568874529e+00 1.732050807568874529e+00 1.732050807568874529e+00 1.732050807568874529e+00 1.732050807568874529e+00 1.732050807568874529e+00 1.732050807568874529e+00 1.732050807568874529e+00 1.732050807568874529e+00 1.732050807568874529e+00 0.000000000000000000e+00 0.000000000000000000e+00 0.000000000000000000e+00 0.000000000000000000e+00 0.000000000000000000e+00 0.000000000000000000e+00 0.000000000000000000e+00 0.000000000000000000e+00 0.000000000000000000e+00 0.000000000000000000e+00 0.000000000000000000e+00 0.000000000000000000e+00 0.000000000000000000e+00 0.000000000000000000e+00 0.000000000000000000e+00 0.000000000000000000e+00 0.000000000000000000e+00 0.000000000000000000e+00 0.000000000000000000e+00 0.000000000000000000e+00 0.000000000000000000e+00 0.000000000000000000e+00 0.000000000000000000e+00 0.000000000000000000e+00 0.000000000000000000e+00 0.000000000000000000e+00 0.000000000000000000e+00 0.000000000000000000e+00 0.000000000000000000e+00 0.000000000000000000e+00
1.732050807568878747e+00 1.732050807568879858e+00 1.732050807568878747e+00 1.732050807568878747e+00 1.732050807568879192e+00 1.732050807568879192e+00 1.732050807568879192e+00 1.732050807568879192e+00 1.732050807568879192e+00 1.732050807568879192e+00 1.732050807568879192e+00 1.732050807568879192e+00 1.732050807568879192e+00 1.732050807568879192e+00 1.732050807568879192e+00 1.732050807568879192e+00 1.732050807568879192e+00 1.732050807568879192e+00 1.732050807568879192e+00 1.732050807568879192e+00 1.732050807568879192e+00 1.732050807568879192e+00 1.732050807568879192e+00 1.732050807568879192e+00 1.732050807568879192e+00 1.732050807568879192e+00 1.732050807568879192e+00 1.732050807568879192e+00 1.732050807568879192e+00 1.732050807568879192e+00 1.732050807568873640e+00 1.732050807568874085e+00 1.732050807568874085e+00 1.732050807568874085e+00 1.732050807568874085e+00 1.732050807568874085e+00 1.732050807568874085e+00 1.732050807568874085e+00 1.732050807568874085e+00 1.732050807568874085e+00 1.732050807568874085e+00 1.732050807568874085e+00 1.732050807568874085e+00 1.732050807568874085e+00 1.732050807568874529e+00 1.732050807568874529e+00 1.732050807568874529e+00 1.732050807568874529e+00 1.732050807568874529e+00 1.732050807568874529e+00 1.732050807568874529e+00 1.732050807568874529e+00 1.732050807568874529e+00 1.732050807568874529e+00 1.732050807568874529e+00 1.732050807568874529e+00 1.732050807568874529e+00 1.732050807568874529e+00 1.732050807568874529e+00 1.732050807568874529e+00 0.000000000000000000e+00 0.000000000000000000e+00 0.000000000000000000e+00 0.000000000000000000e+00 0.000000000000000000e+00 0.000000000000000000e+00 0.000000000000000000e+00 0.000000000000000000e+00 0.000000000000000000e+00 0.000000000000000000e+00 0.000000000000000000e+00 0.000000000000000000e+00 0.000000000000000000e+00 0.000000000000000000e+00 0.000000000000000000e+00 0.000000000000000000e+00 0.000000000000000000e+00 0.000000000000000000e+00 0.000000000000000000e+00 0.000000000000000000e+00 0.000000000000000000e+00 0.000000000000000000e+00 0.000000000000000000e+00 0.000000000000000000e+00 0.000000000000000000e+00 0.000000000000000000e+00 0.000000000000000000e+00 0.000000000000000000e+00 0.000000000000000000e+00 0.000000000000000000e+00
1.732050807568878747e+00 1.732050807568879858e+00 1.732050807568878747e+00 1.732050807568878747e+00 1.732050807568879192e+00 1.732050807568879192e+00 1.732050807568879192e+00 1.732050807568879192e+00 1.732050807568879192e+00 1.732050807568879192e+00 1.732050807568879192e+00 1.732050807568879192e+00 1.732050807568879192e+00 1.732050807568879192e+00 1.732050807568879192e+00 1.732050807568879192e+00 1.732050807568879192e+00 1.732050807568879192e+00 1.732050807568879192e+00 1.732050807568879192e+00 1.732050807568879192e+00 1.732050807568879192e+00 1.732050807568879192e+00 1.732050807568879192e+00 1.732050807568879192e+00 1.732050807568879192e+00 1.732050807568879192e+00 1.732050807568879192e+00 1.732050807568879192e+00 1.732050807568879192e+00 1.732050807568873640e+00 1.732050807568874085e+00 1.732050807568874085e+00 1.732050807568874085e+00 1.732050807568874085e+00 1.732050807568874085e+00 1.732050807568874085e+00 1.732050807568874085e+00 1.732050807568874085e+00 1.732050807568874085e+00 1.732050807568874085e+00 1.732050807568874085e+00 1.732050807568874085e+00 1.732050807568874085e+00 1.732050807568874529e+00 1.732050807568874529e+00 1.732050807568874529e+00 1.732050807568874529e+00 1.732050807568874529e+00 1.732050807568874529e+00 1.732050807568874529e+00 1.732050807568874529e+00 1.732050807568874529e+00 1.732050807568874529e+00 1.732050807568874529e+00 1.732050807568874529e+00 1.732050807568874529e+00 1.732050807568874529e+00 1.732050807568874529e+00 1.732050807568874529e+00 0.000000000000000000e+00 0.000000000000000000e+00 0.000000000000000000e+00 0.000000000000000000e+00 0.000000000000000000e+00 0.000000000000000000e+00 0.000000000000000000e+00 0.000000000000000000e+00 0.000000000000000000e+00 0.000000000000000000e+00 0.000000000000000000e+00 0.000000000000000000e+00 0.000000000000000000e+00 0.000000000000000000e+00 0.000000000000000000e+00 0.000000000000000000e+00 0.000000000000000000e+00 0.000000000000000000e+00 0.000000000000000000e+00 0.000000000000000000e+00 0.000000000000000000e+00 0.000000000000000000e+00 0.000000000000000000e+00 0.000000000000000000e+00 0.000000000000000000e+00 0.000000000000000000e+00 0.000000000000000000e+00 0.000000000000000000e+00 0.000000000000000000e+00 0.000000000000000000e+00
1.732050807568878747e+00 1.732050807568879858e+00 1.732050807568878747e+00 1.732050807568878747e+00 1.732050807568879192e+00 1.732050807568879192e+00 1.732050807568879192e+00 1.732050807568879192e+00 1.732050807568879192e+00 1.732050807568879192e+00 1.732050807568879192e+00 1.732050807568879192e+00 1.732050807568879192e+00 1.732050807568879192e+00 1.732050807568879192e+00 1.732050807568879192e+00 1.732050807568879192e+00 1.732050807568879192e+00 1.732050807568879192e+00 1.732050807568879192e+00 1.732050807568879192e+00 1.732050807568879192e+00 1.732050807568879192e+00 1.732050807568879192e+00 1.732050807568879192e+00 1.732050807568879192e+00 1.732050807568879192e+00 1.732050807568879192e+00 1.732050807568879192e+00 1.732050807568879192e+00 1.732050807568873640e+00 1.732050807568874085e+00 1.732050807568874085e+00 1.732050807568874085e+00 1.732050807568874085e+00 1.732050807568874085e+00 1.732050807568874085e+00 1.732050807568874085e+00 1.732050807568874085e+00 1.732050807568874085e+00 1.732050807568874085e+00 1.732050807568874085e+00 1.732050807568874085e+00 1.732050807568874085e+00 1.732050807568874529e+00 1.732050807568874529e+00 1.732050807568874529e+00 1.732050807568874529e+00 1.732050807568874529e+00 1.732050807568874529e+00 1.732050807568874529e+00 1.732050807568874529e+00 1.732050807568874529e+00 1.732050807568874529e+00 1.732050807568874529e+00 1.732050807568874529e+00 1.732050807568874529e+00 1.732050807568874529e+00 1.732050807568874529e+00 1.732050807568874529e+00 0.000000000000000000e+00 0.000000000000000000e+00 0.000000000000000000e+00 0.000000000000000000e+00 0.000000000000000000e+00 0.000000000000000000e+00 0.000000000000000000e+00 0.000000000000000000e+00 0.000000000000000000e+00 0.000000000000000000e+00 0.000000000000000000e+00 0.000000000000000000e+00 0.000000000000000000e+00 0.000000000000000000e+00 0.000000000000000000e+00 0.000000000000000000e+00 0.000000000000000000e+00 0.000000000000000000e+00 0.000000000000000000e+00 0.000000000000000000e+00 0.000000000000000000e+00 0.000000000000000000e+00 0.000000000000000000e+00 0.000000000000000000e+00 0.000000000000000000e+00 0.000000000000000000e+00 0.000000000000000000e+00 0.000000000000000000e+00 0.000000000000000000e+00 0.000000000000000000e+00
1.732050807568878747e+00 1.732050807568879858e+00 1.732050807568878747e+00 1.732050807568878747e+00 1.732050807568879192e+00 1.732050807568879192e+00 1.732050807568879192e+00 1.732050807568879192e+00 1.732050807568879192e+00 1.732050807568879192e+00 1.732050807568879192e+00 1.732050807568879192e+00 1.732050807568879192e+00 1.732050807568879192e+00 1.732050807568879192e+00 1.732050807568879192e+00 1.732050807568879192e+00 1.732050807568879192e+00 1.732050807568879192e+00 1.732050807568879192e+00 1.732050807568879192e+00 1.732050807568879192e+00 1.732050807568879192e+00 1.732050807568879192e+00 1.732050807568879192e+00 1.732050807568879192e+00 1.732050807568879192e+00 1.732050807568879192e+00 1.732050807568879192e+00 1.732050807568879192e+00 1.732050807568873640e+00 1.732050807568874085e+00 1.732050807568874085e+00 1.732050807568874085e+00 1.732050807568874085e+00 1.732050807568874085e+00 1.732050807568874085e+00 1.732050807568874085e+00 1.732050807568874085e+00 1.732050807568874085e+00 1.732050807568874085e+00 1.732050807568874085e+00 1.732050807568874085e+00 1.732050807568874085e+00 1.732050807568874529e+00 1.732050807568874529e+00 1.732050807568874529e+00 1.732050807568874529e+00 1.732050807568874529e+00 1.732050807568874529e+00 1.732050807568874529e+00 1.732050807568874529e+00 1.732050807568874529e+00 1.732050807568874529e+00 1.732050807568874529e+00 1.732050807568874529e+00 1.732050807568874529e+00 1.732050807568874529e+00 1.732050807568874529e+00 1.732050807568874529e+00 0.000000000000000000e+00 0.000000000000000000e+00 0.000000000000000000e+00 0.000000000000000000e+00 0.000000000000000000e+00 0.000000000000000000e+00 0.000000000000000000e+00 0.000000000000000000e+00 0.000000000000000000e+00 0.000000000000000000e+00 0.000000000000000000e+00 0.000000000000000000e+00 0.000000000000000000e+00 0.000000000000000000e+00 0.000000000000000000e+00 0.000000000000000000e+00 0.000000000000000000e+00 0.000000000000000000e+00 0.000000000000000000e+00 0.000000000000000000e+00 0.000000000000000000e+00 0.000000000000000000e+00 0.000000000000000000e+00 0.000000000000000000e+00 0.000000000000000000e+00 0.000000000000000000e+00 0.000000000000000000e+00 0.000000000000000000e+00 0.000000000000000000e+00 0.000000000000000000e+00
1.732050807568878747e+00 1.732050807568879858e+00 1.732050807568878747e+00 1.732050807568878747e+00 1.732050807568879192e+00 1.732050807568879192e+00 1.732050807568879192e+00 1.732050807568879192e+00 1.732050807568879192e+00 1.732050807568879192e+00 1.732050807568879192e+00 1.732050807568879192e+00 1.732050807568879192e+00 1.732050807568879192e+00 1.732050807568879192e+00 1.732050807568879192e+00 1.732050807568879192e+00 1.732050807568879192e+00 1.732050807568879192e+00 1.732050807568879192e+00 1.732050807568879192e+00 1.732050807568879192e+00 1.732050807568879192e+00 1.732050807568879192e+00 1.732050807568879192e+00 1.732050807568879192e+00 1.732050807568879192e+00 1.732050807568879192e+00 1.732050807568879192e+00 1.732050807568879192e+00 1.732050807568873640e+00 1.732050807568874085e+00 1.732050807568874085e+00 1.732050807568874085e+00 1.732050807568874085e+00 1.732050807568874085e+00 1.732050807568874085e+00 1.732050807568874085e+00 1.732050807568874085e+00 1.732050807568874085e+00 1.732050807568874085e+00 1.732050807568874085e+00 1.732050807568874085e+00 1.732050807568874085e+00 1.732050807568874529e+00 1.732050807568874529e+00 1.732050807568874529e+00 1.732050807568874529e+00 1.732050807568874529e+00 1.732050807568874529e+00 1.732050807568874529e+00 1.732050807568874529e+00 1.732050807568874529e+00 1.732050807568874529e+00 1.732050807568874529e+00 1.732050807568874529e+00 1.732050807568874529e+00 1.732050807568874529e+00 1.732050807568874529e+00 1.732050807568874529e+00 0.000000000000000000e+00 0.000000000000000000e+00 0.000000000000000000e+00 0.000000000000000000e+00 0.000000000000000000e+00 0.000000000000000000e+00 0.000000000000000000e+00 0.000000000000000000e+00 0.000000000000000000e+00 0.000000000000000000e+00 0.000000000000000000e+00 0.000000000000000000e+00 0.000000000000000000e+00 0.000000000000000000e+00 0.000000000000000000e+00 0.000000000000000000e+00 0.000000000000000000e+00 0.000000000000000000e+00 0.000000000000000000e+00 0.000000000000000000e+00 0.000000000000000000e+00 0.000000000000000000e+00 0.000000000000000000e+00 0.000000000000000000e+00 0.000000000000000000e+00 0.000000000000000000e+00 0.000000000000000000e+00 0.000000000000000000e+00 0.000000000000000000e+00 0.000000000000000000e+00
1.732050807568878747e+00 1.732050807568879858e+00 1.732050807568878747e+00 1.732050807568878747e+00 1.732050807568879192e+00 1.732050807568879192e+00 1.732050807568879192e+00 1.732050807568879192e+00 1.732050807568879192e+00 1.732050807568879192e+00 1.732050807568879192e+00 1.732050807568879192e+00 1.732050807568879192e+00 1.732050807568879192e+00 1.732050807568879192e+00 1.732050807568879192e+00 1.732050807568879192e+00 1.732050807568879192e+00 1.732050807568879192e+00 1.732050807568879192e+00 1.732050807568879192e+00 1.732050807568879192e+00 1.732050807568879192e+00 1.732050807568879192e+00 1.732050807568879192e+00 1.732050807568879192e+00 1.732050807568879192e+00 1.732050807568879192e+00 1.732050807568879192e+00 1.732050807568879192e+00 1.732050807568873640e+00 1.732050807568874085e+00 1.732050807568874085e+00 1.732050807568874085e+00 1.732050807568874085e+00 1.732050807568874085e+00 1.732050807568874085e+00 1.732050807568874085e+00 1.732050807568874085e+00 1.732050807568874085e+00 1.732050807568874085e+00 1.732050807568874085e+00 1.732050807568874085e+00 1.732050807568874085e+00 1.732050807568874529e+00 1.732050807568874529e+00 1.732050807568874529e+00 1.732050807568874529e+00 1.732050807568874529e+00 1.732050807568874529e+00 1.732050807568874529e+00 1.732050807568874529e+00 1.732050807568874529e+00 1.732050807568874529e+00 1.732050807568874529e+00 1.732050807568874529e+00 1.732050807568874529e+00 1.732050807568874529e+00 1.732050807568874529e+00 1.732050807568874529e+00 0.000000000000000000e+00 0.000000000000000000e+00 0.000000000000000000e+00 0.000000000000000000e+00 0.000000000000000000e+00 0.000000000000000000e+00 0.000000000000000000e+00 0.000000000000000000e+00 0.000000000000000000e+00 0.000000000000000000e+00 0.000000000000000000e+00 0.000000000000000000e+00 0.000000000000000000e+00 0.000000000000000000e+00 0.000000000000000000e+00 0.000000000000000000e+00 0.000000000000000000e+00 0.000000000000000000e+00 0.000000000000000000e+00 0.000000000000000000e+00 0.000000000000000000e+00 0.000000000000000000e+00 0.000000000000000000e+00 0.000000000000000000e+00 0.000000000000000000e+00 0.000000000000000000e+00 0.000000000000000000e+00 0.000000000000000000e+00 0.000000000000000000e+00 0.000000000000000000e+00
1.732050807568878747e+00 1.732050807568879858e+00 1.732050807568878747e+00 1.732050807568878747e+00 1.732050807568879192e+00 1.732050807568879192e+00 1.732050807568879192e+00 1.732050807568879192e+00 1.732050807568879192e+00 1.732050807568879192e+00 1.732050807568879192e+00 1.732050807568879192e+00 1.732050807568879192e+00 1.732050807568879192e+00 1.732050807568879192e+00 1.732050807568879192e+00 1.732050807568879192e+00 1.732050807568879192e+00 1.732050807568879192e+00 1.732050807568879192e+00 1.732050807568879192e+00 1.732050807568879192e+00 1.732050807568879192e+00 1.732050807568879192e+00 1.732050807568879192e+00 1.732050807568879192e+00 1.732050807568879192e+00 1.732050807568879192e+00 1.732050807568879192e+00 1.732050807568879192e+00 1.732050807568873640e+00 1.732050807568874085e+00 1.732050807568874085e+00 1.732050807568874085e+00 1.732050807568874085e+00 1.732050807568874085e+00 1.732050807568874085e+00 1.732050807568874085e+00 1.732050807568874085e+00 1.732050807568874085e+00 1.732050807568874085e+00 1.732050807568874085e+00 1.732050807568874085e+00 1.732050807568874085e+00 1.732050807568874529e+00 1.732050807568874529e+00 1.732050807568874529e+00 1.732050807568874529e+00 1.732050807568874529e+00 1.732050807568874529e+00 1.732050807568874529e+00 1.732050807568874529e+00 1.732050807568874529e+00 1.732050807568874529e+00 1.732050807568874529e+00 1.732050807568874529e+00 1.732050807568874529e+00 1.732050807568874529e+00 1.732050807568874529e+00 1.732050807568874529e+00 0.000000000000000000e+00 0.000000000000000000e+00 0.000000000000000000e+00 0.000000000000000000e+00 0.000000000000000000e+00 0.000000000000000000e+00 0.000000000000000000e+00 0.000000000000000000e+00 0.000000000000000000e+00 0.000000000000000000e+00 0.000000000000000000e+00 0.000000000000000000e+00 0.000000000000000000e+00 0.000000000000000000e+00 0.000000000000000000e+00 0.000000000000000000e+00 0.000000000000000000e+00 0.000000000000000000e+00 0.000000000000000000e+00 0.000000000000000000e+00 0.000000000000000000e+00 0.000000000000000000e+00 0.000000000000000000e+00 0.000000000000000000e+00 0.000000000000000000e+00 0.000000000000000000e+00 0.000000000000000000e+00 0.000000000000000000e+00 0.000000000000000000e+00 0.000000000000000000e+00
1.732050807568878747e+00 1.732050807568879858e+00 1.732050807568878747e+00 1.732050807568878747e+00 1.732050807568879192e+00 1.732050807568879192e+00 1.732050807568879192e+00 1.732050807568879192e+00 1.732050807568879192e+00 1.732050807568879192e+00 1.732050807568879192e+00 1.732050807568879192e+00 1.732050807568879192e+00 1.732050807568879192e+00 1.732050807568879192e+00 1.732050807568879192e+00 1.732050807568879192e+00 1.732050807568879192e+00 1.732050807568879192e+00 1.732050807568879192e+00 1.732050807568879192e+00 1.732050807568879192e+00 1.732050807568879192e+00 1.732050807568879192e+00 1.732050807568879192e+00 1.732050807568879192e+00 1.732050807568879192e+00 1.732050807568879192e+00 1.732050807568879192e+00 1.732050807568879192e+00 1.732050807568873640e+00 1.732050807568874085e+00 1.732050807568874085e+00 1.732050807568874085e+00 1.732050807568874085e+00 1.732050807568874085e+00 1.732050807568874085e+00 1.732050807568874085e+00 1.732050807568874085e+00 1.732050807568874085e+00 1.732050807568874085e+00 1.732050807568874085e+00 1.732050807568874085e+00 1.732050807568874085e+00 1.732050807568874529e+00 1.732050807568874529e+00 1.732050807568874529e+00 1.732050807568874529e+00 1.732050807568874529e+00 1.732050807568874529e+00 1.732050807568874529e+00 1.732050807568874529e+00 1.732050807568874529e+00 1.732050807568874529e+00 1.732050807568874529e+00 1.732050807568874529e+00 1.732050807568874529e+00 1.732050807568874529e+00 1.732050807568874529e+00 1.732050807568874529e+00 0.000000000000000000e+00 0.000000000000000000e+00 0.000000000000000000e+00 0.000000000000000000e+00 0.000000000000000000e+00 0.000000000000000000e+00 0.000000000000000000e+00 0.000000000000000000e+00 0.000000000000000000e+00 0.000000000000000000e+00 0.000000000000000000e+00 0.000000000000000000e+00 0.000000000000000000e+00 0.000000000000000000e+00 0.000000000000000000e+00 0.000000000000000000e+00 0.000000000000000000e+00 0.000000000000000000e+00 0.000000000000000000e+00 0.000000000000000000e+00 0.000000000000000000e+00 0.000000000000000000e+00 0.000000000000000000e+00 0.000000000000000000e+00 0.000000000000000000e+00 0.000000000000000000e+00 0.000000000000000000e+00 0.000000000000000000e+00 0.000000000000000000e+00 0.000000000000000000e+00
1.732050807568878747e+00 1.732050807568879858e+00 1.732050807568878747e+00 1.732050807568878747e+00 1.732050807568879192e+00 1.732050807568879192e+00 1.732050807568879192e+00 1.732050807568879192e+00 1.732050807568879192e+00 1.732050807568879192e+00 1.732050807568879192e+00 1.732050807568879192e+00 1.732050807568879192e+00 1.732050807568879192e+00 1.732050807568879192e+00 1.732050807568879192e+00 1.732050807568879192e+00 1.732050807568879192e+00 1.732050807568879192e+00 1.732050807568879192e+00 1.732050807568879192e+00 1.732050807568879192e+00 1.732050807568879192e+00 1.732050807568879192e+00 1.732050807568879192e+00 1.732050807568879192e+00 1.732050807568879192e+00 1.732050807568879192e+00 1.732050807568879192e+00 1.732050807568879192e+00 1.732050807568873640e+00 1.732050807568874085e+00 1.732050807568874085e+00 1.732050807568874085e+00 1.732050807568874085e+00 1.732050807568874085e+00 1.732050807568874085e+00 1.732050807568874085e+00 1.732050807568874085e+00 1.732050807568874085e+00 1.732050807568874085e+00 1.732050807568874085e+00 1.732050807568874085e+00 1.732050807568874085e+00 1.732050807568874529e+00 1.732050807568874529e+00 1.732050807568874529e+00 1.732050807568874529e+00 1.732050807568874529e+00 1.732050807568874529e+00 1.732050807568874529e+00 1.732050807568874529e+00 1.732050807568874529e+00 1.732050807568874529e+00 1.732050807568874529e+00 1.732050807568874529e+00 1.732050807568874529e+00 1.732050807568874529e+00 1.732050807568874529e+00 1.732050807568874529e+00 0.000000000000000000e+00 0.000000000000000000e+00 0.000000000000000000e+00 0.000000000000000000e+00 0.000000000000000000e+00 0.000000000000000000e+00 0.000000000000000000e+00 0.000000000000000000e+00 0.000000000000000000e+00 0.000000000000000000e+00 0.000000000000000000e+00 0.000000000000000000e+00 0.000000000000000000e+00 0.000000000000000000e+00 0.000000000000000000e+00 0.000000000000000000e+00 0.000000000000000000e+00 0.000000000000000000e+00 0.000000000000000000e+00 0.000000000000000000e+00 0.000000000000000000e+00 0.000000000000000000e+00 0.000000000000000000e+00 0.000000000000000000e+00 0.000000000000000000e+00 0.000000000000000000e+00 0.000000000000000000e+00 0.000000000000000000e+00 0.000000000000000000e+00 0.000000000000000000e+00
1.732050807568878747e+00 1.732050807568879858e+00 1.732050807568878747e+00 1.732050807568878747e+00 1.732050807568879192e+00 1.732050807568879192e+00 1.732050807568879192e+00 1.732050807568879192e+00 1.732050807568879192e+00 1.732050807568879192e+00 1.732050807568879192e+00 1.732050807568879192e+00 1.732050807568879192e+00 1.732050807568879192e+00 1.732050807568879192e+00 1.732050807568879192e+00 1.732050807568879192e+00 1.732050807568879192e+00 1.732050807568879192e+00 1.732050807568879192e+00 1.732050807568879192e+00 1.732050807568879192e+00 1.732050807568879192e+00 1.732050807568879192e+00 1.732050807568879192e+00 1.732050807568879192e+00 1.732050807568879192e+00 1.732050807568879192e+00 1.732050807568879192e+00 1.732050807568879192e+00 1.732050807568873640e+00 1.732050807568874085e+00 1.732050807568874085e+00 1.732050807568874085e+00 1.732050807568874085e+00 1.732050807568874085e+00 1.732050807568874085e+00 1.732050807568874085e+00 1.732050807568874085e+00 1.732050807568874085e+00 1.732050807568874085e+00 1.732050807568874085e+00 1.732050807568874085e+00 1.732050807568874085e+00 1.732050807568874529e+00 1.732050807568874529e+00 1.732050807568874529e+00 1.732050807568874529e+00 1.732050807568874529e+00 1.732050807568874529e+00 1.732050807568874529e+00 1.732050807568874529e+00 1.732050807568874529e+00 1.732050807568874529e+00 1.732050807568874529e+00 1.732050807568874529e+00 1.732050807568874529e+00 1.732050807568874529e+00 1.732050807568874529e+00 1.732050807568874529e+00 0.000000000000000000e+00 0.000000000000000000e+00 0.000000000000000000e+00 0.000000000000000000e+00 0.000000000000000000e+00 0.000000000000000000e+00 0.000000000000000000e+00 0.000000000000000000e+00 0.000000000000000000e+00 0.000000000000000000e+00 0.000000000000000000e+00 0.000000000000000000e+00 0.000000000000000000e+00 0.000000000000000000e+00 0.000000000000000000e+00 0.000000000000000000e+00 0.000000000000000000e+00 0.000000000000000000e+00 0.000000000000000000e+00 0.000000000000000000e+00 0.000000000000000000e+00 0.000000000000000000e+00 0.000000000000000000e+00 0.000000000000000000e+00 0.000000000000000000e+00 0.000000000000000000e+00 0.000000000000000000e+00 0.000000000000000000e+00 0.000000000000000000e+00 0.000000000000000000e+00
1.732050807568878747e+00 1.732050807568879858e+00 1.732050807568878747e+00 1.732050807568878747e+00 1.732050807568879192e+00 1.732050807568879192e+00 1.732050807568879192e+00 1.732050807568879192e+00 1.732050807568879192e+00 1.732050807568879192e+00 1.732050807568879192e+00 1.732050807568879192e+00 1.732050807568879192e+00 1.732050807568879192e+00 1.732050807568879192e+00 1.732050807568879192e+00 1.732050807568879192e+00 1.732050807568879192e+00 1.732050807568879192e+00 1.732050807568879192e+00 1.732050807568879192e+00 1.732050807568879192e+00 1.732050807568879192e+00 1.732050807568879192e+00 1.732050807568879192e+00 1.732050807568879192e+00 1.732050807568879192e+00 1.732050807568879192e+00 1.732050807568879192e+00 1.732050807568879192e+00 1.732050807568873640e+00 1.732050807568874085e+00 1.732050807568874085e+00 1.732050807568874085e+00 1.732050807568874085e+00 1.732050807568874085e+00 1.732050807568874085e+00 1.732050807568874085e+00 1.732050807568874085e+00 1.732050807568874085e+00 1.732050807568874085e+00 1.732050807568874085e+00 1.732050807568874085e+00 1.732050807568874085e+00 1.732050807568874529e+00 1.732050807568874529e+00 1.732050807568874529e+00 1.732050807568874529e+00 1.732050807568874529e+00 1.732050807568874529e+00 1.732050807568874529e+00 1.732050807568874529e+00 1.732050807568874529e+00 1.732050807568874529e+00 1.732050807568874529e+00 1.732050807568874529e+00 1.732050807568874529e+00 1.732050807568874529e+00 1.732050807568874529e+00 1.732050807568874529e+00 0.000000000000000000e+00 0.000000000000000000e+00 0.000000000000000000e+00 0.000000000000000000e+00 0.000000000000000000e+00 0.000000000000000000e+00 0.000000000000000000e+00 0.000000000000000000e+00 0.000000000000000000e+00 0.000000000000000000e+00 0.000000000000000000e+00 0.000000000000000000e+00 0.000000000000000000e+00 0.000000000000000000e+00 0.000000000000000000e+00 0.000000000000000000e+00 0.000000000000000000e+00 0.000000000000000000e+00 0.000000000000000000e+00 0.000000000000000000e+00 0.000000000000000000e+00 0.000000000000000000e+00 0.000000000000000000e+00 0.000000000000000000e+00 0.000000000000000000e+00 0.000000000000000000e+00 0.000000000000000000e+00 0.000000000000000000e+00 0.000000000000000000e+00 0.000000000000000000e+00
1.732050807568878747e+00 1.732050807568879858e+00 1.732050807568878747e+00 1.732050807568878747e+00 1.732050807568879192e+00 1.732050807568879192e+00 1.732050807568879192e+00 1.732050807568879192e+00 1.732050807568879192e+00 1.732050807568879192e+00 1.732050807568879192e+00 1.732050807568879192e+00 1.732050807568879192e+00 1.732050807568879192e+00 1.732050807568879192e+00 1.732050807568879192e+00 1.732050807568879192e+00 1.732050807568879192e+00 1.732050807568879192e+00 1.732050807568879192e+00 1.732050807568879192e+00 1.732050807568879192e+00 1.732050807568879192e+00 1.732050807568879192e+00 1.732050807568879192e+00 1.732050807568879192e+00 1.732050807568879192e+00 1.732050807568879192e+00 1.732050807568879192e+00 1.732050807568879192e+00 1.732050807568873640e+00 1.732050807568874085e+00 1.732050807568874085e+00 1.732050807568874085e+00 1.732050807568874085e+00 1.732050807568874085e+00 1.732050807568874085e+00 1.732050807568874085e+00 1.732050807568874085e+00 1.732050807568874085e+00 1.732050807568874085e+00 1.732050807568874085e+00 1.732050807568874085e+00 1.732050807568874085e+00 1.732050807568874529e+00 1.732050807568874529e+00 1.732050807568874529e+00 1.732050807568874529e+00 1.732050807568874529e+00 1.732050807568874529e+00 1.732050807568874529e+00 1.732050807568874529e+00 1.732050807568874529e+00 1.732050807568874529e+00 1.732050807568874529e+00 1.732050807568874529e+00 1.732050807568874529e+00 1.732050807568874529e+00 1.732050807568874529e+00 1.732050807568874529e+00 0.000000000000000000e+00 0.000000000000000000e+00 0.000000000000000000e+00 0.000000000000000000e+00 0.000000000000000000e+00 0.000000000000000000e+00 0.000000000000000000e+00 0.000000000000000000e+00 0.000000000000000000e+00 0.000000000000000000e+00 0.000000000000000000e+00 0.000000000000000000e+00 0.000000000000000000e+00 0.000000000000000000e+00 0.000000000000000000e+00 0.000000000000000000e+00 0.000000000000000000e+00 0.000000000000000000e+00 0.000000000000000000e+00 0.000000000000000000e+00 0.000000000000000000e+00 0.000000000000000000e+00 0.000000000000000000e+00 0.000000000000000000e+00 0.000000000000000000e+00 0.000000000000000000e+00 0.000000000000000000e+00 0.000000000000000000e+00 0.000000000000000000e+00 0.000000000000000000e+00
1.732050807568878747e+00 1.732050807568879858e+00 1.732050807568878747e+00 1.732050807568878747e+00 1.732050807568879192e+00 1.732050807568879192e+00 1.732050807568879192e+00 1.732050807568879192e+00 1.732050807568879192e+00 1.732050807568879192e+00 1.732050807568879192e+00 1.732050807568879192e+00 1.732050807568879192e+00 1.732050807568879192e+00 1.732050807568879192e+00 1.732050807568879192e+00 1.732050807568879192e+00 1.732050807568879192e+00 1.732050807568879192e+00 1.732050807568879192e+00 1.732050807568879192e+00 1.732050807568879192e+00 1.732050807568879192e+00 1.732050807568879192e+00 1.732050807568879192e+00 1.732050807568879192e+00 1.732050807568879192e+00 1.732050807568879192e+00 1.732050807568879192e+00 1.732050807568879192e+00 1.732050807568873640e+00 1.732050807568874085e+00 1.732050807568874085e+00 1.732050807568874085e+00 1.732050807568874085e+00 1.732050807568874085e+00 1.732050807568874085e+00 1.732050807568874085e+00 1.732050807568874085e+00 1.732050807568874085e+00 1.732050807568874085e+00 1.732050807568874085e+00 1.732050807568874085e+00 1.732050807568874085e+00 1.732050807568874529e+00 1.732050807568874529e+00 1.732050807568874529e+00 1.732050807568874529e+00 1.732050807568874529e+00 1.732050807568874529e+00 1.732050807568874529e+00 1.732050807568874529e+00 1.732050807568874529e+00 1.732050807568874529e+00 1.732050807568874529e+00 1.732050807568874529e+00 1.732050807568874529e+00 1.732050807568874529e+00 1.732050807568874529e+00 1.732050807568874529e+00 0.000000000000000000e+00 0.000000000000000000e+00 0.000000000000000000e+00 0.000000000000000000e+00 0.000000000000000000e+00 0.000000000000000000e+00 0.000000000000000000e+00 0.000000000000000000e+00 0.000000000000000000e+00 0.000000000000000000e+00 0.000000000000000000e+00 0.000000000000000000e+00 0.000000000000000000e+00 0.000000000000000000e+00 0.000000000000000000e+00 0.000000000000000000e+00 0.000000000000000000e+00 0.000000000000000000e+00 0.000000000000000000e+00 0.000000000000000000e+00 0.000000000000000000e+00 0.000000000000000000e+00 0.000000000000000000e+00 0.000000000000000000e+00 0.000000000000000000e+00 0.000000000000000000e+00 0.000000000000000000e+00 0.000000000000000000e+00 0.000000000000000000e+00 0.000000000000000000e+00
1.732050807568878747e+00 1.732050807568879858e+00 1.732050807568878747e+00 1.732050807568878747e+00 1.732050807568879192e+00 1.732050807568879192e+00 1.732050807568879192e+00 1.732050807568879192e+00 1.732050807568879192e+00 1.732050807568879192e+00 1.732050807568879192e+00 1.732050807568879192e+00 1.732050807568879192e+00 1.732050807568879192e+00 1.732050807568879192e+00 1.732050807568879192e+00 1.732050807568879192e+00 1.732050807568879192e+00 1.732050807568879192e+00 1.732050807568879192e+00 1.732050807568879192e+00 1.732050807568879192e+00 1.732050807568879192e+00 1.732050807568879192e+00 1.732050807568879192e+00 1.732050807568879192e+00 1.732050807568879192e+00 1.732050807568879192e+00 1.732050807568879192e+00 1.732050807568879192e+00 1.732050807568873640e+00 1.732050807568874085e+00 1.732050807568874085e+00 1.732050807568874085e+00 1.732050807568874085e+00 1.732050807568874085e+00 1.732050807568874085e+00 1.732050807568874085e+00 1.732050807568874085e+00 1.732050807568874085e+00 1.732050807568874085e+00 1.732050807568874085e+00 1.732050807568874085e+00 1.732050807568874085e+00 1.732050807568874529e+00 1.732050807568874529e+00 1.732050807568874529e+00 1.732050807568874529e+00 1.732050807568874529e+00 1.732050807568874529e+00 1.732050807568874529e+00 1.732050807568874529e+00 1.732050807568874529e+00 1.732050807568874529e+00 1.732050807568874529e+00 1.732050807568874529e+00 1.732050807568874529e+00 1.732050807568874529e+00 1.732050807568874529e+00 1.732050807568874529e+00 0.000000000000000000e+00 0.000000000000000000e+00 0.000000000000000000e+00 0.000000000000000000e+00 0.000000000000000000e+00 0.000000000000000000e+00 0.000000000000000000e+00 0.000000000000000000e+00 0.000000000000000000e+00 0.000000000000000000e+00 0.000000000000000000e+00 0.000000000000000000e+00 0.000000000000000000e+00 0.000000000000000000e+00 0.000000000000000000e+00 0.000000000000000000e+00 0.000000000000000000e+00 0.000000000000000000e+00 0.000000000000000000e+00 0.000000000000000000e+00 0.000000000000000000e+00 0.000000000000000000e+00 0.000000000000000000e+00 0.000000000000000000e+00 0.000000000000000000e+00 0.000000000000000000e+00 0.000000000000000000e+00 0.000000000000000000e+00 0.000000000000000000e+00 0.000000000000000000e+00
1.732050807568878747e+00 1.732050807568879858e+00 1.732050807568878747e+00 1.732050807568878747e+00 1.732050807568879192e+00 1.732050807568879192e+00 1.732050807568879192e+00 1.732050807568879192e+00 1.732050807568879192e+00 1.732050807568879192e+00 1.732050807568879192e+00 1.732050807568879192e+00 1.732050807568879192e+00 1.732050807568879192e+00 1.732050807568879192e+00 1.732050807568879192e+00 1.732050807568879192e+00 1.732050807568879192e+00 1.732050807568879192e+00 1.732050807568879192e+00 1.732050807568879192e+00 1.732050807568879192e+00 1.732050807568879192e+00 1.732050807568879192e+00 1.732050807568879192e+00 1.732050807568879192e+00 1.732050807568879192e+00 1.732050807568879192e+00 1.732050807568879192e+00 1.732050807568879192e+00 1.732050807568873640e+00 1.732050807568874085e+00 1.732050807568874085e+00 1.732050807568874085e+00 1.732050807568874085e+00 1.732050807568874085e+00 1.732050807568874085e+00 1.732050807568874085e+00 1.732050807568874085e+00 1.732050807568874085e+00 1.732050807568874085e+00 1.732050807568874085e+00 1.732050807568874085e+00 1.732050807568874085e+00 1.732050807568874529e+00 1.732050807568874529e+00 1.732050807568874529e+00 1.732050807568874529e+00 1.732050807568874529e+00 1.732050807568874529e+00 1.732050807568874529e+00 1.732050807568874529e+00 1.732050807568874529e+00 1.732050807568874529e+00 1.732050807568874529e+00 1.732050807568874529e+00 1.732050807568874529e+00 1.732050807568874529e+00 1.732050807568874529e+00 1.732050807568874529e+00 0.000000000000000000e+00 0.000000000000000000e+00 0.000000000000000000e+00 0.000000000000000000e+00 0.000000000000000000e+00 0.000000000000000000e+00 0.000000000000000000e+00 0.000000000000000000e+00 0.000000000000000000e+00 0.000000000000000000e+00 0.000000000000000000e+00 0.000000000000000000e+00 0.000000000000000000e+00 0.000000000000000000e+00 0.000000000000000000e+00 0.000000000000000000e+00 0.000000000000000000e+00 0.000000000000000000e+00 0.000000000000000000e+00 0.000000000000000000e+00 0.000000000000000000e+00 0.000000000000000000e+00 0.000000000000000000e+00 0.000000000000000000e+00 0.000000000000000000e+00 0.000000000000000000e+00 0.000000000000000000e+00 0.000000000000000000e+00 0.000000000000000000e+00 0.000000000000000000e+00
