$ 616/.venv/bin/python -m pytest -vs codebase/test/infer/test_mcmc.py::test_chain_inside_jit
[1m============================= test session starts ==============================[0m
platform linux -- Python 3.12.3, pytest-9.1.1, pluggy-1.6.0 -- 616/.venv/bin/python
cachedir: .pytest_cache
rootdir: 616/codebase
configfile: pyproject.toml
[1mcollecting ... [0mcollected 6 items

codebase/test/infer/test_mcmc.py::test_chain_inside_jit[parallel-HMC] [33mSKIPPED[0m
codebase/test/infer/test_mcmc.py::test_chain_inside_jit[parallel-NUTS] [33mSKIPPED[0m
codebase/test/infer/test_mcmc.py::test_chain_inside_jit[sequential-HMC] [31mFAILED[0m
codebase/test/infer/test_mcmc.py::test_chain_inside_jit[sequential-NUTS] [31mFAILED[0m
codebase/test/infer/test_mcmc.py::test_chain_inside_jit[vectorized-HMC] [31mFAILED[0m
codebase/test/infer/test_mcmc.py::test_chain_inside_jit[vectorized-NUTS] [31mFAILED[0m

=================================== FAILURES ===================================
[31m[1m____________________ test_chain_inside_jit[sequential-HMC] _____________________[0m

kernel_cls = <class 'numpyro.infer.hmc.HMC'>, chain_method = 'sequential'

    [0m[37m@pytest[39;49;00m.mark.parametrize([33m"[39;49;00m[33mkernel_cls[39;49;00m[33m"[39;49;00m, [HMC, NUTS])[90m[39;49;00m
    [37m@pytest[39;49;00m.mark.parametrize([90m[39;49;00m
        [33m"[39;49;00m[33mchain_method[39;49;00m[33m"[39;49;00m,[90m[39;49;00m
        [[90m[39;49;00m
            pytest.param([90m[39;49;00m
                [33m"[39;49;00m[33mparallel[39;49;00m[33m"[39;49;00m,[90m[39;49;00m
                marks=pytest.mark.xfail(reason=[33m"[39;49;00m[33mjit+pmap does not work in CPU yet[39;49;00m[33m"[39;49;00m),[90m[39;49;00m
            ),[90m[39;49;00m
            [33m"[39;49;00m[33msequential[39;49;00m[33m"[39;49;00m,[90m[39;49;00m
            [33m"[39;49;00m[33mvectorized[39;49;00m[33m"[39;49;00m,[90m[39;49;00m
        ],[90m[39;49;00m
    )[90m[39;49;00m
    [37m@pytest[39;49;00m.mark.skipif([90m[39;49;00m
        [33m"[39;49;00m[33mCI[39;49;00m[33m"[39;49;00m [95min[39;49;00m os.environ, reason=[33m"[39;49;00m[33mCompiling time the whole sampling process is slow.[39;49;00m[33m"[39;49;00m[90m[39;49;00m
    )[90m[39;49;00m
    [94mdef[39;49;00m[90m [39;49;00m[92mtest_chain_inside_jit[39;49;00m(kernel_cls, chain_method):[90m[39;49;00m
        [90m# NB: this feature is useful for consensus MC.[39;49;00m[90m[39;49;00m
        [90m# Caution: compiling time will be slow (~ 90s)[39;49;00m[90m[39;49;00m
        [94mif[39;49;00m chain_method == [33m"[39;49;00m[33mparallel[39;49;00m[33m"[39;49;00m [95mand[39;49;00m jax.device_count() == [94m1[39;49;00m:[90m[39;49;00m
            pytest.skip([33m"[39;49;00m[33mparallel method requires device_count greater than 1.[39;49;00m[33m"[39;49;00m)[90m[39;49;00m
        num_warmup, num_samples = [94m100[39;49;00m, [94m2000[39;49;00m[90m[39;49;00m
        [90m# Here are settings which is currently supported.[39;49;00m[90m[39;49;00m
        rng_key = random.PRNGKey([94m2[39;49;00m)[90m[39;49;00m
        step_size = [94m1.0[39;49;00m[90m[39;49;00m
        target_accept_prob = [94m0.8[39;49;00m[90m[39;49;00m
        trajectory_length = [94m1.0[39;49;00m[90m[39;49;00m
        [90m# Not supported yet:[39;49;00m[90m[39;49;00m
        [90m#   + adapt_step_size[39;49;00m[90m[39;49;00m
        [90m#   + adapt_mass_matrix[39;49;00m[90m[39;49;00m
        [90m#   + max_tree_depth[39;49;00m[90m[39;49;00m
        [90m#   + num_warmup[39;49;00m[90m[39;49;00m
        [90m#   + num_samples[39;49;00m[90m[39;49;00m
    [90m[39;49;00m
        [94mdef[39;49;00m[90m [39;49;00m[92mmodel[39;49;00m(data):[90m[39;49;00m
            concentration = jnp.array([[94m1.0[39;49;00m, [94m1.0[39;49;00m, [94m1.0[39;49;00m])[90m[39;49;00m
            p_latent = numpyro.sample([33m"[39;49;00m[33mp_latent[39;49;00m[33m"[39;49;00m, dist.Dirichlet(concentration))[90m[39;49;00m
            numpyro.sample([33m"[39;49;00m[33mobs[39;49;00m[33m"[39;49;00m, dist.Categorical(p_latent), obs=data)[90m[39;49;00m
            [94mreturn[39;49;00m p_latent[90m[39;49;00m
    [90m[39;49;00m
        [37m@jit[39;49;00m[90m[39;49;00m
        [94mdef[39;49;00m[90m [39;49;00m[92mget_samples[39;49;00m(rng_key, data, step_size, trajectory_length, target_accept_prob):[90m[39;49;00m
            kernel = kernel_cls([90m[39;49;00m
                model,[90m[39;49;00m
                step_size=step_size,[90m[39;49;00m
                trajectory_length=trajectory_length,[90m[39;49;00m
                target_accept_prob=target_accept_prob,[90m[39;49;00m
            )[90m[39;49;00m
            mcmc = MCMC([90m[39;49;00m
                kernel,[90m[39;49;00m
                num_warmup=num_warmup,[90m[39;49;00m
                num_samples=num_samples,[90m[39;49;00m
                num_chains=[94m2[39;49;00m,[90m[39;49;00m
                chain_method=chain_method,[90m[39;49;00m
                progress_bar=[94mFalse[39;49;00m,[90m[39;49;00m
            )[90m[39;49;00m
            mcmc.run(rng_key, data)[90m[39;49;00m
            [94mreturn[39;49;00m mcmc.get_samples()[90m[39;49;00m
    [90m[39;49;00m
        true_probs = jnp.array([[94m0.1[39;49;00m, [94m0.6[39;49;00m, [94m0.3[39;49;00m])[90m[39;49;00m
        data = dist.Categorical(true_probs).sample(random.PRNGKey([94m1[39;49;00m), ([94m2000[39;49;00m,))[90m[39;49;00m
>       samples = get_samples([90m[39;49;00m
            rng_key, data, step_size, trajectory_length, target_accept_prob[90m[39;49;00m
        )[90m[39;49;00m

[1m[31mcodebase/test/infer/test_mcmc.py[0m:655: 
_ _ _ _ _ _ _ _ _ _ _ _ _ _ _ _ _ _ _ _ _ _ _ _ _ _ _ _ _ _ _ _ _ _ _ _ _ _ _ _ 

self = <contextlib._GeneratorContextManager object at 0x7a99f8093620>
typ = None, value = None, traceback = None

    [0m[94mdef[39;49;00m[90m [39;49;00m[92m__exit__[39;49;00m([96mself[39;49;00m, typ, value, traceback):[90m[39;49;00m
        [94mif[39;49;00m typ [95mis[39;49;00m [94mNone[39;49;00m:[90m[39;49;00m
            [94mtry[39;49;00m:[90m[39;49;00m
>               [96mnext[39;49;00m([96mself[39;49;00m.gen)[90m[39;49;00m
[1m[31mE               Exception: Leaked trace DynamicJaxprTrace. Leaked tracer(s):[0m
[1m[31mE               [0m
[1m[31mE               Traced<ShapedArray(float32[], weak_type=True)>with<DynamicJaxprTrace>[0m
[1m[31mE               The error occurred while tracing the function get_samples at 616/codebase/test/infer/test_mcmc.py:634 for jit. This concrete value was not available in Python because it depends on the value of the argument target_accept_prob.[0m
[1m[31mE               <DynamicJaxprTracer 134801710367520> is referred to by <list 134801597453184>[2][0m
[1m[31mE               <list 134801597453184> is referred to by <PjitParams 134801598973504>[0][0m
[1m[31mE               <PjitParams 134801598973504> is referred to by <InferParamsCacheEntry 134801598641680>[0m
[1m[31mE               [0m
[1m[31mE               Traced<ShapedArray(int32[2000])>with<DynamicJaxprTrace>[0m
[1m[31mE               The error occurred while tracing the function get_samples at 616/codebase/test/infer/test_mcmc.py:634 for jit. This concrete value was not available in Python because it depends on the value of the argument data.[0m
[1m[31mE               <DynamicJaxprTracer 134801710367280> is referred to by <list 134801597453184>[1][0m
[1m[31mE               <list 134801597453184> is referred to by <PjitParams 134801598973504>[0][0m
[1m[31mE               <PjitParams 134801598973504> is referred to by <InferParamsCacheEntry 134801598641680>[0m
[1m[31mE               [0m
[1m[31mE               Traced<ShapedArray(float32[], weak_type=True)>with<DynamicJaxprTrace>[0m
[1m[31mE               The error occurred while tracing the function get_samples at 616/codebase/test/infer/test_mcmc.py:634 for jit. This concrete value was not available in Python because it depends on the value of the argument step_size.[0m
[1m[31mE               <DynamicJaxprTracer 134801710367360> is referred to by <HMC 134801709938496>._step_size[0m
[1m[31mE               <HMC 134801709938496> is referred to by <dict 134801598198528>['sampler'][0m
[1m[31mE               <dict 134801598198528> is referred to by <partial 134801599755936>[0m
[1m[31mE               <partial 134801599755936> is referred to by <tuple 134801599306496>[0][0m
[1m[31mE               <tuple 134801599306496> is referred to by <OrderedDict 134801598259136> at keys [0m
[1m[31mE               <OrderedDict 134801598259136> is referred to by <function 134803789265664>._cache[0m
[1m[31mE               <function 134803789265664> is referred to by numpyro.util.fori_collect[0m
[1m[31mE               [0m
[1m[31mE               Traced<ShapedArray(float32[], weak_type=True)>with<DynamicJaxprTrace>[0m
[1m[31mE               The error occurred while tracing the function get_samples at 616/codebase/test/infer/test_mcmc.py:634 for jit. This concrete value was not available in Python because it depends on the value of the argument trajectory_length.[0m
[1m[31mE               <DynamicJaxprTracer 134801710367440> is referred to by <HMC 134801709938496>._trajectory_length[0m
[1m[31mE               <HMC 134801709938496> is referred to by <dict 134801598198528>['sampler'][0m
[1m[31mE               <dict 134801598198528> is referred to by <partial 134801599755936>[0m
[1m[31mE               <partial 134801599755936> is referred to by <tuple 134801599306496>[0][0m
[1m[31mE               <tuple 134801599306496> is referred to by <OrderedDict 134801598259136> at keys [0m
[1m[31mE               <OrderedDict 134801598259136> is referred to by <function 134803789265664>._cache[0m
[1m[31mE               <function 134803789265664> is referred to by numpyro.util.fori_collect[0m
[1m[31mE               [0m
[1m[31mE               Traced<ShapedArray(bool[2,2000])>with<DynamicJaxprTrace>[0m
[1m[31mE               The error occurred while tracing the function get_samples at 616/codebase/test/infer/test_mcmc.py:634 for jit. This concrete value was not available in Python because it depends on the values of the arguments rng_key, data, step_size, trajectory_length, and target_accept_prob.[0m
[1m[31mE               <DynamicJaxprTracer 134801597612112> is referred to by <dict 134801597591808>['diverging'][0m
[1m[31mE               <dict 134801597591808> is referred to by <MCMC 134801709938832>._states[0m
[1m[31mE               <MCMC 134801709938832> is referred to by <function 134801710131264> (_postprocess_fn) closed-over variable self[0m
[1m[31mE               <function 134801710131264> is referred to by <partial 134801599408512>[0m
[1m[31mE               <partial 134801599408512> is referred to by <function 134801598418272> (collect_and_postprocess) closed-over variable postprocess_fn[0m
[1m[31mE               <function 134801598418272> is referred to by <OrderedDict 134801598261568>[(functools.partial(<function MCMC._get_cached_fns.<locals>._postprocess_fn at 0x7a99f80c2840>, args=(Traced<ShapedArray(int32[2000])>with<DynamicJaxprTrace>,), kwargs={}), ('z', 'diverging'), (), 'collect_and_postprocess')][0m
[1m[31mE               <OrderedDict 134801598261568> is referred to by <function 134803784915584>._cache[0m
[1m[31mE               <function 134803784915584> is referred to by numpyro.infer.mcmc._collect_and_postprocess[0m
[1m[31mE               [0m
[1m[31mE               Traced<ShapedArray(bool[4000])>with<DynamicJaxprTrace>[0m
[1m[31mE               The error occurred while tracing the function get_samples at 616/codebase/test/infer/test_mcmc.py:634 for jit. This concrete value was not available in Python because it depends on the values of the arguments rng_key, data, step_size, trajectory_length, and target_accept_prob.[0m
[1m[31mE               <DynamicJaxprTracer 134801710370720> is referred to by <dict 134801710232448>['diverging'][0m
[1m[31mE               <dict 134801710232448> is referred to by <MCMC 134801709938832>._states_flat[0m
[1m[31mE               <MCMC 134801709938832> is referred to by <function 134801710131264> (_postprocess_fn) closed-over variable self[0m
[1m[31mE               <function 134801710131264> is referred to by <partial 134801599408512>[0m
[1m[31mE               <partial 134801599408512> is referred to by <function 134801598418272> (collect_and_postprocess) closed-over variable postprocess_fn[0m
[1m[31mE               <function 134801598418272> is referred to by <OrderedDict 134801598261568>[(functools.partial(<function MCMC._get_cached_fns.<locals>._postprocess_fn at 0x7a99f80c2840>, args=(Traced<ShapedArray(int32[2000])>with<DynamicJaxprTrace>,), kwargs={}), ('z', 'diverging'), (), 'collect_and_postprocess')][0m
[1m[31mE               <OrderedDict 134801598261568> is referred to by <function 134803784915584>._cache[0m
[1m[31mE               <function 134803784915584> is referred to by numpyro.infer.mcmc._collect_and_postprocess[0m
[1m[31mE               [0m
[1m[31mE               Traced<ShapedArray(uint32[2,2])>with<DynamicJaxprTrace>[0m
[1m[31mE               The error occurred while tracing the function get_samples at 616/codebase/test/infer/test_mcmc.py:634 for jit. This concrete value was not available in Python because it depends on the values of the arguments rng_key, data, step_size, trajectory_length, and target_accept_prob.[0m
[1m[31mE               <DynamicJaxprTracer 134801597622672> is referred to by <HMCState 134801710307328>[12][0m
[1m[31mE               <HMCState 134801710307328> is referred to by <MCMC 134801709938832>._last_state[0m
[1m[31mE               <MCMC 134801709938832> is referred to by <function 134801710131264> (_postprocess_fn) closed-over variable self[0m
[1m[31mE               <function 134801710131264> is referred to by <partial 134801599408512>[0m
[1m[31mE               <partial 134801599408512> is referred to by <function 134801598418272> (collect_and_postprocess) closed-over variable postprocess_fn[0m
[1m[31mE               <function 134801598418272> is referred to by <OrderedDict 134801598261568>[(functools.partial(<function MCMC._get_cached_fns.<locals>._postprocess_fn at 0x7a99f80c2840>, args=(Traced<ShapedArray(int32[2000])>with<DynamicJaxprTrace>,), kwargs={}), ('z', 'diverging'), (), 'collect_and_postprocess')][0m
[1m[31mE               <OrderedDict 134801598261568> is referred to by <function 134803784915584>._cache[0m
[1m[31mE               <function 134803784915584> is referred to by numpyro.infer.mcmc._collect_and_postprocess[0m
[1m[31mE               [0m
[1m[31mE               Traced<ShapedArray(bool[2])>with<DynamicJaxprTrace>[0m
[1m[31mE               The error occurred while tracing the function get_samples at 616/codebase/test/infer/test_mcmc.py:634 for jit. This concrete value was not available in Python because it depends on the values of the arguments rng_key, data, step_size, trajectory_length, and target_accept_prob.[0m
[1m[31mE               <DynamicJaxprTracer 134801597617072> is referred to by <HMCState 134801710307328>[10][0m
[1m[31mE               <HMCState 134801710307328> is referred to by <MCMC 134801709938832>._last_state[0m
[1m[31mE               <MCMC 134801709938832> is referred to by <function 134801710131264> (_postprocess_fn) closed-over variable self[0m
[1m[31mE               <function 134801710131264> is referred to by <partial 134801599408512>[0m
[1m[31mE               <partial 134801599408512> is referred to by <function 134801598418272> (collect_and_postprocess) closed-over variable postprocess_fn[0m
[1m[31mE               <function 134801598418272> is referred to by <OrderedDict 134801598261568>[(functools.partial(<function MCMC._get_cached_fns.<locals>._postprocess_fn at 0x7a99f80c2840>, args=(Traced<ShapedArray(int32[2000])>with<DynamicJaxprTrace>,), kwargs={}), ('z', 'diverging'), (), 'collect_and_postprocess')][0m
[1m[31mE               <OrderedDict 134801598261568> is referred to by <function 134803784915584>._cache[0m
[1m[31mE               <function 134803784915584> is referred to by numpyro.infer.mcmc._collect_and_postprocess[0m
[1m[31mE               [0m
[1m[31mE               Traced<ShapedArray(float32[2])>with<DynamicJaxprTrace>[0m
[1m[31mE               The error occurred while tracing the function get_samples at 616/codebase/test/infer/test_mcmc.py:634 for jit. This concrete value was not available in Python because it depends on the values of the arguments rng_key, data, step_size, trajectory_length, and target_accept_prob.[0m
[1m[31mE               <DynamicJaxprTracer 134801597615392> is referred to by <HMCState 134801710307328>[9][0m
[1m[31mE               <HMCState 134801710307328> is referred to by <MCMC 134801709938832>._last_state[0m
[1m[31mE               <MCMC 134801709938832> is referred to by <function 134801710131264> (_postprocess_fn) closed-over variable self[0m
[1m[31mE               <function 134801710131264> is referred to by <partial 134801599408512>[0m
[1m[31mE               <partial 134801599408512> is referred to by <function 134801598418272> (collect_and_postprocess) closed-over variable postprocess_fn[0m
[1m[31mE               <function 134801598418272> is referred to by <OrderedDict 134801598261568>[(functools.partial(<function MCMC._get_cached_fns.<locals>._postprocess_fn at 0x7a99f80c2840>, args=(Traced<ShapedArray(int32[2000])>with<DynamicJaxprTrace>,), kwargs={}), ('z', 'diverging'), (), 'collect_and_postprocess')][0m
[1m[31mE               <OrderedDict 134801598261568> is referred to by <function 134803784915584>._cache[0m
[1m[31mE               <function 134803784915584> is referred to by numpyro.infer.mcmc._collect_and_postprocess[0m
[1m[31mE               [0m
[1m[31mE               Traced<ShapedArray(float32[2])>with<DynamicJaxprTrace>[0m
[1m[31mE               The error occurred while tracing the function get_samples at 616/codebase/test/infer/test_mcmc.py:634 for jit. This concrete value was not available in Python because it depends on the values of the arguments rng_key, data, step_size, trajectory_length, and target_accept_prob.[0m
[1m[31mE               <DynamicJaxprTracer 134801597615552> is referred to by <HMCState 134801710307328>[8][0m
[1m[31mE               <HMCState 134801710307328> is referred to by <MCMC 134801709938832>._last_state[0m
[1m[31mE               <MCMC 134801709938832> is referred to by <function 134801710131264> (_postprocess_fn) closed-over variable self[0m
[1m[31mE               <function 134801710131264> is referred to by <partial 134801599408512>[0m
[1m[31mE               <partial 134801599408512> is referred to by <function 134801598418272> (collect_and_postprocess) closed-over variable postprocess_fn[0m
[1m[31mE               <function 134801598418272> is referred to by <OrderedDict 134801598261568>[(functools.partial(<function MCMC._get_cached_fns.<locals>._postprocess_fn at 0x7a99f80c2840>, args=(Traced<ShapedArray(int32[2000])>with<DynamicJaxprTrace>,), kwargs={}), ('z', 'diverging'), (), 'collect_and_postprocess')][0m
[1m[31mE               <OrderedDict 134801598261568> is referred to by <function 134803784915584>._cache[0m
[1m[31mE               <function 134803784915584> is referred to by numpyro.infer.mcmc._collect_and_postprocess[0m
[1m[31mE               [0m
[1m[31mE               Traced<ShapedArray(int32[2])>with<DynamicJaxprTrace>[0m
[1m[31mE               The error occurred while tracing the function get_samples at 616/codebase/test/infer/test_mcmc.py:634 for jit. This concrete value was not available in Python because it depends on the values of the arguments rng_key, data, step_size, trajectory_length, and target_accept_prob.[0m
[1m[31mE               <DynamicJaxprTracer 134801597614512> is referred to by <HMCState 134801710307328>[7][0m
[1m[31mE               <HMCState 134801710307328> is referred to by <MCMC 134801709938832>._last_state[0m
[1m[31mE               <MCMC 134801709938832> is referred to by <function 134801710131264> (_postprocess_fn) closed-over variable self[0m
[1m[31mE               <function 134801710131264> is referred to by <partial 134801599408512>[0m
[1m[31mE               <partial 134801599408512> is referred to by <function 134801598418272> (collect_and_postprocess) closed-over variable postprocess_fn[0m
[1m[31mE               <function 134801598418272> is referred to by <OrderedDict 134801598261568>[(functools.partial(<function MCMC._get_cached_fns.<locals>._postprocess_fn at 0x7a99f80c2840>, args=(Traced<ShapedArray(int32[2000])>with<DynamicJaxprTrace>,), kwargs={}), ('z', 'diverging'), (), 'collect_and_postprocess')][0m
[1m[31mE               <OrderedDict 134801598261568> is referred to by <function 134803784915584>._cache[0m
[1m[31mE               <function 134803784915584> is referred to by numpyro.infer.mcmc._collect_and_postprocess[0m
[1m[31mE               [0m
[1m[31mE               Traced<ShapedArray(float32[2])>with<DynamicJaxprTrace>[0m
[1m[31mE               The error occurred while tracing the function get_samples at 616/codebase/test/infer/test_mcmc.py:634 for jit. This concrete value was not available in Python because it depends on the values of the arguments rng_key, data, step_size, trajectory_length, and target_accept_prob.[0m
[1m[31mE               <DynamicJaxprTracer 134801597614432> is referred to by <HMCState 134801710307328>[6][0m
[1m[31mE               <HMCState 134801710307328> is referred to by <MCMC 134801709938832>._last_state[0m
[1m[31mE               <MCMC 134801709938832> is referred to by <function 134801710131264> (_postprocess_fn) closed-over variable self[0m
[1m[31mE               <function 134801710131264> is referred to by <partial 134801599408512>[0m
[1m[31mE               <partial 134801599408512> is referred to by <function 134801598418272> (collect_and_postprocess) closed-over variable postprocess_fn[0m
[1m[31mE               <function 134801598418272> is referred to by <OrderedDict 134801598261568>[(functools.partial(<function MCMC._get_cached_fns.<locals>._postprocess_fn at 0x7a99f80c2840>, args=(Traced<ShapedArray(int32[2000])>with<DynamicJaxprTrace>,), kwargs={}), ('z', 'diverging'), (), 'collect_and_postprocess')][0m
[1m[31mE               <OrderedDict 134801598261568> is referred to by <function 134803784915584>._cache[0m
[1m[31mE               <function 134803784915584> is referred to by numpyro.infer.mcmc._collect_and_postprocess[0m
[1m[31mE               [0m
[1m[31mE               Traced<ShapedArray(float32[2])>with<DynamicJaxprTrace>[0m
[1m[31mE               The error occurred while tracing the function get_samples at 616/codebase/test/infer/test_mcmc.py:634 for jit. This concrete value was not available in Python because it depends on the values of the arguments rng_key, data, step_size, trajectory_length, and target_accept_prob.[0m
[1m[31mE               <DynamicJaxprTracer 134801597612832> is referred to by <HMCState 134801710307328>[4][0m
[1m[31mE               <HMCState 134801710307328> is referred to by <MCMC 134801709938832>._last_state[0m
[1m[31mE               <MCMC 134801709938832> is referred to by <function 134801710131264> (_postprocess_fn) closed-over variable self[0m
[1m[31mE               <function 134801710131264> is referred to by <partial 134801599408512>[0m
[1m[31mE               <partial 134801599408512> is referred to by <function 134801598418272> (collect_and_postprocess) closed-over variable postprocess_fn[0m
[1m[31mE               <function 134801598418272> is referred to by <OrderedDict 134801598261568>[(functools.partial(<function MCMC._get_cached_fns.<locals>._postprocess_fn at 0x7a99f80c2840>, args=(Traced<ShapedArray(int32[2000])>with<DynamicJaxprTrace>,), kwargs={}), ('z', 'diverging'), (), 'collect_and_postprocess')][0m
[1m[31mE               <OrderedDict 134801598261568> is referred to by <function 134803784915584>._cache[0m
[1m[31mE               <function 134803784915584> is referred to by numpyro.infer.mcmc._collect_and_postprocess[0m
[1m[31mE               [0m
[1m[31mE               Traced<ShapedArray(float32[2])>with<DynamicJaxprTrace>[0m
[1m[31mE               The error occurred while tracing the function get_samples at 616/codebase/test/infer/test_mcmc.py:634 for jit. This concrete value was not available in Python because it depends on the values of the arguments rng_key, data, step_size, trajectory_length, and target_accept_prob.[0m
[1m[31mE               <DynamicJaxprTracer 134801597612752> is referred to by <HMCState 134801710307328>[3][0m
[1m[31mE               <HMCState 134801710307328> is referred to by <MCMC 134801709938832>._last_state[0m
[1m[31mE               <MCMC 134801709938832> is referred to by <function 134801710131264> (_postprocess_fn) closed-over variable self[0m
[1m[31mE               <function 134801710131264> is referred to by <partial 134801599408512>[0m
[1m[31mE               <partial 134801599408512> is referred to by <function 134801598418272> (collect_and_postprocess) closed-over variable postprocess_fn[0m
[1m[31mE               <function 134801598418272> is referred to by <OrderedDict 134801598261568>[(functools.partial(<function MCMC._get_cached_fns.<locals>._postprocess_fn at 0x7a99f80c2840>, args=(Traced<ShapedArray(int32[2000])>with<DynamicJaxprTrace>,), kwargs={}), ('z', 'diverging'), (), 'collect_and_postprocess')][0m
[1m[31mE               <OrderedDict 134801598261568> is referred to by <function 134803784915584>._cache[0m
[1m[31mE               <function 134803784915584> is referred to by numpyro.infer.mcmc._collect_and_postprocess[0m
[1m[31mE               [0m
[1m[31mE               Traced<ShapedArray(int32[2])>with<DynamicJaxprTrace>[0m
[1m[31mE               The error occurred while tracing the function get_samples at 616/codebase/test/infer/test_mcmc.py:634 for jit. This concrete value was not available in Python because it depends on the values of the arguments rng_key, data, step_size, trajectory_length, and target_accept_prob.[0m
[1m[31mE               <DynamicJaxprTracer 134801597625472> is referred to by <HMCState 134801710307328>[0][0m
[1m[31mE               <HMCState 134801710307328> is referred to by <MCMC 134801709938832>._last_state[0m
[1m[31mE               <MCMC 134801709938832> is referred to by <function 134801710131264> (_postprocess_fn) closed-over variable self[0m
[1m[31mE               <function 134801710131264> is referred to by <partial 134801599408512>[0m
[1m[31mE               <partial 134801599408512> is referred to by <function 134801598418272> (collect_and_postprocess) closed-over variable postprocess_fn[0m
[1m[31mE               <function 134801598418272> is referred to by <OrderedDict 134801598261568>[(functools.partial(<function MCMC._get_cached_fns.<locals>._postprocess_fn at 0x7a99f80c2840>, args=(Traced<ShapedArray(int32[2000])>with<DynamicJaxprTrace>,), kwargs={}), ('z', 'diverging'), (), 'collect_and_postprocess')][0m
[1m[31mE               <OrderedDict 134801598261568> is referred to by <function 134803784915584>._cache[0m
[1m[31mE               <function 134803784915584> is referred to by numpyro.infer.mcmc._collect_and_postprocess[0m
[1m[31mE               [0m
[1m[31mE               Traced<ShapedArray(float32[2,2000,3])>with<DynamicJaxprTrace>[0m
[1m[31mE               The error occurred while tracing the function get_samples at 616/codebase/test/infer/test_mcmc.py:634 for jit. This concrete value was not available in Python because it depends on the values of the arguments rng_key, data, step_size, trajectory_length, and target_accept_prob.[0m
[1m[31mE               <DynamicJaxprTracer 134801597624592> is referred to by <dict 134801597675328>['p_latent'][0m
[1m[31mE               <dict 134801597675328> is referred to by <dict 134801597591808>['z'][0m
[1m[31mE               <dict 134801597591808> is referred to by <MCMC 134801709938832>._states[0m
[1m[31mE               <MCMC 134801709938832> is referred to by <function 134801710131264> (_postprocess_fn) closed-over variable self[0m
[1m[31mE               <function 134801710131264> is referred to by <partial 134801599408512>[0m
[1m[31mE               <partial 134801599408512> is referred to by <function 134801598418272> (collect_and_postprocess) closed-over variable postprocess_fn[0m
[1m[31mE               <function 134801598418272> is referred to by <OrderedDict 134801598261568>[(functools.partial(<function MCMC._get_cached_fns.<locals>._postprocess_fn at 0x7a99f80c2840>, args=(Traced<ShapedArray(int32[2000])>with<DynamicJaxprTrace>,), kwargs={}), ('z', 'diverging'), (), 'collect_and_postprocess')][0m
[1m[31mE               <OrderedDict 134801598261568> is referred to by <function 134803784915584>._cache[0m
[1m[31mE               <function 134803784915584> is referred to by numpyro.infer.mcmc._collect_and_postprocess[0m
[1m[31mE               [0m
[1m[31mE               Traced<ShapedArray(float32[4000,3])>with<DynamicJaxprTrace>[0m
[1m[31mE               The error occurred while tracing the function get_samples at 616/codebase/test/infer/test_mcmc.py:634 for jit. This concrete value was not available in Python because it depends on the values of the arguments rng_key, data, step_size, trajectory_length, and target_accept_prob.[0m
[1m[31mE               <DynamicJaxprTracer 134801597624032> is referred to by <dict 134801710388416>['p_latent'][0m
[1m[31mE               <dict 134801710388416> is referred to by <dict 134801710232448>['z'][0m
[1m[31mE               <dict 134801710232448> is referred to by <MCMC 134801709938832>._states_flat[0m
[1m[31mE               <MCMC 134801709938832> is referred to by <function 134801710131264> (_postprocess_fn) closed-over variable self[0m
[1m[31mE               <function 134801710131264> is referred to by <partial 134801599408512>[0m
[1m[31mE               <partial 134801599408512> is referred to by <function 134801598418272> (collect_and_postprocess) closed-over variable postprocess_fn[0m
[1m[31mE               <function 134801598418272> is referred to by <OrderedDict 134801598261568>[(functools.partial(<function MCMC._get_cached_fns.<locals>._postprocess_fn at 0x7a99f80c2840>, args=(Traced<ShapedArray(int32[2000])>with<DynamicJaxprTrace>,), kwargs={}), ('z', 'diverging'), (), 'collect_and_postprocess')][0m
[1m[31mE               <OrderedDict 134801598261568> is referred to by <function 134803784915584>._cache[0m
[1m[31mE               <function 134803784915584> is referred to by numpyro.infer.mcmc._collect_and_postprocess[0m
[1m[31mE               [0m
[1m[31mE               Traced<ShapedArray(uint32[2,2])>with<DynamicJaxprTrace>[0m
[1m[31mE               The error occurred while tracing the function get_samples at 616/codebase/test/infer/test_mcmc.py:634 for jit. This concrete value was not available in Python because it depends on the values of the arguments rng_key, data, step_size, trajectory_length, and target_accept_prob.[0m
[1m[31mE               <DynamicJaxprTracer 134801597625152> is referred to by <HMCAdaptState 134801769380800>[7][0m
[1m[31mE               <HMCAdaptState 134801769380800> is referred to by <HMCState 134801710307328>[11][0m
[1m[31mE               <HMCState 134801710307328> is referred to by <MCMC 134801709938832>._last_state[0m
[1m[31mE               <MCMC 134801709938832> is referred to by <function 134801710131264> (_postprocess_fn) closed-over variable self[0m
[1m[31mE               <function 134801710131264> is referred to by <partial 134801599408512>[0m
[1m[31mE               <partial 134801599408512> is referred to by <function 134801598418272> (collect_and_postprocess) closed-over variable postprocess_fn[0m
[1m[31mE               <function 134801598418272> is referred to by <OrderedDict 134801598261568>[(functools.partial(<function MCMC._get_cached_fns.<locals>._postprocess_fn at 0x7a99f80c2840>, args=(Traced<ShapedArray(int32[2000])>with<DynamicJaxprTrace>,), kwargs={}), ('z', 'diverging'), (), 'collect_and_postprocess')][0m
[1m[31mE               <OrderedDict 134801598261568> is referred to by <function 134803784915584>._cache[0m
[1m[31mE               <function 134803784915584> is referred to by numpyro.infer.mcmc._collect_and_postprocess[0m
[1m[31mE               [0m
[1m[31mE               Traced<ShapedArray(int32[2])>with<DynamicJaxprTrace>[0m
[1m[31mE               The error occurred while tracing the function get_samples at 616/codebase/test/infer/test_mcmc.py:634 for jit. This concrete value was not available in Python because it depends on the values of the arguments rng_key, data, step_size, trajectory_length, and target_accept_prob.[0m
[1m[31mE               <DynamicJaxprTracer 134801597626832> is referred to by <HMCAdaptState 134801769380800>[6][0m
[1m[31mE               <HMCAdaptState 134801769380800> is referred to by <HMCState 134801710307328>[11][0m
[1m[31mE               <HMCState 134801710307328> is referred to by <MCMC 134801709938832>._last_state[0m
[1m[31mE               <MCMC 134801709938832> is referred to by <function 134801710131264> (_postprocess_fn) closed-over variable self[0m
[1m[31mE               <function 134801710131264> is referred to by <partial 134801599408512>[0m
[1m[31mE               <partial 134801599408512> is referred to by <function 134801598418272> (collect_and_postprocess) closed-over variable postprocess_fn[0m
[1m[31mE               <function 134801598418272> is referred to by <OrderedDict 134801598261568>[(functools.partial(<function MCMC._get_cached_fns.<locals>._postprocess_fn at 0x7a99f80c2840>, args=(Traced<ShapedArray(int32[2000])>with<DynamicJaxprTrace>,), kwargs={}), ('z', 'diverging'), (), 'collect_and_postprocess')][0m
[1m[31mE               <OrderedDict 134801598261568> is referred to by <function 134803784915584>._cache[0m
[1m[31mE               <function 134803784915584> is referred to by numpyro.infer.mcmc._collect_and_postprocess[0m
[1m[31mE               [0m
[1m[31mE               Traced<ShapedArray(float32[2])>with<DynamicJaxprTrace>[0m
[1m[31mE               The error occurred while tracing the function get_samples at 616/codebase/test/infer/test_mcmc.py:634 for jit. This concrete value was not available in Python because it depends on the values of the arguments rng_key, data, step_size, trajectory_length, and target_accept_prob.[0m
[1m[31mE               <DynamicJaxprTracer 134801597617152> is referred to by <HMCAdaptState 134801769380800>[0][0m
[1m[31mE               <HMCAdaptState 134801769380800> is referred to by <HMCState 134801710307328>[11][0m
[1m[31mE               <HMCState 134801710307328> is referred to by <MCMC 134801709938832>._last_state[0m
[1m[31mE               <MCMC 134801709938832> is referred to by <function 134801710131264> (_postprocess_fn) closed-over variable self[0m
[1m[31mE               <function 134801710131264> is referred to by <partial 134801599408512>[0m
[1m[31mE               <partial 134801599408512> is referred to by <function 134801598418272> (collect_and_postprocess) closed-over variable postprocess_fn[0m
[1m[31mE               <function 134801598418272> is referred to by <OrderedDict 134801598261568>[(functools.partial(<function MCMC._get_cached_fns.<locals>._postprocess_fn at 0x7a99f80c2840>, args=(Traced<ShapedArray(int32[2000])>with<DynamicJaxprTrace>,), kwargs={}), ('z', 'diverging'), (), 'collect_and_postprocess')][0m
[1m[31mE               <OrderedDict 134801598261568> is referred to by <function 134803784915584>._cache[0m
[1m[31mE               <function 134803784915584> is referred to by numpyro.infer.mcmc._collect_and_postprocess[0m
[1m[31mE               [0m
[1m[31mE               Traced<ShapedArray(float32[2,2])>with<DynamicJaxprTrace>[0m
[1m[31mE               The error occurred while tracing the function get_samples at 616/codebase/test/infer/test_mcmc.py:634 for jit. This concrete value was not available in Python because it depends on the values of the arguments rng_key, data, step_size, trajectory_length, and target_accept_prob.[0m
[1m[31mE               <DynamicJaxprTracer 134801597626752> is referred to by <dict 134801597646656>['p_latent'][0m
[1m[31mE               <dict 134801597646656> is referred to by <HMCState 134801710307328>[2][0m
[1m[31mE               <HMCState 134801710307328> is referred to by <MCMC 134801709938832>._last_state[0m
[1m[31mE               <MCMC 134801709938832> is referred to by <function 134801710131264> (_postprocess_fn) closed-over variable self[0m
[1m[31mE               <function 134801710131264> is referred to by <partial 134801599408512>[0m
[1m[31mE               <partial 134801599408512> is referred to by <function 134801598418272> (collect_and_postprocess) closed-over variable postprocess_fn[0m
[1m[31mE               <function 134801598418272> is referred to by <OrderedDict 134801598261568>[(functools.partial(<function MCMC._get_cached_fns.<locals>._postprocess_fn at 0x7a99f80c2840>, args=(Traced<ShapedArray(int32[2000])>with<DynamicJaxprTrace>,), kwargs={}), ('z', 'diverging'), (), 'collect_and_postprocess')][0m
[1m[31mE               <OrderedDict 134801598261568> is referred to by <function 134803784915584>._cache[0m
[1m[31mE               <function 134803784915584> is referred to by numpyro.infer.mcmc._collect_and_postprocess[0m
[1m[31mE               [0m
[1m[31mE               Traced<ShapedArray(float32[2,2])>with<DynamicJaxprTrace>[0m
[1m[31mE               The error occurred while tracing the function get_samples at 616/codebase/test/infer/test_mcmc.py:634 for jit. This concrete value was not available in Python because it depends on the values of the arguments rng_key, data, step_size, trajectory_length, and target_accept_prob.[0m
[1m[31mE               <DynamicJaxprTracer 134801597623312> is referred to by <dict 134801597674944>['p_latent'][0m
[1m[31mE               <dict 134801597674944> is referred to by <HMCState 134801710307328>[1][0m
[1m[31mE               <HMCState 134801710307328> is referred to by <MCMC 134801709938832>._last_state[0m
[1m[31mE               <MCMC 134801709938832> is referred to by <function 134801710131264> (_postprocess_fn) closed-over variable self[0m
[1m[31mE               <function 134801710131264> is referred to by <partial 134801599408512>[0m
[1m[31mE               <partial 134801599408512> is referred to by <function 134801598418272> (collect_and_postprocess) closed-over variable postprocess_fn[0m
[1m[31mE               <function 134801598418272> is referred to by <OrderedDict 134801598261568>[(functools.partial(<function MCMC._get_cached_fns.<locals>._postprocess_fn at 0x7a99f80c2840>, args=(Traced<ShapedArray(int32[2000])>with<DynamicJaxprTrace>,), kwargs={}), ('z', 'diverging'), (), 'collect_and_postprocess')][0m
[1m[31mE               <OrderedDict 134801598261568> is referred to by <function 134803784915584>._cache[0m
[1m[31mE               <function 134803784915584> is referred to by numpyro.infer.mcmc._collect_and_postprocess[0m
[1m[31mE               [0m
[1m[31mE               Traced<ShapedArray(float32[2])>with<DynamicJaxprTrace>[0m
[1m[31mE               The error occurred while tracing the function get_samples at 616/codebase/test/infer/test_mcmc.py:634 for jit. This concrete value was not available in Python because it depends on the values of the arguments rng_key, data, step_size, trajectory_length, and target_accept_prob.[0m
[1m[31mE               <DynamicJaxprTracer 134801597620832> is referred to by <tuple 134801597251024>[4][0m
[1m[31mE               <tuple 134801597251024> is referred to by <HMCAdaptState 134801769380800>[4][0m
[1m[31mE               <HMCAdaptState 134801769380800> is referred to by <HMCState 134801710307328>[11][0m
[1m[31mE               <HMCState 134801710307328> is referred to by <MCMC 134801709938832>._last_state[0m
[1m[31mE               <MCMC 134801709938832> is referred to by <function 134801710131264> (_postprocess_fn) closed-over variable self[0m
[1m[31mE               <function 134801710131264> is referred to by <partial 134801599408512>[0m
[1m[31mE               <partial 134801599408512> is referred to by <function 134801598418272> (collect_and_postprocess) closed-over variable postprocess_fn[0m
[1m[31mE               <function 134801598418272> is referred to by <OrderedDict 134801598261568>[(functools.partial(<function MCMC._get_cached_fns.<locals>._postprocess_fn at 0x7a99f80c2840>, args=(Traced<ShapedArray(int32[2000])>with<DynamicJaxprTrace>,), kwargs={}), ('z', 'diverging'), (), 'collect_and_postprocess')][0m
[1m[31mE               <OrderedDict 134801598261568> is referred to by <function 134803784915584>._cache[0m
[1m[31mE               <function 134803784915584> is referred to by numpyro.infer.mcmc._collect_and_postprocess[0m
[1m[31mE               [0m
[1m[31mE               Traced<ShapedArray(int32[2])>with<DynamicJaxprTrace>[0m
[1m[31mE               The error occurred while tracing the function get_samples at 616/codebase/test/infer/test_mcmc.py:634 for jit. This concrete value was not available in Python because it depends on the values of the arguments rng_key, data, step_size, trajectory_length, and target_accept_prob.[0m
[1m[31mE               <DynamicJaxprTracer 134801597620752> is referred to by <tuple 134801597251024>[3][0m
[1m[31mE               <tuple 134801597251024> is referred to by <HMCAdaptState 134801769380800>[4][0m
[1m[31mE               <HMCAdaptState 134801769380800> is referred to by <HMCState 134801710307328>[11][0m
[1m[31mE               <HMCState 134801710307328> is referred to by <MCMC 134801709938832>._last_state[0m
[1m[31mE               <MCMC 134801709938832> is referred to by <function 134801710131264> (_postprocess_fn) closed-over variable self[0m
[1m[31mE               <function 134801710131264> is referred to by <partial 134801599408512>[0m
[1m[31mE               <partial 134801599408512> is referred to by <function 134801598418272> (collect_and_postprocess) closed-over variable postprocess_fn[0m
[1m[31mE               <function 134801598418272> is referred to by <OrderedDict 134801598261568>[(functools.partial(<function MCMC._get_cached_fns.<locals>._postprocess_fn at 0x7a99f80c2840>, args=(Traced<ShapedArray(int32[2000])>with<DynamicJaxprTrace>,), kwargs={}), ('z', 'diverging'), (), 'collect_and_postprocess')][0m
[1m[31mE               <OrderedDict 134801598261568> is referred to by <function 134803784915584>._cache[0m
[1m[31mE               <function 134803784915584> is referred to by numpyro.infer.mcmc._collect_and_postprocess[0m
[1m[31mE               [0m
[1m[31mE               Traced<ShapedArray(float32[2])>with<DynamicJaxprTrace>[0m
[1m[31mE               The error occurred while tracing the function get_samples at 616/codebase/test/infer/test_mcmc.py:634 for jit. This concrete value was not available in Python because it depends on the values of the arguments rng_key, data, step_size, trajectory_length, and target_accept_prob.[0m
[1m[31mE               <DynamicJaxprTracer 134801597622272> is referred to by <tuple 134801597251024>[2][0m
[1m[31mE               <tuple 134801597251024> is referred to by <HMCAdaptState 134801769380800>[4][0m
[1m[31mE               <HMCAdaptState 134801769380800> is referred to by <HMCState 134801710307328>[11][0m
[1m[31mE               <HMCState 134801710307328> is referred to by <MCMC 134801709938832>._last_state[0m
[1m[31mE               <MCMC 134801709938832> is referred to by <function 134801710131264> (_postprocess_fn) closed-over variable self[0m
[1m[31mE               <function 134801710131264> is referred to by <partial 134801599408512>[0m
[1m[31mE               <partial 134801599408512> is referred to by <function 134801598418272> (collect_and_postprocess) closed-over variable postprocess_fn[0m
[1m[31mE               <function 134801598418272> is referred to by <OrderedDict 134801598261568>[(functools.partial(<function MCMC._get_cached_fns.<locals>._postprocess_fn at 0x7a99f80c2840>, args=(Traced<ShapedArray(int32[2000])>with<DynamicJaxprTrace>,), kwargs={}), ('z', 'diverging'), (), 'collect_and_postprocess')][0m
[1m[31mE               <OrderedDict 134801598261568> is referred to by <function 134803784915584>._cache[0m
[1m[31mE               <function 134803784915584> is referred to by numpyro.infer.mcmc._collect_and_postprocess[0m
[1m[31mE               [0m
[1m[31mE               Traced<ShapedArray(float32[2])>with<DynamicJaxprTrace>[0m
[1m[31mE               The error occurred while tracing the function get_samples at 616/codebase/test/infer/test_mcmc.py:634 for jit. This concrete value was not available in Python because it depends on the values of the arguments rng_key, data, step_size, trajectory_length, and target_accept_prob.[0m
[1m[31mE               <DynamicJaxprTracer 134801597626272> is referred to by <tuple 134801597251024>[1][0m
[1m[31mE               <tuple 134801597251024> is referred to by <HMCAdaptState 134801769380800>[4][0m
[1m[31mE               <HMCAdaptState 134801769380800> is referred to by <HMCState 134801710307328>[11][0m
[1m[31mE               <HMCState 134801710307328> is referred to by <MCMC 134801709938832>._last_state[0m
[1m[31mE               <MCMC 134801709938832> is referred to by <function 134801710131264> (_postprocess_fn) closed-over variable self[0m
[1m[31mE               <function 134801710131264> is referred to by <partial 134801599408512>[0m
[1m[31mE               <partial 134801599408512> is referred to by <function 134801598418272> (collect_and_postprocess) closed-over variable postprocess_fn[0m
[1m[31mE               <function 134801598418272> is referred to by <OrderedDict 134801598261568>[(functools.partial(<function MCMC._get_cached_fns.<locals>._postprocess_fn at 0x7a99f80c2840>, args=(Traced<ShapedArray(int32[2000])>with<DynamicJaxprTrace>,), kwargs={}), ('z', 'diverging'), (), 'collect_and_postprocess')][0m
[1m[31mE               <OrderedDict 134801598261568> is referred to by <function 134803784915584>._cache[0m
[1m[31mE               <function 134803784915584> is referred to by numpyro.infer.mcmc._collect_and_postprocess[0m
[1m[31mE               [0m
[1m[31mE               Traced<ShapedArray(float32[2])>with<DynamicJaxprTrace>[0m
[1m[31mE               The error occurred while tracing the function get_samples at 616/codebase/test/infer/test_mcmc.py:634 for jit. This concrete value was not available in Python because it depends on the values of the arguments rng_key, data, step_size, trajectory_length, and target_accept_prob.[0m
[1m[31mE               <DynamicJaxprTracer 134801597619232> is referred to by <tuple 134801597251024>[0][0m
[1m[31mE               <tuple 134801597251024> is referred to by <HMCAdaptState 134801769380800>[4][0m
[1m[31mE               <HMCAdaptState 134801769380800> is referred to by <HMCState 134801710307328>[11][0m
[1m[31mE               <HMCState 134801710307328> is referred to by <MCMC 134801709938832>._last_state[0m
[1m[31mE               <MCMC 134801709938832> is referred to by <function 134801710131264> (_postprocess_fn) closed-over variable self[0m
[1m[31mE               <function 134801710131264> is referred to by <partial 134801599408512>[0m
[1m[31mE               <partial 134801599408512> is referred to by <function 134801598418272> (collect_and_postprocess) closed-over variable postprocess_fn[0m
[1m[31mE               <function 134801598418272> is referred to by <OrderedDict 134801598261568>[(functools.partial(<function MCMC._get_cached_fns.<locals>._postprocess_fn at 0x7a99f80c2840>, args=(Traced<ShapedArray(int32[2000])>with<DynamicJaxprTrace>,), kwargs={}), ('z', 'diverging'), (), 'collect_and_postprocess')][0m
[1m[31mE               <OrderedDict 134801598261568> is referred to by <function 134803784915584>._cache[0m
[1m[31mE               <function 134803784915584> is referred to by numpyro.infer.mcmc._collect_and_postprocess[0m
[1m[31mE               [0m
[1m[31mE               Traced<ShapedArray(float32[2,2])>with<DynamicJaxprTrace>[0m
[1m[31mE               The error occurred while tracing the function get_samples at 616/codebase/test/infer/test_mcmc.py:634 for jit. This concrete value was not available in Python because it depends on the values of the arguments rng_key, data, step_size, trajectory_length, and target_accept_prob.[0m
[1m[31mE               <DynamicJaxprTracer 134801597616272> is referred to by <dict 134801597605696>[('p_latent',)][0m
[1m[31mE               <dict 134801597605696> is referred to by <HMCAdaptState 134801769380800>[3][0m
[1m[31mE               <HMCAdaptState 134801769380800> is referred to by <HMCState 134801710307328>[11][0m
[1m[31mE               <HMCState 134801710307328> is referred to by <MCMC 134801709938832>._last_state[0m
[1m[31mE               <MCMC 134801709938832> is referred to by <function 134801710131264> (_postprocess_fn) closed-over variable self[0m
[1m[31mE               <function 134801710131264> is referred to by <partial 134801599408512>[0m
[1m[31mE               <partial 134801599408512> is referred to by <function 134801598418272> (collect_and_postprocess) closed-over variable postprocess_fn[0m
[1m[31mE               <function 134801598418272> is referred to by <OrderedDict 134801598261568>[(functools.partial(<function MCMC._get_cached_fns.<locals>._postprocess_fn at 0x7a99f80c2840>, args=(Traced<ShapedArray(int32[2000])>with<DynamicJaxprTrace>,), kwargs={}), ('z', 'diverging'), (), 'collect_and_postprocess')][0m
[1m[31mE               <OrderedDict 134801598261568> is referred to by <function 134803784915584>._cache[0m
[1m[31mE               <function 134803784915584> is referred to by numpyro.infer.mcmc._collect_and_postprocess[0m
[1m[31mE               [0m
[1m[31mE               Traced<ShapedArray(float32[2,2])>with<DynamicJaxprTrace>[0m
[1m[31mE               The error occurred while tracing the function get_samples at 616/codebase/test/infer/test_mcmc.py:634 for jit. This concrete value was not available in Python because it depends on the values of the arguments rng_key, data, step_size, trajectory_length, and target_accept_prob.[0m
[1m[31mE               <DynamicJaxprTracer 134801597618512> is referred to by <dict 134801597855168>[('p_latent',)][0m
[1m[31mE               <dict 134801597855168> is referred to by <HMCAdaptState 134801769380800>[2][0m
[1m[31mE               <HMCAdaptState 134801769380800> is referred to by <HMCState 134801710307328>[11][0m
[1m[31mE               <HMCState 134801710307328> is referred to by <MCMC 134801709938832>._last_state[0m
[1m[31mE               <MCMC 134801709938832> is referred to by <function 134801710131264> (_postprocess_fn) closed-over variable self[0m
[1m[31mE               <function 134801710131264> is referred to by <partial 134801599408512>[0m
[1m[31mE               <partial 134801599408512> is referred to by <function 134801598418272> (collect_and_postprocess) closed-over variable postprocess_fn[0m
[1m[31mE               <function 134801598418272> is referred to by <OrderedDict 134801598261568>[(functools.partial(<function MCMC._get_cached_fns.<locals>._postprocess_fn at 0x7a99f80c2840>, args=(Traced<ShapedArray(int32[2000])>with<DynamicJaxprTrace>,), kwargs={}), ('z', 'diverging'), (), 'collect_and_postprocess')][0m
[1m[31mE               <OrderedDict 134801598261568> is referred to by <function 134803784915584>._cache[0m
[1m[31mE               <function 134803784915584> is referred to by numpyro.infer.mcmc._collect_and_postprocess[0m
[1m[31mE               [0m
[1m[31mE               Traced<ShapedArray(float32[2,2])>with<DynamicJaxprTrace>[0m
[1m[31mE               The error occurred while tracing the function get_samples at 616/codebase/test/infer/test_mcmc.py:634 for jit. This concrete value was not available in Python because it depends on the values of the arguments rng_key, data, step_size, trajectory_length, and target_accept_prob.[0m
[1m[31mE               <DynamicJaxprTracer 134801597618192> is referred to by <dict 134801597855808>[('p_latent',)][0m
[1m[31mE               <dict 134801597855808> is referred to by <HMCAdaptState 134801769380800>[1][0m
[1m[31mE               <HMCAdaptState 134801769380800> is referred to by <HMCState 134801710307328>[11][0m
[1m[31mE               <HMCState 134801710307328> is referred to by <MCMC 134801709938832>._last_state[0m
[1m[31mE               <MCMC 134801709938832> is referred to by <function 134801710131264> (_postprocess_fn) closed-over variable self[0m
[1m[31mE               <function 134801710131264> is referred to by <partial 134801599408512>[0m
[1m[31mE               <partial 134801599408512> is referred to by <function 134801598418272> (collect_and_postprocess) closed-over variable postprocess_fn[0m
[1m[31mE               <function 134801598418272> is referred to by <OrderedDict 134801598261568>[(functools.partial(<function MCMC._get_cached_fns.<locals>._postprocess_fn at 0x7a99f80c2840>, args=(Traced<ShapedArray(int32[2000])>with<DynamicJaxprTrace>,), kwargs={}), ('z', 'diverging'), (), 'collect_and_postprocess')][0m
[1m[31mE               <OrderedDict 134801598261568> is referred to by <function 134803784915584>._cache[0m
[1m[31mE               <function 134803784915584> is referred to by numpyro.infer.mcmc._collect_and_postprocess[0m
[1m[31mE               [0m
[1m[31mE               Traced<ShapedArray(int32[2])>with<DynamicJaxprTrace>[0m
[1m[31mE               The error occurred while tracing the function get_samples at 616/codebase/test/infer/test_mcmc.py:634 for jit. This concrete value was not available in Python because it depends on the values of the arguments rng_key, data, step_size, trajectory_length, and target_accept_prob.[0m
[1m[31mE               <DynamicJaxprTracer 134801597622192> is referred to by <tuple 134801597762880>[2][0m
[1m[31mE               <tuple 134801597762880> is referred to by <dict 134801597854272>[('p_latent',)][0m
[1m[31mE               <dict 134801597854272> is referred to by <HMCAdaptState 134801769380800>[5][0m
[1m[31mE               <HMCAdaptState 134801769380800> is referred to by <HMCState 134801710307328>[11][0m
[1m[31mE               <HMCState 134801710307328> is referred to by <MCMC 134801709938832>._last_state[0m
[1m[31mE               <MCMC 134801709938832> is referred to by <function 134801710131264> (_postprocess_fn) closed-over variable self[0m
[1m[31mE               <function 134801710131264> is referred to by <partial 134801599408512>[0m
[1m[31mE               <partial 134801599408512> is referred to by <function 134801598418272> (collect_and_postprocess) closed-over variable postprocess_fn[0m
[1m[31mE               <function 134801598418272> is referred to by <OrderedDict 134801598261568>[(functools.partial(<function MCMC._get_cached_fns.<locals>._postprocess_fn at 0x7a99f80c2840>, args=(Traced<ShapedArray(int32[2000])>with<DynamicJaxprTrace>,), kwargs={}), ('z', 'diverging'), (), 'collect_and_postprocess')][0m
[1m[31mE               <OrderedDict 134801598261568> is referred to by <function 134803784915584>._cache[0m
[1m[31mE               <function 134803784915584> is referred to by numpyro.infer.mcmc._collect_and_postprocess[0m
[1m[31mE               [0m
[1m[31mE               Traced<ShapedArray(float32[2,2])>with<DynamicJaxprTrace>[0m
[1m[31mE               The error occurred while tracing the function get_samples at 616/codebase/test/infer/test_mcmc.py:634 for jit. This concrete value was not available in Python because it depends on the values of the arguments rng_key, data, step_size, trajectory_length, and target_accept_prob.[0m
[1m[31mE               <DynamicJaxprTracer 134801597621872> is referred to by <tuple 134801597762880>[1][0m
[1m[31mE               <tuple 134801597762880> is referred to by <dict 134801597854272>[('p_latent',)][0m
[1m[31mE               <dict 134801597854272> is referred to by <HMCAdaptState 134801769380800>[5][0m
[1m[31mE               <HMCAdaptState 134801769380800> is referred to by <HMCState 134801710307328>[11][0m
[1m[31mE               <HMCState 134801710307328> is referred to by <MCMC 134801709938832>._last_state[0m
[1m[31mE               <MCMC 134801709938832> is referred to by <function 134801710131264> (_postprocess_fn) closed-over variable self[0m
[1m[31mE               <function 134801710131264> is referred to by <partial 134801599408512>[0m
[1m[31mE               <partial 134801599408512> is referred to by <function 134801598418272> (collect_and_postprocess) closed-over variable postprocess_fn[0m
[1m[31mE               <function 134801598418272> is referred to by <OrderedDict 134801598261568>[(functools.partial(<function MCMC._get_cached_fns.<locals>._postprocess_fn at 0x7a99f80c2840>, args=(Traced<ShapedArray(int32[2000])>with<DynamicJaxprTrace>,), kwargs={}), ('z', 'diverging'), (), 'collect_and_postprocess')][0m
[1m[31mE               <OrderedDict 134801598261568> is referred to by <function 134803784915584>._cache[0m
[1m[31mE               <function 134803784915584> is referred to by numpyro.infer.mcmc._collect_and_postprocess[0m
[1m[31mE               [0m
[1m[31mE               Traced<ShapedArray(float32[2,2])>with<DynamicJaxprTrace>[0m
[1m[31mE               The error occurred while tracing the function get_samples at 616/codebase/test/infer/test_mcmc.py:634 for jit. This concrete value was not available in Python because it depends on the values of the arguments rng_key, data, step_size, trajectory_length, and target_accept_prob.[0m
[1m[31mE               <DynamicJaxprTracer 134801597621392> is referred to by <tuple 134801597762880>[0][0m
[1m[31mE               <tuple 134801597762880> is referred to by <dict 134801597854272>[('p_latent',)][0m
[1m[31mE               <dict 134801597854272> is referred to by <HMCAdaptState 134801769380800>[5][0m
[1m[31mE               <HMCAdaptState 134801769380800> is referred to by <HMCState 134801710307328>[11][0m
[1m[31mE               <HMCState 134801710307328> is referred to by <MCMC 134801709938832>._last_state[0m
[1m[31mE               <MCMC 134801709938832> is referred to by <function 134801710131264> (_postprocess_fn) closed-over variable self[0m
[1m[31mE               <function 134801710131264> is referred to by <partial 134801599408512>[0m
[1m[31mE               <partial 134801599408512> is referred to by <function 134801598418272> (collect_and_postprocess) closed-over variable postprocess_fn[0m
[1m[31mE               <function 134801598418272> is referred to by <OrderedDict 134801598261568>[(functools.partial(<function MCMC._get_cached_fns.<locals>._postprocess_fn at 0x7a99f80c2840>, args=(Traced<ShapedArray(int32[2000])>with<DynamicJaxprTrace>,), kwargs={}), ('z', 'diverging'), (), 'collect_and_postprocess')][0m
[1m[31mE               <OrderedDict 134801598261568> is referred to by <function 134803784915584>._cache[0m
[1m[31mE               <function 134803784915584> is referred to by numpyro.infer.mcmc._collect_and_postprocess[0m
[1m[31mE               [0m
[1m[31mE               --------------------[0m
[1m[31mE               For simplicity, JAX has removed its internal frames from the traceback of the following exception. Set JAX_TRACEBACK_FILTERING=off to include these.[0m

[1m[31m/usr/lib/python3.12/contextlib.py[0m:144: Exception
[31m[1m____________________ test_chain_inside_jit[sequential-NUTS] ____________________[0m

kernel_cls = <class 'numpyro.infer.hmc.NUTS'>, chain_method = 'sequential'

    [0m[37m@pytest[39;49;00m.mark.parametrize([33m"[39;49;00m[33mkernel_cls[39;49;00m[33m"[39;49;00m, [HMC, NUTS])[90m[39;49;00m
    [37m@pytest[39;49;00m.mark.parametrize([90m[39;49;00m
        [33m"[39;49;00m[33mchain_method[39;49;00m[33m"[39;49;00m,[90m[39;49;00m
        [[90m[39;49;00m
            pytest.param([90m[39;49;00m
                [33m"[39;49;00m[33mparallel[39;49;00m[33m"[39;49;00m,[90m[39;49;00m
                marks=pytest.mark.xfail(reason=[33m"[39;49;00m[33mjit+pmap does not work in CPU yet[39;49;00m[33m"[39;49;00m),[90m[39;49;00m
            ),[90m[39;49;00m
            [33m"[39;49;00m[33msequential[39;49;00m[33m"[39;49;00m,[90m[39;49;00m
            [33m"[39;49;00m[33mvectorized[39;49;00m[33m"[39;49;00m,[90m[39;49;00m
        ],[90m[39;49;00m
    )[90m[39;49;00m
    [37m@pytest[39;49;00m.mark.skipif([90m[39;49;00m
        [33m"[39;49;00m[33mCI[39;49;00m[33m"[39;49;00m [95min[39;49;00m os.environ, reason=[33m"[39;49;00m[33mCompiling time the whole sampling process is slow.[39;49;00m[33m"[39;49;00m[90m[39;49;00m
    )[90m[39;49;00m
    [94mdef[39;49;00m[90m [39;49;00m[92mtest_chain_inside_jit[39;49;00m(kernel_cls, chain_method):[90m[39;49;00m
        [90m# NB: this feature is useful for consensus MC.[39;49;00m[90m[39;49;00m
        [90m# Caution: compiling time will be slow (~ 90s)[39;49;00m[90m[39;49;00m
        [94mif[39;49;00m chain_method == [33m"[39;49;00m[33mparallel[39;49;00m[33m"[39;49;00m [95mand[39;49;00m jax.device_count() == [94m1[39;49;00m:[90m[39;49;00m
            pytest.skip([33m"[39;49;00m[33mparallel method requires device_count greater than 1.[39;49;00m[33m"[39;49;00m)[90m[39;49;00m
        num_warmup, num_samples = [94m100[39;49;00m, [94m2000[39;49;00m[90m[39;49;00m
        [90m# Here are settings which is currently supported.[39;49;00m[90m[39;49;00m
        rng_key = random.PRNGKey([94m2[39;49;00m)[90m[39;49;00m
        step_size = [94m1.0[39;49;00m[90m[39;49;00m
        target_accept_prob = [94m0.8[39;49;00m[90m[39;49;00m
        trajectory_length = [94m1.0[39;49;00m[90m[39;49;00m
        [90m# Not supported yet:[39;49;00m[90m[39;49;00m
        [90m#   + adapt_step_size[39;49;00m[90m[39;49;00m
        [90m#   + adapt_mass_matrix[39;49;00m[90m[39;49;00m
        [90m#   + max_tree_depth[39;49;00m[90m[39;49;00m
        [90m#   + num_warmup[39;49;00m[90m[39;49;00m
        [90m#   + num_samples[39;49;00m[90m[39;49;00m
    [90m[39;49;00m
        [94mdef[39;49;00m[90m [39;49;00m[92mmodel[39;49;00m(data):[90m[39;49;00m
            concentration = jnp.array([[94m1.0[39;49;00m, [94m1.0[39;49;00m, [94m1.0[39;49;00m])[90m[39;49;00m
            p_latent = numpyro.sample([33m"[39;49;00m[33mp_latent[39;49;00m[33m"[39;49;00m, dist.Dirichlet(concentration))[90m[39;49;00m
            numpyro.sample([33m"[39;49;00m[33mobs[39;49;00m[33m"[39;49;00m, dist.Categorical(p_latent), obs=data)[90m[39;49;00m
            [94mreturn[39;49;00m p_latent[90m[39;49;00m
    [90m[39;49;00m
        [37m@jit[39;49;00m[90m[39;49;00m
        [94mdef[39;49;00m[90m [39;49;00m[92mget_samples[39;49;00m(rng_key, data, step_size, trajectory_length, target_accept_prob):[90m[39;49;00m
            kernel = kernel_cls([90m[39;49;00m
                model,[90m[39;49;00m
                step_size=step_size,[90m[39;49;00m
                trajectory_length=trajectory_length,[90m[39;49;00m
                target_accept_prob=target_accept_prob,[90m[39;49;00m
            )[90m[39;49;00m
            mcmc = MCMC([90m[39;49;00m
                kernel,[90m[39;49;00m
                num_warmup=num_warmup,[90m[39;49;00m
                num_samples=num_samples,[90m[39;49;00m
                num_chains=[94m2[39;49;00m,[90m[39;49;00m
                chain_method=chain_method,[90m[39;49;00m
                progress_bar=[94mFalse[39;49;00m,[90m[39;49;00m
            )[90m[39;49;00m
            mcmc.run(rng_key, data)[90m[39;49;00m
            [94mreturn[39;49;00m mcmc.get_samples()[90m[39;49;00m
    [90m[39;49;00m
        true_probs = jnp.array([[94m0.1[39;49;00m, [94m0.6[39;49;00m, [94m0.3[39;49;00m])[90m[39;49;00m
        data = dist.Categorical(true_probs).sample(random.PRNGKey([94m1[39;49;00m), ([94m2000[39;49;00m,))[90m[39;49;00m
>       samples = get_samples([90m[39;49;00m
            rng_key, data, step_size, trajectory_length, target_accept_prob[90m[39;49;00m
        )[90m[39;49;00m

[1m[31mcodebase/test/infer/test_mcmc.py[0m:655: 
_ _ _ _ _ _ _ _ _ _ _ _ _ _ _ _ _ _ _ _ _ _ _ _ _ _ _ _ _ _ _ _ _ _ _ _ _ _ _ _ 

self = <contextlib._GeneratorContextManager object at 0x7a99f16bd610>
typ = None, value = None, traceback = None

    [0m[94mdef[39;49;00m[90m [39;49;00m[92m__exit__[39;49;00m([96mself[39;49;00m, typ, value, traceback):[90m[39;49;00m
        [94mif[39;49;00m typ [95mis[39;49;00m [94mNone[39;49;00m:[90m[39;49;00m
            [94mtry[39;49;00m:[90m[39;49;00m
>               [96mnext[39;49;00m([96mself[39;49;00m.gen)[90m[39;49;00m
[1m[31mE               Exception: Leaked trace DynamicJaxprTrace. Leaked tracer(s):[0m
[1m[31mE               [0m
[1m[31mE               Traced<ShapedArray(float32[], weak_type=True)>with<DynamicJaxprTrace>[0m
[1m[31mE               The error occurred while tracing the function get_samples at 616/codebase/test/infer/test_mcmc.py:634 for jit. This concrete value was not available in Python because it depends on the value of the argument target_accept_prob.[0m
[1m[31mE               <DynamicJaxprTracer 134801596809072> is referred to by <list 134801582466176>[2][0m
[1m[31mE               <list 134801582466176> is referred to by <PjitParams 134801769499200>[0][0m
[1m[31mE               <PjitParams 134801769499200> is referred to by <InferParamsCacheEntry 134801597711504>[0m
[1m[31mE               [0m
[1m[31mE               Traced<ShapedArray(int32[2000])>with<DynamicJaxprTrace>[0m
[1m[31mE               The error occurred while tracing the function get_samples at 616/codebase/test/infer/test_mcmc.py:634 for jit. This concrete value was not available in Python because it depends on the value of the argument data.[0m
[1m[31mE               <DynamicJaxprTracer 134801596808912> is referred to by <list 134801582466176>[1][0m
[1m[31mE               <list 134801582466176> is referred to by <PjitParams 134801769499200>[0][0m
[1m[31mE               <PjitParams 134801769499200> is referred to by <InferParamsCacheEntry 134801597711504>[0m
[1m[31mE               [0m
[1m[31mE               Traced<ShapedArray(float32[], weak_type=True)>with<DynamicJaxprTrace>[0m
[1m[31mE               The error occurred while tracing the function get_samples at 616/codebase/test/infer/test_mcmc.py:634 for jit. This concrete value was not available in Python because it depends on the value of the argument step_size.[0m
[1m[31mE               <DynamicJaxprTracer 134801596808672> is referred to by <NUTS 134801598959872>._step_size[0m
[1m[31mE               <NUTS 134801598959872> is referred to by <dict 134801596867520>['sampler'][0m
[1m[31mE               <dict 134801596867520> is referred to by <partial 134801597093568>[0m
[1m[31mE               <partial 134801597093568> is referred to by <tuple 134801775918016>[0][0m
[1m[31mE               <tuple 134801775918016> is referred to by <OrderedDict 134801598259136> at keys [0m
[1m[31mE               <OrderedDict 134801598259136> is referred to by <function 134803789265664>._cache[0m
[1m[31mE               <function 134803789265664> is referred to by numpyro.util.fori_collect[0m
[1m[31mE               [0m
[1m[31mE               Traced<ShapedArray(float32[], weak_type=True)>with<DynamicJaxprTrace>[0m
[1m[31mE               The error occurred while tracing the function get_samples at 616/codebase/test/infer/test_mcmc.py:634 for jit. This concrete value was not available in Python because it depends on the value of the argument trajectory_length.[0m
[1m[31mE               <DynamicJaxprTracer 134801596808832> is referred to by <NUTS 134801598959872>._trajectory_length[0m
[1m[31mE               <NUTS 134801598959872> is referred to by <dict 134801596867520>['sampler'][0m
[1m[31mE               <dict 134801596867520> is referred to by <partial 134801597093568>[0m
[1m[31mE               <partial 134801597093568> is referred to by <tuple 134801775918016>[0][0m
[1m[31mE               <tuple 134801775918016> is referred to by <OrderedDict 134801598259136> at keys [0m
[1m[31mE               <OrderedDict 134801598259136> is referred to by <function 134803789265664>._cache[0m
[1m[31mE               <function 134803789265664> is referred to by numpyro.util.fori_collect[0m
[1m[31mE               [0m
[1m[31mE               Traced<ShapedArray(bool[2,2000])>with<DynamicJaxprTrace>[0m
[1m[31mE               The error occurred while tracing the function get_samples at 616/codebase/test/infer/test_mcmc.py:634 for jit. This concrete value was not available in Python because it depends on the values of the arguments rng_key, data, step_size, trajectory_length, and target_accept_prob.[0m
[1m[31mE               <DynamicJaxprTracer 134801598115792> is referred to by <dict 134801583299136>['diverging'][0m
[1m[31mE               <dict 134801583299136> is referred to by <MCMC 134801598963040>._states[0m
[1m[31mE               <MCMC 134801598963040> is referred to by <function 134801596725696> (_postprocess_fn) closed-over variable self[0m
[1m[31mE               <function 134801596725696> is referred to by <partial 134801597102368>[0m
[1m[31mE               <partial 134801597102368> is referred to by <function 134801582775712> (collect_and_postprocess) closed-over variable postprocess_fn[0m
[1m[31mE               <function 134801582775712> is referred to by <OrderedDict 134801598261568>[(functools.partial(<function MCMC._get_cached_fns.<locals>._postprocess_fn at 0x7a99f149b9c0>, args=(Traced<ShapedArray(int32[2000])>with<DynamicJaxprTrace>,), kwargs={}), ('z', 'diverging'), (), 'collect_and_postprocess')][0m
[1m[31mE               <OrderedDict 134801598261568> is referred to by <function 134803784915584>._cache[0m
[1m[31mE               <function 134803784915584> is referred to by numpyro.infer.mcmc._collect_and_postprocess[0m
[1m[31mE               [0m
[1m[31mE               Traced<ShapedArray(bool[4000])>with<DynamicJaxprTrace>[0m
[1m[31mE               The error occurred while tracing the function get_samples at 616/codebase/test/infer/test_mcmc.py:634 for jit. This concrete value was not available in Python because it depends on the values of the arguments rng_key, data, step_size, trajectory_length, and target_accept_prob.[0m
[1m[31mE               <DynamicJaxprTracer 134801597088544> is referred to by <dict 134801593530112>['diverging'][0m
[1m[31mE               <dict 134801593530112> is referred to by <MCMC 134801598963040>._states_flat[0m
[1m[31mE               <MCMC 134801598963040> is referred to by <function 134801596725696> (_postprocess_fn) closed-over variable self[0m
[1m[31mE               <function 134801596725696> is referred to by <partial 134801597102368>[0m
[1m[31mE               <partial 134801597102368> is referred to by <function 134801582775712> (collect_and_postprocess) closed-over variable postprocess_fn[0m
[1m[31mE               <function 134801582775712> is referred to by <OrderedDict 134801598261568>[(functools.partial(<function MCMC._get_cached_fns.<locals>._postprocess_fn at 0x7a99f149b9c0>, args=(Traced<ShapedArray(int32[2000])>with<DynamicJaxprTrace>,), kwargs={}), ('z', 'diverging'), (), 'collect_and_postprocess')][0m
[1m[31mE               <OrderedDict 134801598261568> is referred to by <function 134803784915584>._cache[0m
[1m[31mE               <function 134803784915584> is referred to by numpyro.infer.mcmc._collect_and_postprocess[0m
[1m[31mE               [0m
[1m[31mE               Traced<ShapedArray(uint32[2,2])>with<DynamicJaxprTrace>[0m
[1m[31mE               The error occurred while tracing the function get_samples at 616/codebase/test/infer/test_mcmc.py:634 for jit. This concrete value was not available in Python because it depends on the values of the arguments rng_key, data, step_size, trajectory_length, and target_accept_prob.[0m
[1m[31mE               <DynamicJaxprTracer 134801582548752> is referred to by <HMCState 134801596725856>[12][0m
[1m[31mE               <HMCState 134801596725856> is referred to by <MCMC 134801598963040>._last_state[0m
[1m[31mE               <MCMC 134801598963040> is referred to by <function 134801596725696> (_postprocess_fn) closed-over variable self[0m
[1m[31mE               <function 134801596725696> is referred to by <partial 134801597102368>[0m
[1m[31mE               <partial 134801597102368> is referred to by <function 134801582775712> (collect_and_postprocess) closed-over variable postprocess_fn[0m
[1m[31mE               <function 134801582775712> is referred to by <OrderedDict 134801598261568>[(functools.partial(<function MCMC._get_cached_fns.<locals>._postprocess_fn at 0x7a99f149b9c0>, args=(Traced<ShapedArray(int32[2000])>with<DynamicJaxprTrace>,), kwargs={}), ('z', 'diverging'), (), 'collect_and_postprocess')][0m
[1m[31mE               <OrderedDict 134801598261568> is referred to by <function 134803784915584>._cache[0m
[1m[31mE               <function 134803784915584> is referred to by numpyro.infer.mcmc._collect_and_postprocess[0m
[1m[31mE               [0m
[1m[31mE               Traced<ShapedArray(bool[2])>with<DynamicJaxprTrace>[0m
[1m[31mE               The error occurred while tracing the function get_samples at 616/codebase/test/infer/test_mcmc.py:634 for jit. This concrete value was not available in Python because it depends on the values of the arguments rng_key, data, step_size, trajectory_length, and target_accept_prob.[0m
[1m[31mE               <DynamicJaxprTracer 134801598118672> is referred to by <HMCState 134801596725856>[10][0m
[1m[31mE               <HMCState 134801596725856> is referred to by <MCMC 134801598963040>._last_state[0m
[1m[31mE               <MCMC 134801598963040> is referred to by <function 134801596725696> (_postprocess_fn) closed-over variable self[0m
[1m[31mE               <function 134801596725696> is referred to by <partial 134801597102368>[0m
[1m[31mE               <partial 134801597102368> is referred to by <function 134801582775712> (collect_and_postprocess) closed-over variable postprocess_fn[0m
[1m[31mE               <function 134801582775712> is referred to by <OrderedDict 134801598261568>[(functools.partial(<function MCMC._get_cached_fns.<locals>._postprocess_fn at 0x7a99f149b9c0>, args=(Traced<ShapedArray(int32[2000])>with<DynamicJaxprTrace>,), kwargs={}), ('z', 'diverging'), (), 'collect_and_postprocess')][0m
[1m[31mE               <OrderedDict 134801598261568> is referred to by <function 134803784915584>._cache[0m
[1m[31mE               <function 134803784915584> is referred to by numpyro.infer.mcmc._collect_and_postprocess[0m
[1m[31mE               [0m
[1m[31mE               Traced<ShapedArray(float32[2])>with<DynamicJaxprTrace>[0m
[1m[31mE               The error occurred while tracing the function get_samples at 616/codebase/test/infer/test_mcmc.py:634 for jit. This concrete value was not available in Python because it depends on the values of the arguments rng_key, data, step_size, trajectory_length, and target_accept_prob.[0m
[1m[31mE               <DynamicJaxprTracer 134801598110832> is referred to by <HMCState 134801596725856>[9][0m
[1m[31mE               <HMCState 134801596725856> is referred to by <MCMC 134801598963040>._last_state[0m
[1m[31mE               <MCMC 134801598963040> is referred to by <function 134801596725696> (_postprocess_fn) closed-over variable self[0m
[1m[31mE               <function 134801596725696> is referred to by <partial 134801597102368>[0m
[1m[31mE               <partial 134801597102368> is referred to by <function 134801582775712> (collect_and_postprocess) closed-over variable postprocess_fn[0m
[1m[31mE               <function 134801582775712> is referred to by <OrderedDict 134801598261568>[(functools.partial(<function MCMC._get_cached_fns.<locals>._postprocess_fn at 0x7a99f149b9c0>, args=(Traced<ShapedArray(int32[2000])>with<DynamicJaxprTrace>,), kwargs={}), ('z', 'diverging'), (), 'collect_and_postprocess')][0m
[1m[31mE               <OrderedDict 134801598261568> is referred to by <function 134803784915584>._cache[0m
[1m[31mE               <function 134803784915584> is referred to by numpyro.infer.mcmc._collect_and_postprocess[0m
[1m[31mE               [0m
[1m[31mE               Traced<ShapedArray(float32[2])>with<DynamicJaxprTrace>[0m
[1m[31mE               The error occurred while tracing the function get_samples at 616/codebase/test/infer/test_mcmc.py:634 for jit. This concrete value was not available in Python because it depends on the values of the arguments rng_key, data, step_size, trajectory_length, and target_accept_prob.[0m
[1m[31mE               <DynamicJaxprTracer 134801598119872> is referred to by <HMCState 134801596725856>[8][0m
[1m[31mE               <HMCState 134801596725856> is referred to by <MCMC 134801598963040>._last_state[0m
[1m[31mE               <MCMC 134801598963040> is referred to by <function 134801596725696> (_postprocess_fn) closed-over variable self[0m
[1m[31mE               <function 134801596725696> is referred to by <partial 134801597102368>[0m
[1m[31mE               <partial 134801597102368> is referred to by <function 134801582775712> (collect_and_postprocess) closed-over variable postprocess_fn[0m
[1m[31mE               <function 134801582775712> is referred to by <OrderedDict 134801598261568>[(functools.partial(<function MCMC._get_cached_fns.<locals>._postprocess_fn at 0x7a99f149b9c0>, args=(Traced<ShapedArray(int32[2000])>with<DynamicJaxprTrace>,), kwargs={}), ('z', 'diverging'), (), 'collect_and_postprocess')][0m
[1m[31mE               <OrderedDict 134801598261568> is referred to by <function 134803784915584>._cache[0m
[1m[31mE               <function 134803784915584> is referred to by numpyro.infer.mcmc._collect_and_postprocess[0m
[1m[31mE               [0m
[1m[31mE               Traced<ShapedArray(int32[2])>with<DynamicJaxprTrace>[0m
[1m[31mE               The error occurred while tracing the function get_samples at 616/codebase/test/infer/test_mcmc.py:634 for jit. This concrete value was not available in Python because it depends on the values of the arguments rng_key, data, step_size, trajectory_length, and target_accept_prob.[0m
[1m[31mE               <DynamicJaxprTracer 134801598109712> is referred to by <HMCState 134801596725856>[7][0m
[1m[31mE               <HMCState 134801596725856> is referred to by <MCMC 134801598963040>._last_state[0m
[1m[31mE               <MCMC 134801598963040> is referred to by <function 134801596725696> (_postprocess_fn) closed-over variable self[0m
[1m[31mE               <function 134801596725696> is referred to by <partial 134801597102368>[0m
[1m[31mE               <partial 134801597102368> is referred to by <function 134801582775712> (collect_and_postprocess) closed-over variable postprocess_fn[0m
[1m[31mE               <function 134801582775712> is referred to by <OrderedDict 134801598261568>[(functools.partial(<function MCMC._get_cached_fns.<locals>._postprocess_fn at 0x7a99f149b9c0>, args=(Traced<ShapedArray(int32[2000])>with<DynamicJaxprTrace>,), kwargs={}), ('z', 'diverging'), (), 'collect_and_postprocess')][0m
[1m[31mE               <OrderedDict 134801598261568> is referred to by <function 134803784915584>._cache[0m
[1m[31mE               <function 134803784915584> is referred to by numpyro.infer.mcmc._collect_and_postprocess[0m
[1m[31mE               [0m
[1m[31mE               Traced<ShapedArray(float32[2])>with<DynamicJaxprTrace>[0m
[1m[31mE               The error occurred while tracing the function get_samples at 616/codebase/test/infer/test_mcmc.py:634 for jit. This concrete value was not available in Python because it depends on the values of the arguments rng_key, data, step_size, trajectory_length, and target_accept_prob.[0m
[1m[31mE               <DynamicJaxprTracer 134801598108512> is referred to by <HMCState 134801596725856>[6][0m
[1m[31mE               <HMCState 134801596725856> is referred to by <MCMC 134801598963040>._last_state[0m
[1m[31mE               <MCMC 134801598963040> is referred to by <function 134801596725696> (_postprocess_fn) closed-over variable self[0m
[1m[31mE               <function 134801596725696> is referred to by <partial 134801597102368>[0m
[1m[31mE               <partial 134801597102368> is referred to by <function 134801582775712> (collect_and_postprocess) closed-over variable postprocess_fn[0m
[1m[31mE               <function 134801582775712> is referred to by <OrderedDict 134801598261568>[(functools.partial(<function MCMC._get_cached_fns.<locals>._postprocess_fn at 0x7a99f149b9c0>, args=(Traced<ShapedArray(int32[2000])>with<DynamicJaxprTrace>,), kwargs={}), ('z', 'diverging'), (), 'collect_and_postprocess')][0m
[1m[31mE               <OrderedDict 134801598261568> is referred to by <function 134803784915584>._cache[0m
[1m[31mE               <function 134803784915584> is referred to by numpyro.infer.mcmc._collect_and_postprocess[0m
[1m[31mE               [0m
[1m[31mE               Traced<ShapedArray(float32[2])>with<DynamicJaxprTrace>[0m
[1m[31mE               The error occurred while tracing the function get_samples at 616/codebase/test/infer/test_mcmc.py:634 for jit. This concrete value was not available in Python because it depends on the values of the arguments rng_key, data, step_size, trajectory_length, and target_accept_prob.[0m
[1m[31mE               <DynamicJaxprTracer 134801598104512> is referred to by <HMCState 134801596725856>[4][0m
[1m[31mE               <HMCState 134801596725856> is referred to by <MCMC 134801598963040>._last_state[0m
[1m[31mE               <MCMC 134801598963040> is referred to by <function 134801596725696> (_postprocess_fn) closed-over variable self[0m
[1m[31mE               <function 134801596725696> is referred to by <partial 134801597102368>[0m
[1m[31mE               <partial 134801597102368> is referred to by <function 134801582775712> (collect_and_postprocess) closed-over variable postprocess_fn[0m
[1m[31mE               <function 134801582775712> is referred to by <OrderedDict 134801598261568>[(functools.partial(<function MCMC._get_cached_fns.<locals>._postprocess_fn at 0x7a99f149b9c0>, args=(Traced<ShapedArray(int32[2000])>with<DynamicJaxprTrace>,), kwargs={}), ('z', 'diverging'), (), 'collect_and_postprocess')][0m
[1m[31mE               <OrderedDict 134801598261568> is referred to by <function 134803784915584>._cache[0m
[1m[31mE               <function 134803784915584> is referred to by numpyro.infer.mcmc._collect_and_postprocess[0m
[1m[31mE               [0m
[1m[31mE               Traced<ShapedArray(float32[2])>with<DynamicJaxprTrace>[0m
[1m[31mE               The error occurred while tracing the function get_samples at 616/codebase/test/infer/test_mcmc.py:634 for jit. This concrete value was not available in Python because it depends on the values of the arguments rng_key, data, step_size, trajectory_length, and target_accept_prob.[0m
[1m[31mE               <DynamicJaxprTracer 134801598107632> is referred to by <HMCState 134801596725856>[3][0m
[1m[31mE               <HMCState 134801596725856> is referred to by <MCMC 134801598963040>._last_state[0m
[1m[31mE               <MCMC 134801598963040> is referred to by <function 134801596725696> (_postprocess_fn) closed-over variable self[0m
[1m[31mE               <function 134801596725696> is referred to by <partial 134801597102368>[0m
[1m[31mE               <partial 134801597102368> is referred to by <function 134801582775712> (collect_and_postprocess) closed-over variable postprocess_fn[0m
[1m[31mE               <function 134801582775712> is referred to by <OrderedDict 134801598261568>[(functools.partial(<function MCMC._get_cached_fns.<locals>._postprocess_fn at 0x7a99f149b9c0>, args=(Traced<ShapedArray(int32[2000])>with<DynamicJaxprTrace>,), kwargs={}), ('z', 'diverging'), (), 'collect_and_postprocess')][0m
[1m[31mE               <OrderedDict 134801598261568> is referred to by <function 134803784915584>._cache[0m
[1m[31mE               <function 134803784915584> is referred to by numpyro.infer.mcmc._collect_and_postprocess[0m
[1m[31mE               [0m
[1m[31mE               Traced<ShapedArray(int32[2])>with<DynamicJaxprTrace>[0m
[1m[31mE               The error occurred while tracing the function get_samples at 616/codebase/test/infer/test_mcmc.py:634 for jit. This concrete value was not available in Python because it depends on the values of the arguments rng_key, data, step_size, trajectory_length, and target_accept_prob.[0m
[1m[31mE               <DynamicJaxprTracer 134801598115872> is referred to by <HMCState 134801596725856>[0][0m
[1m[31mE               <HMCState 134801596725856> is referred to by <MCMC 134801598963040>._last_state[0m
[1m[31mE               <MCMC 134801598963040> is referred to by <function 134801596725696> (_postprocess_fn) closed-over variable self[0m
[1m[31mE               <function 134801596725696> is referred to by <partial 134801597102368>[0m
[1m[31mE               <partial 134801597102368> is referred to by <function 134801582775712> (collect_and_postprocess) closed-over variable postprocess_fn[0m
[1m[31mE               <function 134801582775712> is referred to by <OrderedDict 134801598261568>[(functools.partial(<function MCMC._get_cached_fns.<locals>._postprocess_fn at 0x7a99f149b9c0>, args=(Traced<ShapedArray(int32[2000])>with<DynamicJaxprTrace>,), kwargs={}), ('z', 'diverging'), (), 'collect_and_postprocess')][0m
[1m[31mE               <OrderedDict 134801598261568> is referred to by <function 134803784915584>._cache[0m
[1m[31mE               <function 134803784915584> is referred to by numpyro.infer.mcmc._collect_and_postprocess[0m
[1m[31mE               [0m
[1m[31mE               Traced<ShapedArray(float32[2,2000,3])>with<DynamicJaxprTrace>[0m
[1m[31mE               The error occurred while tracing the function get_samples at 616/codebase/test/infer/test_mcmc.py:634 for jit. This concrete value was not available in Python because it depends on the values of the arguments rng_key, data, step_size, trajectory_length, and target_accept_prob.[0m
[1m[31mE               <DynamicJaxprTracer 134801598107792> is referred to by <dict 134801583378432>['p_latent'][0m
[1m[31mE               <dict 134801583378432> is referred to by <dict 134801583299136>['z'][0m
[1m[31mE               <dict 134801583299136> is referred to by <MCMC 134801598963040>._states[0m
[1m[31mE               <MCMC 134801598963040> is referred to by <function 134801596725696> (_postprocess_fn) closed-over variable self[0m
[1m[31mE               <function 134801596725696> is referred to by <partial 134801597102368>[0m
[1m[31mE               <partial 134801597102368> is referred to by <function 134801582775712> (collect_and_postprocess) closed-over variable postprocess_fn[0m
[1m[31mE               <function 134801582775712> is referred to by <OrderedDict 134801598261568>[(functools.partial(<function MCMC._get_cached_fns.<locals>._postprocess_fn at 0x7a99f149b9c0>, args=(Traced<ShapedArray(int32[2000])>with<DynamicJaxprTrace>,), kwargs={}), ('z', 'diverging'), (), 'collect_and_postprocess')][0m
[1m[31mE               <OrderedDict 134801598261568> is referred to by <function 134803784915584>._cache[0m
[1m[31mE               <function 134803784915584> is referred to by numpyro.infer.mcmc._collect_and_postprocess[0m
[1m[31mE               [0m
[1m[31mE               Traced<ShapedArray(float32[4000,3])>with<DynamicJaxprTrace>[0m
[1m[31mE               The error occurred while tracing the function get_samples at 616/codebase/test/infer/test_mcmc.py:634 for jit. This concrete value was not available in Python because it depends on the values of the arguments rng_key, data, step_size, trajectory_length, and target_accept_prob.[0m
[1m[31mE               <DynamicJaxprTracer 134801582551872> is referred to by <dict 134801593479936>['p_latent'][0m
[1m[31mE               <dict 134801593479936> is referred to by <dict 134801593530112>['z'][0m
[1m[31mE               <dict 134801593530112> is referred to by <MCMC 134801598963040>._states_flat[0m
[1m[31mE               <MCMC 134801598963040> is referred to by <function 134801596725696> (_postprocess_fn) closed-over variable self[0m
[1m[31mE               <function 134801596725696> is referred to by <partial 134801597102368>[0m
[1m[31mE               <partial 134801597102368> is referred to by <function 134801582775712> (collect_and_postprocess) closed-over variable postprocess_fn[0m
[1m[31mE               <function 134801582775712> is referred to by <OrderedDict 134801598261568>[(functools.partial(<function MCMC._get_cached_fns.<locals>._postprocess_fn at 0x7a99f149b9c0>, args=(Traced<ShapedArray(int32[2000])>with<DynamicJaxprTrace>,), kwargs={}), ('z', 'diverging'), (), 'collect_and_postprocess')][0m
[1m[31mE               <OrderedDict 134801598261568> is referred to by <function 134803784915584>._cache[0m
[1m[31mE               <function 134803784915584> is referred to by numpyro.infer.mcmc._collect_and_postprocess[0m
[1m[31mE               [0m
[1m[31mE               Traced<ShapedArray(uint32[2,2])>with<DynamicJaxprTrace>[0m
[1m[31mE               The error occurred while tracing the function get_samples at 616/codebase/test/infer/test_mcmc.py:634 for jit. This concrete value was not available in Python because it depends on the values of the arguments rng_key, data, step_size, trajectory_length, and target_accept_prob.[0m
[1m[31mE               <DynamicJaxprTracer 134801582552272> is referred to by <HMCAdaptState 134801596775024>[7][0m
[1m[31mE               <HMCAdaptState 134801596775024> is referred to by <HMCState 134801596725856>[11][0m
[1m[31mE               <HMCState 134801596725856> is referred to by <MCMC 134801598963040>._last_state[0m
[1m[31mE               <MCMC 134801598963040> is referred to by <function 134801596725696> (_postprocess_fn) closed-over variable self[0m
[1m[31mE               <function 134801596725696> is referred to by <partial 134801597102368>[0m
[1m[31mE               <partial 134801597102368> is referred to by <function 134801582775712> (collect_and_postprocess) closed-over variable postprocess_fn[0m
[1m[31mE               <function 134801582775712> is referred to by <OrderedDict 134801598261568>[(functools.partial(<function MCMC._get_cached_fns.<locals>._postprocess_fn at 0x7a99f149b9c0>, args=(Traced<ShapedArray(int32[2000])>with<DynamicJaxprTrace>,), kwargs={}), ('z', 'diverging'), (), 'collect_and_postprocess')][0m
[1m[31mE               <OrderedDict 134801598261568> is referred to by <function 134803784915584>._cache[0m
[1m[31mE               <function 134803784915584> is referred to by numpyro.infer.mcmc._collect_and_postprocess[0m
[1m[31mE               [0m
[1m[31mE               Traced<ShapedArray(int32[2])>with<DynamicJaxprTrace>[0m
[1m[31mE               The error occurred while tracing the function get_samples at 616/codebase/test/infer/test_mcmc.py:634 for jit. This concrete value was not available in Python because it depends on the values of the arguments rng_key, data, step_size, trajectory_length, and target_accept_prob.[0m
[1m[31mE               <DynamicJaxprTracer 134801582542192> is referred to by <HMCAdaptState 134801596775024>[6][0m
[1m[31mE               <HMCAdaptState 134801596775024> is referred to by <HMCState 134801596725856>[11][0m
[1m[31mE               <HMCState 134801596725856> is referred to by <MCMC 134801598963040>._last_state[0m
[1m[31mE               <MCMC 134801598963040> is referred to by <function 134801596725696> (_postprocess_fn) closed-over variable self[0m
[1m[31mE               <function 134801596725696> is referred to by <partial 134801597102368>[0m
[1m[31mE               <partial 134801597102368> is referred to by <function 134801582775712> (collect_and_postprocess) closed-over variable postprocess_fn[0m
[1m[31mE               <function 134801582775712> is referred to by <OrderedDict 134801598261568>[(functools.partial(<function MCMC._get_cached_fns.<locals>._postprocess_fn at 0x7a99f149b9c0>, args=(Traced<ShapedArray(int32[2000])>with<DynamicJaxprTrace>,), kwargs={}), ('z', 'diverging'), (), 'collect_and_postprocess')][0m
[1m[31mE               <OrderedDict 134801598261568> is referred to by <function 134803784915584>._cache[0m
[1m[31mE               <function 134803784915584> is referred to by numpyro.infer.mcmc._collect_and_postprocess[0m
[1m[31mE               [0m
[1m[31mE               Traced<ShapedArray(float32[2])>with<DynamicJaxprTrace>[0m
[1m[31mE               The error occurred while tracing the function get_samples at 616/codebase/test/infer/test_mcmc.py:634 for jit. This concrete value was not available in Python because it depends on the values of the arguments rng_key, data, step_size, trajectory_length, and target_accept_prob.[0m
[1m[31mE               <DynamicJaxprTracer 134801598117472> is referred to by <HMCAdaptState 134801596775024>[0][0m
[1m[31mE               <HMCAdaptState 134801596775024> is referred to by <HMCState 134801596725856>[11][0m
[1m[31mE               <HMCState 134801596725856> is referred to by <MCMC 134801598963040>._last_state[0m
[1m[31mE               <MCMC 134801598963040> is referred to by <function 134801596725696> (_postprocess_fn) closed-over variable self[0m
[1m[31mE               <function 134801596725696> is referred to by <partial 134801597102368>[0m
[1m[31mE               <partial 134801597102368> is referred to by <function 134801582775712> (collect_and_postprocess) closed-over variable postprocess_fn[0m
[1m[31mE               <function 134801582775712> is referred to by <OrderedDict 134801598261568>[(functools.partial(<function MCMC._get_cached_fns.<locals>._postprocess_fn at 0x7a99f149b9c0>, args=(Traced<ShapedArray(int32[2000])>with<DynamicJaxprTrace>,), kwargs={}), ('z', 'diverging'), (), 'collect_and_postprocess')][0m
[1m[31mE               <OrderedDict 134801598261568> is referred to by <function 134803784915584>._cache[0m
[1m[31mE               <function 134803784915584> is referred to by numpyro.infer.mcmc._collect_and_postprocess[0m
[1m[31mE               [0m
[1m[31mE               Traced<ShapedArray(float32[2,2])>with<DynamicJaxprTrace>[0m
[1m[31mE               The error occurred while tracing the function get_samples at 616/codebase/test/infer/test_mcmc.py:634 for jit. This concrete value was not available in Python because it depends on the values of the arguments rng_key, data, step_size, trajectory_length, and target_accept_prob.[0m
[1m[31mE               <DynamicJaxprTracer 134801598104752> is referred to by <dict 134801583319616>['p_latent'][0m
[1m[31mE               <dict 134801583319616> is referred to by <HMCState 134801596725856>[2][0m
[1m[31mE               <HMCState 134801596725856> is referred to by <MCMC 134801598963040>._last_state[0m
[1m[31mE               <MCMC 134801598963040> is referred to by <function 134801596725696> (_postprocess_fn) closed-over variable self[0m
[1m[31mE               <function 134801596725696> is referred to by <partial 134801597102368>[0m
[1m[31mE               <partial 134801597102368> is referred to by <function 134801582775712> (collect_and_postprocess) closed-over variable postprocess_fn[0m
[1m[31mE               <function 134801582775712> is referred to by <OrderedDict 134801598261568>[(functools.partial(<function MCMC._get_cached_fns.<locals>._postprocess_fn at 0x7a99f149b9c0>, args=(Traced<ShapedArray(int32[2000])>with<DynamicJaxprTrace>,), kwargs={}), ('z', 'diverging'), (), 'collect_and_postprocess')][0m
[1m[31mE               <OrderedDict 134801598261568> is referred to by <function 134803784915584>._cache[0m
[1m[31mE               <function 134803784915584> is referred to by numpyro.infer.mcmc._collect_and_postprocess[0m
[1m[31mE               [0m
[1m[31mE               Traced<ShapedArray(float32[2,2])>with<DynamicJaxprTrace>[0m
[1m[31mE               The error occurred while tracing the function get_samples at 616/codebase/test/infer/test_mcmc.py:634 for jit. This concrete value was not available in Python because it depends on the values of the arguments rng_key, data, step_size, trajectory_length, and target_accept_prob.[0m
[1m[31mE               <DynamicJaxprTracer 134801598112752> is referred to by <dict 134801583385344>['p_latent'][0m
[1m[31mE               <dict 134801583385344> is referred to by <HMCState 134801596725856>[1][0m
[1m[31mE               <HMCState 134801596725856> is referred to by <MCMC 134801598963040>._last_state[0m
[1m[31mE               <MCMC 134801598963040> is referred to by <function 134801596725696> (_postprocess_fn) closed-over variable self[0m
[1m[31mE               <function 134801596725696> is referred to by <partial 134801597102368>[0m
[1m[31mE               <partial 134801597102368> is referred to by <function 134801582775712> (collect_and_postprocess) closed-over variable postprocess_fn[0m
[1m[31mE               <function 134801582775712> is referred to by <OrderedDict 134801598261568>[(functools.partial(<function MCMC._get_cached_fns.<locals>._postprocess_fn at 0x7a99f149b9c0>, args=(Traced<ShapedArray(int32[2000])>with<DynamicJaxprTrace>,), kwargs={}), ('z', 'diverging'), (), 'collect_and_postprocess')][0m
[1m[31mE               <OrderedDict 134801598261568> is referred to by <function 134803784915584>._cache[0m
[1m[31mE               <function 134803784915584> is referred to by numpyro.infer.mcmc._collect_and_postprocess[0m
[1m[31mE               [0m
[1m[31mE               Traced<ShapedArray(float32[2])>with<DynamicJaxprTrace>[0m
[1m[31mE               The error occurred while tracing the function get_samples at 616/codebase/test/infer/test_mcmc.py:634 for jit. This concrete value was not available in Python because it depends on the values of the arguments rng_key, data, step_size, trajectory_length, and target_accept_prob.[0m
[1m[31mE               <DynamicJaxprTracer 134801598119472> is referred to by <tuple 134801598104816>[4][0m
[1m[31mE               <tuple 134801598104816> is referred to by <HMCAdaptState 134801596775024>[4][0m
[1m[31mE               <HMCAdaptState 134801596775024> is referred to by <HMCState 134801596725856>[11][0m
[1m[31mE               <HMCState 134801596725856> is referred to by <MCMC 134801598963040>._last_state[0m
[1m[31mE               <MCMC 134801598963040> is referred to by <function 134801596725696> (_postprocess_fn) closed-over variable self[0m
[1m[31mE               <function 134801596725696> is referred to by <partial 134801597102368>[0m
[1m[31mE               <partial 134801597102368> is referred to by <function 134801582775712> (collect_and_postprocess) closed-over variable postprocess_fn[0m
[1m[31mE               <function 134801582775712> is referred to by <OrderedDict 134801598261568>[(functools.partial(<function MCMC._get_cached_fns.<locals>._postprocess_fn at 0x7a99f149b9c0>, args=(Traced<ShapedArray(int32[2000])>with<DynamicJaxprTrace>,), kwargs={}), ('z', 'diverging'), (), 'collect_and_postprocess')][0m
[1m[31mE               <OrderedDict 134801598261568> is referred to by <function 134803784915584>._cache[0m
[1m[31mE               <function 134803784915584> is referred to by numpyro.infer.mcmc._collect_and_postprocess[0m
[1m[31mE               [0m
[1m[31mE               Traced<ShapedArray(int32[2])>with<DynamicJaxprTrace>[0m
[1m[31mE               The error occurred while tracing the function get_samples at 616/codebase/test/infer/test_mcmc.py:634 for jit. This concrete value was not available in Python because it depends on the values of the arguments rng_key, data, step_size, trajectory_length, and target_accept_prob.[0m
[1m[31mE               <DynamicJaxprTracer 134801598110992> is referred to by <tuple 134801598104816>[3][0m
[1m[31mE               <tuple 134801598104816> is referred to by <HMCAdaptState 134801596775024>[4][0m
[1m[31mE               <HMCAdaptState 134801596775024> is referred to by <HMCState 134801596725856>[11][0m
[1m[31mE               <HMCState 134801596725856> is referred to by <MCMC 134801598963040>._last_state[0m
[1m[31mE               <MCMC 134801598963040> is referred to by <function 134801596725696> (_postprocess_fn) closed-over variable self[0m
[1m[31mE               <function 134801596725696> is referred to by <partial 134801597102368>[0m
[1m[31mE               <partial 134801597102368> is referred to by <function 134801582775712> (collect_and_postprocess) closed-over variable postprocess_fn[0m
[1m[31mE               <function 134801582775712> is referred to by <OrderedDict 134801598261568>[(functools.partial(<function MCMC._get_cached_fns.<locals>._postprocess_fn at 0x7a99f149b9c0>, args=(Traced<ShapedArray(int32[2000])>with<DynamicJaxprTrace>,), kwargs={}), ('z', 'diverging'), (), 'collect_and_postprocess')][0m
[1m[31mE               <OrderedDict 134801598261568> is referred to by <function 134803784915584>._cache[0m
[1m[31mE               <function 134803784915584> is referred to by numpyro.infer.mcmc._collect_and_postprocess[0m
[1m[31mE               [0m
[1m[31mE               Traced<ShapedArray(float32[2])>with<DynamicJaxprTrace>[0m
[1m[31mE               The error occurred while tracing the function get_samples at 616/codebase/test/infer/test_mcmc.py:634 for jit. This concrete value was not available in Python because it depends on the values of the arguments rng_key, data, step_size, trajectory_length, and target_accept_prob.[0m
[1m[31mE               <DynamicJaxprTracer 134801598109552> is referred to by <tuple 134801598104816>[2][0m
[1m[31mE               <tuple 134801598104816> is referred to by <HMCAdaptState 134801596775024>[4][0m
[1m[31mE               <HMCAdaptState 134801596775024> is referred to by <HMCState 134801596725856>[11][0m
[1m[31mE               <HMCState 134801596725856> is referred to by <MCMC 134801598963040>._last_state[0m
[1m[31mE               <MCMC 134801598963040> is referred to by <function 134801596725696> (_postprocess_fn) closed-over variable self[0m
[1m[31mE               <function 134801596725696> is referred to by <partial 134801597102368>[0m
[1m[31mE               <partial 134801597102368> is referred to by <function 134801582775712> (collect_and_postprocess) closed-over variable postprocess_fn[0m
[1m[31mE               <function 134801582775712> is referred to by <OrderedDict 134801598261568>[(functools.partial(<function MCMC._get_cached_fns.<locals>._postprocess_fn at 0x7a99f149b9c0>, args=(Traced<ShapedArray(int32[2000])>with<DynamicJaxprTrace>,), kwargs={}), ('z', 'diverging'), (), 'collect_and_postprocess')][0m
[1m[31mE               <OrderedDict 134801598261568> is referred to by <function 134803784915584>._cache[0m
[1m[31mE               <function 134803784915584> is referred to by numpyro.infer.mcmc._collect_and_postprocess[0m
[1m[31mE               [0m
[1m[31mE               Traced<ShapedArray(float32[2])>with<DynamicJaxprTrace>[0m
[1m[31mE               The error occurred while tracing the function get_samples at 616/codebase/test/infer/test_mcmc.py:634 for jit. This concrete value was not available in Python because it depends on the values of the arguments rng_key, data, step_size, trajectory_length, and target_accept_prob.[0m
[1m[31mE               <DynamicJaxprTracer 134801598117392> is referred to by <tuple 134801598104816>[1][0m
[1m[31mE               <tuple 134801598104816> is referred to by <HMCAdaptState 134801596775024>[4][0m
[1m[31mE               <HMCAdaptState 134801596775024> is referred to by <HMCState 134801596725856>[11][0m
[1m[31mE               <HMCState 134801596725856> is referred to by <MCMC 134801598963040>._last_state[0m
[1m[31mE               <MCMC 134801598963040> is referred to by <function 134801596725696> (_postprocess_fn) closed-over variable self[0m
[1m[31mE               <function 134801596725696> is referred to by <partial 134801597102368>[0m
[1m[31mE               <partial 134801597102368> is referred to by <function 134801582775712> (collect_and_postprocess) closed-over variable postprocess_fn[0m
[1m[31mE               <function 134801582775712> is referred to by <OrderedDict 134801598261568>[(functools.partial(<function MCMC._get_cached_fns.<locals>._postprocess_fn at 0x7a99f149b9c0>, args=(Traced<ShapedArray(int32[2000])>with<DynamicJaxprTrace>,), kwargs={}), ('z', 'diverging'), (), 'collect_and_postprocess')][0m
[1m[31mE               <OrderedDict 134801598261568> is referred to by <function 134803784915584>._cache[0m
[1m[31mE               <function 134803784915584> is referred to by numpyro.infer.mcmc._collect_and_postprocess[0m
[1m[31mE               [0m
[1m[31mE               Traced<ShapedArray(float32[2])>with<DynamicJaxprTrace>[0m
[1m[31mE               The error occurred while tracing the function get_samples at 616/codebase/test/infer/test_mcmc.py:634 for jit. This concrete value was not available in Python because it depends on the values of the arguments rng_key, data, step_size, trajectory_length, and target_accept_prob.[0m
[1m[31mE               <DynamicJaxprTracer 134801598118512> is referred to by <tuple 134801598104816>[0][0m
[1m[31mE               <tuple 134801598104816> is referred to by <HMCAdaptState 134801596775024>[4][0m
[1m[31mE               <HMCAdaptState 134801596775024> is referred to by <HMCState 134801596725856>[11][0m
[1m[31mE               <HMCState 134801596725856> is referred to by <MCMC 134801598963040>._last_state[0m
[1m[31mE               <MCMC 134801598963040> is referred to by <function 134801596725696> (_postprocess_fn) closed-over variable self[0m
[1m[31mE               <function 134801596725696> is referred to by <partial 134801597102368>[0m
[1m[31mE               <partial 134801597102368> is referred to by <function 134801582775712> (collect_and_postprocess) closed-over variable postprocess_fn[0m
[1m[31mE               <function 134801582775712> is referred to by <OrderedDict 134801598261568>[(functools.partial(<function MCMC._get_cached_fns.<locals>._postprocess_fn at 0x7a99f149b9c0>, args=(Traced<ShapedArray(int32[2000])>with<DynamicJaxprTrace>,), kwargs={}), ('z', 'diverging'), (), 'collect_and_postprocess')][0m
[1m[31mE               <OrderedDict 134801598261568> is referred to by <function 134803784915584>._cache[0m
[1m[31mE               <function 134803784915584> is referred to by numpyro.infer.mcmc._collect_and_postprocess[0m
[1m[31mE               [0m
[1m[31mE               Traced<ShapedArray(float32[2,2])>with<DynamicJaxprTrace>[0m
[1m[31mE               The error occurred while tracing the function get_samples at 616/codebase/test/infer/test_mcmc.py:634 for jit. This concrete value was not available in Python because it depends on the values of the arguments rng_key, data, step_size, trajectory_length, and target_accept_prob.[0m
[1m[31mE               <DynamicJaxprTracer 134801598114272> is referred to by <dict 134801593562240>[('p_latent',)][0m
[1m[31mE               <dict 134801593562240> is referred to by <HMCAdaptState 134801596775024>[3][0m
[1m[31mE               <HMCAdaptState 134801596775024> is referred to by <HMCState 134801596725856>[11][0m
[1m[31mE               <HMCState 134801596725856> is referred to by <MCMC 134801598963040>._last_state[0m
[1m[31mE               <MCMC 134801598963040> is referred to by <function 134801596725696> (_postprocess_fn) closed-over variable self[0m
[1m[31mE               <function 134801596725696> is referred to by <partial 134801597102368>[0m
[1m[31mE               <partial 134801597102368> is referred to by <function 134801582775712> (collect_and_postprocess) closed-over variable postprocess_fn[0m
[1m[31mE               <function 134801582775712> is referred to by <OrderedDict 134801598261568>[(functools.partial(<function MCMC._get_cached_fns.<locals>._postprocess_fn at 0x7a99f149b9c0>, args=(Traced<ShapedArray(int32[2000])>with<DynamicJaxprTrace>,), kwargs={}), ('z', 'diverging'), (), 'collect_and_postprocess')][0m
[1m[31mE               <OrderedDict 134801598261568> is referred to by <function 134803784915584>._cache[0m
[1m[31mE               <function 134803784915584> is referred to by numpyro.infer.mcmc._collect_and_postprocess[0m
[1m[31mE               [0m
[1m[31mE               Traced<ShapedArray(float32[2,2])>with<DynamicJaxprTrace>[0m
[1m[31mE               The error occurred while tracing the function get_samples at 616/codebase/test/infer/test_mcmc.py:634 for jit. This concrete value was not available in Python because it depends on the values of the arguments rng_key, data, step_size, trajectory_length, and target_accept_prob.[0m
[1m[31mE               <DynamicJaxprTracer 134801598116032> is referred to by <dict 134801593562176>[('p_latent',)][0m
[1m[31mE               <dict 134801593562176> is referred to by <HMCAdaptState 134801596775024>[2][0m
[1m[31mE               <HMCAdaptState 134801596775024> is referred to by <HMCState 134801596725856>[11][0m
[1m[31mE               <HMCState 134801596725856> is referred to by <MCMC 134801598963040>._last_state[0m
[1m[31mE               <MCMC 134801598963040> is referred to by <function 134801596725696> (_postprocess_fn) closed-over variable self[0m
[1m[31mE               <function 134801596725696> is referred to by <partial 134801597102368>[0m
[1m[31mE               <partial 134801597102368> is referred to by <function 134801582775712> (collect_and_postprocess) closed-over variable postprocess_fn[0m
[1m[31mE               <function 134801582775712> is referred to by <OrderedDict 134801598261568>[(functools.partial(<function MCMC._get_cached_fns.<locals>._postprocess_fn at 0x7a99f149b9c0>, args=(Traced<ShapedArray(int32[2000])>with<DynamicJaxprTrace>,), kwargs={}), ('z', 'diverging'), (), 'collect_and_postprocess')][0m
[1m[31mE               <OrderedDict 134801598261568> is referred to by <function 134803784915584>._cache[0m
[1m[31mE               <function 134803784915584> is referred to by numpyro.infer.mcmc._collect_and_postprocess[0m
[1m[31mE               [0m
[1m[31mE               Traced<ShapedArray(float32[2,2])>with<DynamicJaxprTrace>[0m
[1m[31mE               The error occurred while tracing the function get_samples at 616/codebase/test/infer/test_mcmc.py:634 for jit. This concrete value was not available in Python because it depends on the values of the arguments rng_key, data, step_size, trajectory_length, and target_accept_prob.[0m
[1m[31mE               <DynamicJaxprTracer 134801598112192> is referred to by <dict 134801593563072>[('p_latent',)][0m
[1m[31mE               <dict 134801593563072> is referred to by <HMCAdaptState 134801596775024>[1][0m
[1m[31mE               <HMCAdaptState 134801596775024> is referred to by <HMCState 134801596725856>[11][0m
[1m[31mE               <HMCState 134801596725856> is referred to by <MCMC 134801598963040>._last_state[0m
[1m[31mE               <MCMC 134801598963040> is referred to by <function 134801596725696> (_postprocess_fn) closed-over variable self[0m
[1m[31mE               <function 134801596725696> is referred to by <partial 134801597102368>[0m
[1m[31mE               <partial 134801597102368> is referred to by <function 134801582775712> (collect_and_postprocess) closed-over variable postprocess_fn[0m
[1m[31mE               <function 134801582775712> is referred to by <OrderedDict 134801598261568>[(functools.partial(<function MCMC._get_cached_fns.<locals>._postprocess_fn at 0x7a99f149b9c0>, args=(Traced<ShapedArray(int32[2000])>with<DynamicJaxprTrace>,), kwargs={}), ('z', 'diverging'), (), 'collect_and_postprocess')][0m
[1m[31mE               <OrderedDict 134801598261568> is referred to by <function 134803784915584>._cache[0m
[1m[31mE               <function 134803784915584> is referred to by numpyro.infer.mcmc._collect_and_postprocess[0m
[1m[31mE               [0m
[1m[31mE               Traced<ShapedArray(int32[2])>with<DynamicJaxprTrace>[0m
[1m[31mE               The error occurred while tracing the function get_samples at 616/codebase/test/infer/test_mcmc.py:634 for jit. This concrete value was not available in Python because it depends on the values of the arguments rng_key, data, step_size, trajectory_length, and target_accept_prob.[0m
[1m[31mE               <DynamicJaxprTracer 134801582548272> is referred to by <tuple 134801583383360>[2][0m
[1m[31mE               <tuple 134801583383360> is referred to by <dict 134801593562048>[('p_latent',)][0m
[1m[31mE               <dict 134801593562048> is referred to by <HMCAdaptState 134801596775024>[5][0m
[1m[31mE               <HMCAdaptState 134801596775024> is referred to by <HMCState 134801596725856>[11][0m
[1m[31mE               <HMCState 134801596725856> is referred to by <MCMC 134801598963040>._last_state[0m
[1m[31mE               <MCMC 134801598963040> is referred to by <function 134801596725696> (_postprocess_fn) closed-over variable self[0m
[1m[31mE               <function 134801596725696> is referred to by <partial 134801597102368>[0m
[1m[31mE               <partial 134801597102368> is referred to by <function 134801582775712> (collect_and_postprocess) closed-over variable postprocess_fn[0m
[1m[31mE               <function 134801582775712> is referred to by <OrderedDict 134801598261568>[(functools.partial(<function MCMC._get_cached_fns.<locals>._postprocess_fn at 0x7a99f149b9c0>, args=(Traced<ShapedArray(int32[2000])>with<DynamicJaxprTrace>,), kwargs={}), ('z', 'diverging'), (), 'collect_and_postprocess')][0m
[1m[31mE               <OrderedDict 134801598261568> is referred to by <function 134803784915584>._cache[0m
[1m[31mE               <function 134803784915584> is referred to by numpyro.infer.mcmc._collect_and_postprocess[0m
[1m[31mE               [0m
[1m[31mE               Traced<ShapedArray(float32[2,2])>with<DynamicJaxprTrace>[0m
[1m[31mE               The error occurred while tracing the function get_samples at 616/codebase/test/infer/test_mcmc.py:634 for jit. This concrete value was not available in Python because it depends on the values of the arguments rng_key, data, step_size, trajectory_length, and target_accept_prob.[0m
[1m[31mE               <DynamicJaxprTracer 134801582542272> is referred to by <tuple 134801583383360>[1][0m
[1m[31mE               <tuple 134801583383360> is referred to by <dict 134801593562048>[('p_latent',)][0m
[1m[31mE               <dict 134801593562048> is referred to by <HMCAdaptState 134801596775024>[5][0m
[1m[31mE               <HMCAdaptState 134801596775024> is referred to by <HMCState 134801596725856>[11][0m
[1m[31mE               <HMCState 134801596725856> is referred to by <MCMC 134801598963040>._last_state[0m
[1m[31mE               <MCMC 134801598963040> is referred to by <function 134801596725696> (_postprocess_fn) closed-over variable self[0m
[1m[31mE               <function 134801596725696> is referred to by <partial 134801597102368>[0m
[1m[31mE               <partial 134801597102368> is referred to by <function 134801582775712> (collect_and_postprocess) closed-over variable postprocess_fn[0m
[1m[31mE               <function 134801582775712> is referred to by <OrderedDict 134801598261568>[(functools.partial(<function MCMC._get_cached_fns.<locals>._postprocess_fn at 0x7a99f149b9c0>, args=(Traced<ShapedArray(int32[2000])>with<DynamicJaxprTrace>,), kwargs={}), ('z', 'diverging'), (), 'collect_and_postprocess')][0m
[1m[31mE               <OrderedDict 134801598261568> is referred to by <function 134803784915584>._cache[0m
[1m[31mE               <function 134803784915584> is referred to by numpyro.infer.mcmc._collect_and_postprocess[0m
[1m[31mE               [0m
[1m[31mE               Traced<ShapedArray(float32[2,2])>with<DynamicJaxprTrace>[0m
[1m[31mE               The error occurred while tracing the function get_samples at 616/codebase/test/infer/test_mcmc.py:634 for jit. This concrete value was not available in Python because it depends on the values of the arguments rng_key, data, step_size, trajectory_length, and target_accept_prob.[0m
[1m[31mE               <DynamicJaxprTracer 134801582542032> is referred to by <tuple 134801583383360>[0][0m
[1m[31mE               <tuple 134801583383360> is referred to by <dict 134801593562048>[('p_latent',)][0m
[1m[31mE               <dict 134801593562048> is referred to by <HMCAdaptState 134801596775024>[5][0m
[1m[31mE               <HMCAdaptState 134801596775024> is referred to by <HMCState 134801596725856>[11][0m
[1m[31mE               <HMCState 134801596725856> is referred to by <MCMC 134801598963040>._last_state[0m
[1m[31mE               <MCMC 134801598963040> is referred to by <function 134801596725696> (_postprocess_fn) closed-over variable self[0m
[1m[31mE               <function 134801596725696> is referred to by <partial 134801597102368>[0m
[1m[31mE               <partial 134801597102368> is referred to by <function 134801582775712> (collect_and_postprocess) closed-over variable postprocess_fn[0m
[1m[31mE               <function 134801582775712> is referred to by <OrderedDict 134801598261568>[(functools.partial(<function MCMC._get_cached_fns.<locals>._postprocess_fn at 0x7a99f149b9c0>, args=(Traced<ShapedArray(int32[2000])>with<DynamicJaxprTrace>,), kwargs={}), ('z', 'diverging'), (), 'collect_and_postprocess')][0m
[1m[31mE               <OrderedDict 134801598261568> is referred to by <function 134803784915584>._cache[0m
[1m[31mE               <function 134803784915584> is referred to by numpyro.infer.mcmc._collect_and_postprocess[0m
[1m[31mE               [0m
[1m[31mE               --------------------[0m
[1m[31mE               For simplicity, JAX has removed its internal frames from the traceback of the following exception. Set JAX_TRACEBACK_FILTERING=off to include these.[0m

[1m[31m/usr/lib/python3.12/contextlib.py[0m:144: Exception
[31m[1m____________________ test_chain_inside_jit[vectorized-HMC] _____________________[0m

kernel_cls = <class 'numpyro.infer.hmc.HMC'>, chain_method = 'vectorized'

    [0m[37m@pytest[39;49;00m.mark.parametrize([33m"[39;49;00m[33mkernel_cls[39;49;00m[33m"[39;49;00m, [HMC, NUTS])[90m[39;49;00m
    [37m@pytest[39;49;00m.mark.parametrize([90m[39;49;00m
        [33m"[39;49;00m[33mchain_method[39;49;00m[33m"[39;49;00m,[90m[39;49;00m
        [[90m[39;49;00m
            pytest.param([90m[39;49;00m
                [33m"[39;49;00m[33mparallel[39;49;00m[33m"[39;49;00m,[90m[39;49;00m
                marks=pytest.mark.xfail(reason=[33m"[39;49;00m[33mjit+pmap does not work in CPU yet[39;49;00m[33m"[39;49;00m),[90m[39;49;00m
            ),[90m[39;49;00m
            [33m"[39;49;00m[33msequential[39;49;00m[33m"[39;49;00m,[90m[39;49;00m
            [33m"[39;49;00m[33mvectorized[39;49;00m[33m"[39;49;00m,[90m[39;49;00m
        ],[90m[39;49;00m
    )[90m[39;49;00m
    [37m@pytest[39;49;00m.mark.skipif([90m[39;49;00m
        [33m"[39;49;00m[33mCI[39;49;00m[33m"[39;49;00m [95min[39;49;00m os.environ, reason=[33m"[39;49;00m[33mCompiling time the whole sampling process is slow.[39;49;00m[33m"[39;49;00m[90m[39;49;00m
    )[90m[39;49;00m
    [94mdef[39;49;00m[90m [39;49;00m[92mtest_chain_inside_jit[39;49;00m(kernel_cls, chain_method):[90m[39;49;00m
        [90m# NB: this feature is useful for consensus MC.[39;49;00m[90m[39;49;00m
        [90m# Caution: compiling time will be slow (~ 90s)[39;49;00m[90m[39;49;00m
        [94mif[39;49;00m chain_method == [33m"[39;49;00m[33mparallel[39;49;00m[33m"[39;49;00m [95mand[39;49;00m jax.device_count() == [94m1[39;49;00m:[90m[39;49;00m
            pytest.skip([33m"[39;49;00m[33mparallel method requires device_count greater than 1.[39;49;00m[33m"[39;49;00m)[90m[39;49;00m
        num_warmup, num_samples = [94m100[39;49;00m, [94m2000[39;49;00m[90m[39;49;00m
        [90m# Here are settings which is currently supported.[39;49;00m[90m[39;49;00m
        rng_key = random.PRNGKey([94m2[39;49;00m)[90m[39;49;00m
        step_size = [94m1.0[39;49;00m[90m[39;49;00m
        target_accept_prob = [94m0.8[39;49;00m[90m[39;49;00m
        trajectory_length = [94m1.0[39;49;00m[90m[39;49;00m
        [90m# Not supported yet:[39;49;00m[90m[39;49;00m
        [90m#   + adapt_step_size[39;49;00m[90m[39;49;00m
        [90m#   + adapt_mass_matrix[39;49;00m[90m[39;49;00m
        [90m#   + max_tree_depth[39;49;00m[90m[39;49;00m
        [90m#   + num_warmup[39;49;00m[90m[39;49;00m
        [90m#   + num_samples[39;49;00m[90m[39;49;00m
    [90m[39;49;00m
        [94mdef[39;49;00m[90m [39;49;00m[92mmodel[39;49;00m(data):[90m[39;49;00m
            concentration = jnp.array([[94m1.0[39;49;00m, [94m1.0[39;49;00m, [94m1.0[39;49;00m])[90m[39;49;00m
            p_latent = numpyro.sample([33m"[39;49;00m[33mp_latent[39;49;00m[33m"[39;49;00m, dist.Dirichlet(concentration))[90m[39;49;00m
            numpyro.sample([33m"[39;49;00m[33mobs[39;49;00m[33m"[39;49;00m, dist.Categorical(p_latent), obs=data)[90m[39;49;00m
            [94mreturn[39;49;00m p_latent[90m[39;49;00m
    [90m[39;49;00m
        [37m@jit[39;49;00m[90m[39;49;00m
        [94mdef[39;49;00m[90m [39;49;00m[92mget_samples[39;49;00m(rng_key, data, step_size, trajectory_length, target_accept_prob):[90m[39;49;00m
            kernel = kernel_cls([90m[39;49;00m
                model,[90m[39;49;00m
                step_size=step_size,[90m[39;49;00m
                trajectory_length=trajectory_length,[90m[39;49;00m
                target_accept_prob=target_accept_prob,[90m[39;49;00m
            )[90m[39;49;00m
            mcmc = MCMC([90m[39;49;00m
                kernel,[90m[39;49;00m
                num_warmup=num_warmup,[90m[39;49;00m
                num_samples=num_samples,[90m[39;49;00m
                num_chains=[94m2[39;49;00m,[90m[39;49;00m
                chain_method=chain_method,[90m[39;49;00m
                progress_bar=[94mFalse[39;49;00m,[90m[39;49;00m
            )[90m[39;49;00m
            mcmc.run(rng_key, data)[90m[39;49;00m
            [94mreturn[39;49;00m mcmc.get_samples()[90m[39;49;00m
    [90m[39;49;00m
        true_probs = jnp.array([[94m0.1[39;49;00m, [94m0.6[39;49;00m, [94m0.3[39;49;00m])[90m[39;49;00m
        data = dist.Categorical(true_probs).sample(random.PRNGKey([94m1[39;49;00m), ([94m2000[39;49;00m,))[90m[39;49;00m
>       samples = get_samples([90m[39;49;00m
            rng_key, data, step_size, trajectory_length, target_accept_prob[90m[39;49;00m
        )[90m[39;49;00m

[1m[31mcodebase/test/infer/test_mcmc.py[0m:655: 
_ _ _ _ _ _ _ _ _ _ _ _ _ _ _ _ _ _ _ _ _ _ _ _ _ _ _ _ _ _ _ _ _ _ _ _ _ _ _ _ 

self = <contextlib._GeneratorContextManager object at 0x7a99f159e330>
typ = None, value = None, traceback = None

    [0m[94mdef[39;49;00m[90m [39;49;00m[92m__exit__[39;49;00m([96mself[39;49;00m, typ, value, traceback):[90m[39;49;00m
        [94mif[39;49;00m typ [95mis[39;49;00m [94mNone[39;49;00m:[90m[39;49;00m
            [94mtry[39;49;00m:[90m[39;49;00m
>               [96mnext[39;49;00m([96mself[39;49;00m.gen)[90m[39;49;00m
[1m[31mE               Exception: Leaked trace DynamicJaxprTrace. Leaked tracer(s):[0m
[1m[31mE               [0m
[1m[31mE               Traced<ShapedArray(float32[], weak_type=True)>with<DynamicJaxprTrace>[0m
[1m[31mE               The error occurred while tracing the function get_samples at 616/codebase/test/infer/test_mcmc.py:634 for jit. This concrete value was not available in Python because it depends on the value of the argument target_accept_prob.[0m
[1m[31mE               <DynamicJaxprTracer 134801597083600> is referred to by <list 134801582148288>[2][0m
[1m[31mE               <list 134801582148288> is referred to by <PjitParams 134801581858240>[0][0m
[1m[31mE               <PjitParams 134801581858240> is referred to by <InferParamsCacheEntry 134801582641872>[0m
[1m[31mE               [0m
[1m[31mE               Traced<ShapedArray(int32[2000])>with<DynamicJaxprTrace>[0m
[1m[31mE               The error occurred while tracing the function get_samples at 616/codebase/test/infer/test_mcmc.py:634 for jit. This concrete value was not available in Python because it depends on the value of the argument data.[0m
[1m[31mE               <DynamicJaxprTracer 134801597077520> is referred to by <list 134801582148288>[1][0m
[1m[31mE               <list 134801582148288> is referred to by <PjitParams 134801581858240>[0][0m
[1m[31mE               <PjitParams 134801581858240> is referred to by <InferParamsCacheEntry 134801582641872>[0m
[1m[31mE               [0m
[1m[31mE               Traced<ShapedArray(float32[], weak_type=True)>with<DynamicJaxprTrace>[0m
[1m[31mE               The error occurred while tracing the function get_samples at 616/codebase/test/infer/test_mcmc.py:634 for jit. This concrete value was not available in Python because it depends on the value of the argument step_size.[0m
[1m[31mE               <DynamicJaxprTracer 134801597085600> is referred to by <HMC 134801597790352>._step_size[0m
[1m[31mE               <HMC 134801597790352> is referred to by <dict 134801593950336>['sampler'][0m
[1m[31mE               <dict 134801593950336> is referred to by <partial 134801597079584>[0m
[1m[31mE               <partial 134801597079584> is referred to by <tuple 134801596828480>[0][0m
[1m[31mE               <tuple 134801596828480> is referred to by <OrderedDict 134801598259136> at keys [0m
[1m[31mE               <OrderedDict 134801598259136> is referred to by <function 134803789265664>._cache[0m
[1m[31mE               <function 134803789265664> is referred to by numpyro.util.fori_collect[0m
[1m[31mE               [0m
[1m[31mE               Traced<ShapedArray(float32[], weak_type=True)>with<DynamicJaxprTrace>[0m
[1m[31mE               The error occurred while tracing the function get_samples at 616/codebase/test/infer/test_mcmc.py:634 for jit. This concrete value was not available in Python because it depends on the value of the argument trajectory_length.[0m
[1m[31mE               <DynamicJaxprTracer 134801597087360> is referred to by <HMC 134801597790352>._trajectory_length[0m
[1m[31mE               <HMC 134801597790352> is referred to by <dict 134801593950336>['sampler'][0m
[1m[31mE               <dict 134801593950336> is referred to by <partial 134801597079584>[0m
[1m[31mE               <partial 134801597079584> is referred to by <tuple 134801596828480>[0][0m
[1m[31mE               <tuple 134801596828480> is referred to by <OrderedDict 134801598259136> at keys [0m
[1m[31mE               <OrderedDict 134801598259136> is referred to by <function 134803789265664>._cache[0m
[1m[31mE               <function 134803789265664> is referred to by numpyro.util.fori_collect[0m
[1m[31mE               [0m
[1m[31mE               Traced<ShapedArray(bool[2,2000])>with<DynamicJaxprTrace>[0m
[1m[31mE               The error occurred while tracing the function get_samples at 616/codebase/test/infer/test_mcmc.py:634 for jit. This concrete value was not available in Python because it depends on the values of the arguments rng_key, data, step_size, trajectory_length, and target_accept_prob.[0m
[1m[31mE               <DynamicJaxprTracer 134801597103824> is referred to by <dict 134801581412032>['diverging'][0m
[1m[31mE               <dict 134801581412032> is referred to by <MCMC 134801597783968>._states[0m
[1m[31mE               <MCMC 134801597783968> is referred to by <function 134801582779552> (_postprocess_fn) closed-over variable self[0m
[1m[31mE               <function 134801582779552> is referred to by <partial 134801597081664>[0m
[1m[31mE               <partial 134801597081664> is referred to by <tuple 134801597627376>[0][0m
[1m[31mE               <tuple 134801597627376> is referred to by <OrderedDict 134801598261568> at keys [0m
[1m[31mE               <OrderedDict 134801598261568> is referred to by <function 134803784915584>._cache[0m
[1m[31mE               <function 134803784915584> is referred to by numpyro.infer.mcmc._collect_and_postprocess[0m
[1m[31mE               [0m
[1m[31mE               Traced<ShapedArray(bool[4000])>with<DynamicJaxprTrace>[0m
[1m[31mE               The error occurred while tracing the function get_samples at 616/codebase/test/infer/test_mcmc.py:634 for jit. This concrete value was not available in Python because it depends on the values of the arguments rng_key, data, step_size, trajectory_length, and target_accept_prob.[0m
[1m[31mE               <DynamicJaxprTracer 134801597087120> is referred to by <dict 134801593275392>['diverging'][0m
[1m[31mE               <dict 134801593275392> is referred to by <MCMC 134801597783968>._states_flat[0m
[1m[31mE               <MCMC 134801597783968> is referred to by <function 134801582779552> (_postprocess_fn) closed-over variable self[0m
[1m[31mE               <function 134801582779552> is referred to by <partial 134801597081664>[0m
[1m[31mE               <partial 134801597081664> is referred to by <tuple 134801597627376>[0][0m
[1m[31mE               <tuple 134801597627376> is referred to by <OrderedDict 134801598261568> at keys [0m
[1m[31mE               <OrderedDict 134801598261568> is referred to by <function 134803784915584>._cache[0m
[1m[31mE               <function 134803784915584> is referred to by numpyro.infer.mcmc._collect_and_postprocess[0m
[1m[31mE               [0m
[1m[31mE               Traced<ShapedArray(uint32[2,2])>with<DynamicJaxprTrace>[0m
[1m[31mE               The error occurred while tracing the function get_samples at 616/codebase/test/infer/test_mcmc.py:634 for jit. This concrete value was not available in Python because it depends on the values of the arguments rng_key, data, step_size, trajectory_length, and target_accept_prob.[0m
[1m[31mE               <DynamicJaxprTracer 134801581621568> is referred to by <HMCState 134801582616512>[12][0m
[1m[31mE               <HMCState 134801582616512> is referred to by <MCMC 134801597783968>._last_state[0m
[1m[31mE               <MCMC 134801597783968> is referred to by <function 134801582779552> (_postprocess_fn) closed-over variable self[0m
[1m[31mE               <function 134801582779552> is referred to by <partial 134801597081664>[0m
[1m[31mE               <partial 134801597081664> is referred to by <tuple 134801597627376>[0][0m
[1m[31mE               <tuple 134801597627376> is referred to by <OrderedDict 134801598261568> at keys [0m
[1m[31mE               <OrderedDict 134801598261568> is referred to by <function 134803784915584>._cache[0m
[1m[31mE               <function 134803784915584> is referred to by numpyro.infer.mcmc._collect_and_postprocess[0m
[1m[31mE               [0m
[1m[31mE               Traced<ShapedArray(bool[2])>with<DynamicJaxprTrace>[0m
[1m[31mE               The error occurred while tracing the function get_samples at 616/codebase/test/infer/test_mcmc.py:634 for jit. This concrete value was not available in Python because it depends on the values of the arguments rng_key, data, step_size, trajectory_length, and target_accept_prob.[0m
[1m[31mE               <DynamicJaxprTracer 134801581621648> is referred to by <HMCState 134801582616512>[10][0m
[1m[31mE               <HMCState 134801582616512> is referred to by <MCMC 134801597783968>._last_state[0m
[1m[31mE               <MCMC 134801597783968> is referred to by <function 134801582779552> (_postprocess_fn) closed-over variable self[0m
[1m[31mE               <function 134801582779552> is referred to by <partial 134801597081664>[0m
[1m[31mE               <partial 134801597081664> is referred to by <tuple 134801597627376>[0][0m
[1m[31mE               <tuple 134801597627376> is referred to by <OrderedDict 134801598261568> at keys [0m
[1m[31mE               <OrderedDict 134801598261568> is referred to by <function 134803784915584>._cache[0m
[1m[31mE               <function 134803784915584> is referred to by numpyro.infer.mcmc._collect_and_postprocess[0m
[1m[31mE               [0m
[1m[31mE               Traced<ShapedArray(float32[2])>with<DynamicJaxprTrace>[0m
[1m[31mE               The error occurred while tracing the function get_samples at 616/codebase/test/infer/test_mcmc.py:634 for jit. This concrete value was not available in Python because it depends on the values of the arguments rng_key, data, step_size, trajectory_length, and target_accept_prob.[0m
[1m[31mE               <DynamicJaxprTracer 134801581621728> is referred to by <HMCState 134801582616512>[9][0m
[1m[31mE               <HMCState 134801582616512> is referred to by <MCMC 134801597783968>._last_state[0m
[1m[31mE               <MCMC 134801597783968> is referred to by <function 134801582779552> (_postprocess_fn) closed-over variable self[0m
[1m[31mE               <function 134801582779552> is referred to by <partial 134801597081664>[0m
[1m[31mE               <partial 134801597081664> is referred to by <tuple 134801597627376>[0][0m
[1m[31mE               <tuple 134801597627376> is referred to by <OrderedDict 134801598261568> at keys [0m
[1m[31mE               <OrderedDict 134801598261568> is referred to by <function 134803784915584>._cache[0m
[1m[31mE               <function 134803784915584> is referred to by numpyro.infer.mcmc._collect_and_postprocess[0m
[1m[31mE               [0m
[1m[31mE               Traced<ShapedArray(float32[2])>with<DynamicJaxprTrace>[0m
[1m[31mE               The error occurred while tracing the function get_samples at 616/codebase/test/infer/test_mcmc.py:634 for jit. This concrete value was not available in Python because it depends on the values of the arguments rng_key, data, step_size, trajectory_length, and target_accept_prob.[0m
[1m[31mE               <DynamicJaxprTracer 134801581621888> is referred to by <HMCState 134801582616512>[8][0m
[1m[31mE               <HMCState 134801582616512> is referred to by <MCMC 134801597783968>._last_state[0m
[1m[31mE               <MCMC 134801597783968> is referred to by <function 134801582779552> (_postprocess_fn) closed-over variable self[0m
[1m[31mE               <function 134801582779552> is referred to by <partial 134801597081664>[0m
[1m[31mE               <partial 134801597081664> is referred to by <tuple 134801597627376>[0][0m
[1m[31mE               <tuple 134801597627376> is referred to by <OrderedDict 134801598261568> at keys [0m
[1m[31mE               <OrderedDict 134801598261568> is referred to by <function 134803784915584>._cache[0m
[1m[31mE               <function 134803784915584> is referred to by numpyro.infer.mcmc._collect_and_postprocess[0m
[1m[31mE               [0m
[1m[31mE               Traced<ShapedArray(int32[2])>with<DynamicJaxprTrace>[0m
[1m[31mE               The error occurred while tracing the function get_samples at 616/codebase/test/infer/test_mcmc.py:634 for jit. This concrete value was not available in Python because it depends on the values of the arguments rng_key, data, step_size, trajectory_length, and target_accept_prob.[0m
[1m[31mE               <DynamicJaxprTracer 134801581622048> is referred to by <HMCState 134801582616512>[7][0m
[1m[31mE               <HMCState 134801582616512> is referred to by <MCMC 134801597783968>._last_state[0m
[1m[31mE               <MCMC 134801597783968> is referred to by <function 134801582779552> (_postprocess_fn) closed-over variable self[0m
[1m[31mE               <function 134801582779552> is referred to by <partial 134801597081664>[0m
[1m[31mE               <partial 134801597081664> is referred to by <tuple 134801597627376>[0][0m
[1m[31mE               <tuple 134801597627376> is referred to by <OrderedDict 134801598261568> at keys [0m
[1m[31mE               <OrderedDict 134801598261568> is referred to by <function 134803784915584>._cache[0m
[1m[31mE               <function 134803784915584> is referred to by numpyro.infer.mcmc._collect_and_postprocess[0m
[1m[31mE               [0m
[1m[31mE               Traced<ShapedArray(float32[2])>with<DynamicJaxprTrace>[0m
[1m[31mE               The error occurred while tracing the function get_samples at 616/codebase/test/infer/test_mcmc.py:634 for jit. This concrete value was not available in Python because it depends on the values of the arguments rng_key, data, step_size, trajectory_length, and target_accept_prob.[0m
[1m[31mE               <DynamicJaxprTracer 134801581622208> is referred to by <HMCState 134801582616512>[6][0m
[1m[31mE               <HMCState 134801582616512> is referred to by <MCMC 134801597783968>._last_state[0m
[1m[31mE               <MCMC 134801597783968> is referred to by <function 134801582779552> (_postprocess_fn) closed-over variable self[0m
[1m[31mE               <function 134801582779552> is referred to by <partial 134801597081664>[0m
[1m[31mE               <partial 134801597081664> is referred to by <tuple 134801597627376>[0][0m
[1m[31mE               <tuple 134801597627376> is referred to by <OrderedDict 134801598261568> at keys [0m
[1m[31mE               <OrderedDict 134801598261568> is referred to by <function 134803784915584>._cache[0m
[1m[31mE               <function 134803784915584> is referred to by numpyro.infer.mcmc._collect_and_postprocess[0m
[1m[31mE               [0m
[1m[31mE               Traced<ShapedArray(float32[2])>with<DynamicJaxprTrace>[0m
[1m[31mE               The error occurred while tracing the function get_samples at 616/codebase/test/infer/test_mcmc.py:634 for jit. This concrete value was not available in Python because it depends on the values of the arguments rng_key, data, step_size, trajectory_length, and target_accept_prob.[0m
[1m[31mE               <DynamicJaxprTracer 134801581622608> is referred to by <HMCState 134801582616512>[4][0m
[1m[31mE               <HMCState 134801582616512> is referred to by <MCMC 134801597783968>._last_state[0m
[1m[31mE               <MCMC 134801597783968> is referred to by <function 134801582779552> (_postprocess_fn) closed-over variable self[0m
[1m[31mE               <function 134801582779552> is referred to by <partial 134801597081664>[0m
[1m[31mE               <partial 134801597081664> is referred to by <tuple 134801597627376>[0][0m
[1m[31mE               <tuple 134801597627376> is referred to by <OrderedDict 134801598261568> at keys [0m
[1m[31mE               <OrderedDict 134801598261568> is referred to by <function 134803784915584>._cache[0m
[1m[31mE               <function 134803784915584> is referred to by numpyro.infer.mcmc._collect_and_postprocess[0m
[1m[31mE               [0m
[1m[31mE               Traced<ShapedArray(float32[2])>with<DynamicJaxprTrace>[0m
[1m[31mE               The error occurred while tracing the function get_samples at 616/codebase/test/infer/test_mcmc.py:634 for jit. This concrete value was not available in Python because it depends on the values of the arguments rng_key, data, step_size, trajectory_length, and target_accept_prob.[0m
[1m[31mE               <DynamicJaxprTracer 134801581622528> is referred to by <HMCState 134801582616512>[3][0m
[1m[31mE               <HMCState 134801582616512> is referred to by <MCMC 134801597783968>._last_state[0m
[1m[31mE               <MCMC 134801597783968> is referred to by <function 134801582779552> (_postprocess_fn) closed-over variable self[0m
[1m[31mE               <function 134801582779552> is referred to by <partial 134801597081664>[0m
[1m[31mE               <partial 134801597081664> is referred to by <tuple 134801597627376>[0][0m
[1m[31mE               <tuple 134801597627376> is referred to by <OrderedDict 134801598261568> at keys [0m
[1m[31mE               <OrderedDict 134801598261568> is referred to by <function 134803784915584>._cache[0m
[1m[31mE               <function 134803784915584> is referred to by numpyro.infer.mcmc._collect_and_postprocess[0m
[1m[31mE               [0m
[1m[31mE               Traced<ShapedArray(int32[2])>with<DynamicJaxprTrace>[0m
[1m[31mE               The error occurred while tracing the function get_samples at 616/codebase/test/infer/test_mcmc.py:634 for jit. This concrete value was not available in Python because it depends on the values of the arguments rng_key, data, step_size, trajectory_length, and target_accept_prob.[0m
[1m[31mE               <DynamicJaxprTracer 134801581628528> is referred to by <HMCState 134801582616512>[0][0m
[1m[31mE               <HMCState 134801582616512> is referred to by <MCMC 134801597783968>._last_state[0m
[1m[31mE               <MCMC 134801597783968> is referred to by <function 134801582779552> (_postprocess_fn) closed-over variable self[0m
[1m[31mE               <function 134801582779552> is referred to by <partial 134801597081664>[0m
[1m[31mE               <partial 134801597081664> is referred to by <tuple 134801597627376>[0][0m
[1m[31mE               <tuple 134801597627376> is referred to by <OrderedDict 134801598261568> at keys [0m
[1m[31mE               <OrderedDict 134801598261568> is referred to by <function 134803784915584>._cache[0m
[1m[31mE               <function 134803784915584> is referred to by numpyro.infer.mcmc._collect_and_postprocess[0m
[1m[31mE               [0m
[1m[31mE               Traced<ShapedArray(float32[2,2000,3])>with<DynamicJaxprTrace>[0m
[1m[31mE               The error occurred while tracing the function get_samples at 616/codebase/test/infer/test_mcmc.py:634 for jit. This concrete value was not available in Python because it depends on the values of the arguments rng_key, data, step_size, trajectory_length, and target_accept_prob.[0m
[1m[31mE               <DynamicJaxprTracer 134801581627968> is referred to by <dict 134801581498368>['p_latent'][0m
[1m[31mE               <dict 134801581498368> is referred to by <dict 134801581412032>['z'][0m
[1m[31mE               <dict 134801581412032> is referred to by <MCMC 134801597783968>._states[0m
[1m[31mE               <MCMC 134801597783968> is referred to by <function 134801582779552> (_postprocess_fn) closed-over variable self[0m
[1m[31mE               <function 134801582779552> is referred to by <partial 134801597081664>[0m
[1m[31mE               <partial 134801597081664> is referred to by <tuple 134801597627376>[0][0m
[1m[31mE               <tuple 134801597627376> is referred to by <OrderedDict 134801598261568> at keys [0m
[1m[31mE               <OrderedDict 134801598261568> is referred to by <function 134803784915584>._cache[0m
[1m[31mE               <function 134803784915584> is referred to by numpyro.infer.mcmc._collect_and_postprocess[0m
[1m[31mE               [0m
[1m[31mE               Traced<ShapedArray(float32[4000,3])>with<DynamicJaxprTrace>[0m
[1m[31mE               The error occurred while tracing the function get_samples at 616/codebase/test/infer/test_mcmc.py:634 for jit. This concrete value was not available in Python because it depends on the values of the arguments rng_key, data, step_size, trajectory_length, and target_accept_prob.[0m
[1m[31mE               <DynamicJaxprTracer 134801581623408> is referred to by <dict 134801593306944>['p_latent'][0m
[1m[31mE               <dict 134801593306944> is referred to by <dict 134801593275392>['z'][0m
[1m[31mE               <dict 134801593275392> is referred to by <MCMC 134801597783968>._states_flat[0m
[1m[31mE               <MCMC 134801597783968> is referred to by <function 134801582779552> (_postprocess_fn) closed-over variable self[0m
[1m[31mE               <function 134801582779552> is referred to by <partial 134801597081664>[0m
[1m[31mE               <partial 134801597081664> is referred to by <tuple 134801597627376>[0][0m
[1m[31mE               <tuple 134801597627376> is referred to by <OrderedDict 134801598261568> at keys [0m
[1m[31mE               <OrderedDict 134801598261568> is referred to by <function 134803784915584>._cache[0m
[1m[31mE               <function 134803784915584> is referred to by numpyro.infer.mcmc._collect_and_postprocess[0m
[1m[31mE               [0m
[1m[31mE               Traced<ShapedArray(uint32[2,2])>with<DynamicJaxprTrace>[0m
[1m[31mE               The error occurred while tracing the function get_samples at 616/codebase/test/infer/test_mcmc.py:634 for jit. This concrete value was not available in Python because it depends on the values of the arguments rng_key, data, step_size, trajectory_length, and target_accept_prob.[0m
[1m[31mE               <DynamicJaxprTracer 134801581621328> is referred to by <HMCAdaptState 134801596767856>[7][0m
[1m[31mE               <HMCAdaptState 134801596767856> is referred to by <HMCState 134801582616512>[11][0m
[1m[31mE               <HMCState 134801582616512> is referred to by <MCMC 134801597783968>._last_state[0m
[1m[31mE               <MCMC 134801597783968> is referred to by <function 134801582779552> (_postprocess_fn) closed-over variable self[0m
[1m[31mE               <function 134801582779552> is referred to by <partial 134801597081664>[0m
[1m[31mE               <partial 134801597081664> is referred to by <tuple 134801597627376>[0][0m
[1m[31mE               <tuple 134801597627376> is referred to by <OrderedDict 134801598261568> at keys [0m
[1m[31mE               <OrderedDict 134801598261568> is referred to by <function 134803784915584>._cache[0m
[1m[31mE               <function 134803784915584> is referred to by numpyro.infer.mcmc._collect_and_postprocess[0m
[1m[31mE               [0m
[1m[31mE               Traced<ShapedArray(int32[2])>with<DynamicJaxprTrace>[0m
[1m[31mE               The error occurred while tracing the function get_samples at 616/codebase/test/infer/test_mcmc.py:634 for jit. This concrete value was not available in Python because it depends on the values of the arguments rng_key, data, step_size, trajectory_length, and target_accept_prob.[0m
[1m[31mE               <DynamicJaxprTracer 134801581637568> is referred to by <HMCAdaptState 134801596767856>[6][0m
[1m[31mE               <HMCAdaptState 134801596767856> is referred to by <HMCState 134801582616512>[11][0m
[1m[31mE               <HMCState 134801582616512> is referred to by <MCMC 134801597783968>._last_state[0m
[1m[31mE               <MCMC 134801597783968> is referred to by <function 134801582779552> (_postprocess_fn) closed-over variable self[0m
[1m[31mE               <function 134801582779552> is referred to by <partial 134801597081664>[0m
[1m[31mE               <partial 134801597081664> is referred to by <tuple 134801597627376>[0][0m
[1m[31mE               <tuple 134801597627376> is referred to by <OrderedDict 134801598261568> at keys [0m
[1m[31mE               <OrderedDict 134801598261568> is referred to by <function 134803784915584>._cache[0m
[1m[31mE               <function 134803784915584> is referred to by numpyro.infer.mcmc._collect_and_postprocess[0m
[1m[31mE               [0m
[1m[31mE               Traced<ShapedArray(float32[2])>with<DynamicJaxprTrace>[0m
[1m[31mE               The error occurred while tracing the function get_samples at 616/codebase/test/infer/test_mcmc.py:634 for jit. This concrete value was not available in Python because it depends on the values of the arguments rng_key, data, step_size, trajectory_length, and target_accept_prob.[0m
[1m[31mE               <DynamicJaxprTracer 134801581621488> is referred to by <HMCAdaptState 134801596767856>[0][0m
[1m[31mE               <HMCAdaptState 134801596767856> is referred to by <HMCState 134801582616512>[11][0m
[1m[31mE               <HMCState 134801582616512> is referred to by <MCMC 134801597783968>._last_state[0m
[1m[31mE               <MCMC 134801597783968> is referred to by <function 134801582779552> (_postprocess_fn) closed-over variable self[0m
[1m[31mE               <function 134801582779552> is referred to by <partial 134801597081664>[0m
[1m[31mE               <partial 134801597081664> is referred to by <tuple 134801597627376>[0][0m
[1m[31mE               <tuple 134801597627376> is referred to by <OrderedDict 134801598261568> at keys [0m
[1m[31mE               <OrderedDict 134801598261568> is referred to by <function 134803784915584>._cache[0m
[1m[31mE               <function 134803784915584> is referred to by numpyro.infer.mcmc._collect_and_postprocess[0m
[1m[31mE               [0m
[1m[31mE               Traced<ShapedArray(float32[2,2])>with<DynamicJaxprTrace>[0m
[1m[31mE               The error occurred while tracing the function get_samples at 616/codebase/test/infer/test_mcmc.py:634 for jit. This concrete value was not available in Python because it depends on the values of the arguments rng_key, data, step_size, trajectory_length, and target_accept_prob.[0m
[1m[31mE               <DynamicJaxprTracer 134801581622768> is referred to by <dict 134801593664192>['p_latent'][0m
[1m[31mE               <dict 134801593664192> is referred to by <HMCState 134801582616512>[2][0m
[1m[31mE               <HMCState 134801582616512> is referred to by <MCMC 134801597783968>._last_state[0m
[1m[31mE               <MCMC 134801597783968> is referred to by <function 134801582779552> (_postprocess_fn) closed-over variable self[0m
[1m[31mE               <function 134801582779552> is referred to by <partial 134801597081664>[0m
[1m[31mE               <partial 134801597081664> is referred to by <tuple 134801597627376>[0][0m
[1m[31mE               <tuple 134801597627376> is referred to by <OrderedDict 134801598261568> at keys [0m
[1m[31mE               <OrderedDict 134801598261568> is referred to by <function 134803784915584>._cache[0m
[1m[31mE               <function 134803784915584> is referred to by numpyro.infer.mcmc._collect_and_postprocess[0m
[1m[31mE               [0m
[1m[31mE               Traced<ShapedArray(float32[2,2])>with<DynamicJaxprTrace>[0m
[1m[31mE               The error occurred while tracing the function get_samples at 616/codebase/test/infer/test_mcmc.py:634 for jit. This concrete value was not available in Python because it depends on the values of the arguments rng_key, data, step_size, trajectory_length, and target_accept_prob.[0m
[1m[31mE               <DynamicJaxprTracer 134801581628768> is referred to by <dict 134801593603648>['p_latent'][0m
[1m[31mE               <dict 134801593603648> is referred to by <HMCState 134801582616512>[1][0m
[1m[31mE               <HMCState 134801582616512> is referred to by <MCMC 134801597783968>._last_state[0m
[1m[31mE               <MCMC 134801597783968> is referred to by <function 134801582779552> (_postprocess_fn) closed-over variable self[0m
[1m[31mE               <function 134801582779552> is referred to by <partial 134801597081664>[0m
[1m[31mE               <partial 134801597081664> is referred to by <tuple 134801597627376>[0][0m
[1m[31mE               <tuple 134801597627376> is referred to by <OrderedDict 134801598261568> at keys [0m
[1m[31mE               <OrderedDict 134801598261568> is referred to by <function 134803784915584>._cache[0m
[1m[31mE               <function 134803784915584> is referred to by numpyro.infer.mcmc._collect_and_postprocess[0m
[1m[31mE               [0m
[1m[31mE               Traced<ShapedArray(float32[2])>with<DynamicJaxprTrace>[0m
[1m[31mE               The error occurred while tracing the function get_samples at 616/codebase/test/infer/test_mcmc.py:634 for jit. This concrete value was not available in Python because it depends on the values of the arguments rng_key, data, step_size, trajectory_length, and target_accept_prob.[0m
[1m[31mE               <DynamicJaxprTracer 134801581636208> is referred to by <tuple 134801596794416>[4][0m
[1m[31mE               <tuple 134801596794416> is referred to by <HMCAdaptState 134801596767856>[4][0m
[1m[31mE               <HMCAdaptState 134801596767856> is referred to by <HMCState 134801582616512>[11][0m
[1m[31mE               <HMCState 134801582616512> is referred to by <MCMC 134801597783968>._last_state[0m
[1m[31mE               <MCMC 134801597783968> is referred to by <function 134801582779552> (_postprocess_fn) closed-over variable self[0m
[1m[31mE               <function 134801582779552> is referred to by <partial 134801597081664>[0m
[1m[31mE               <partial 134801597081664> is referred to by <tuple 134801597627376>[0][0m
[1m[31mE               <tuple 134801597627376> is referred to by <OrderedDict 134801598261568> at keys [0m
[1m[31mE               <OrderedDict 134801598261568> is referred to by <function 134803784915584>._cache[0m
[1m[31mE               <function 134803784915584> is referred to by numpyro.infer.mcmc._collect_and_postprocess[0m
[1m[31mE               [0m
[1m[31mE               Traced<ShapedArray(int32[2])>with<DynamicJaxprTrace>[0m
[1m[31mE               The error occurred while tracing the function get_samples at 616/codebase/test/infer/test_mcmc.py:634 for jit. This concrete value was not available in Python because it depends on the values of the arguments rng_key, data, step_size, trajectory_length, and target_accept_prob.[0m
[1m[31mE               <DynamicJaxprTracer 134801581635968> is referred to by <tuple 134801596794416>[3][0m
[1m[31mE               <tuple 134801596794416> is referred to by <HMCAdaptState 134801596767856>[4][0m
[1m[31mE               <HMCAdaptState 134801596767856> is referred to by <HMCState 134801582616512>[11][0m
[1m[31mE               <HMCState 134801582616512> is referred to by <MCMC 134801597783968>._last_state[0m
[1m[31mE               <MCMC 134801597783968> is referred to by <function 134801582779552> (_postprocess_fn) closed-over variable self[0m
[1m[31mE               <function 134801582779552> is referred to by <partial 134801597081664>[0m
[1m[31mE               <partial 134801597081664> is referred to by <tuple 134801597627376>[0][0m
[1m[31mE               <tuple 134801597627376> is referred to by <OrderedDict 134801598261568> at keys [0m
[1m[31mE               <OrderedDict 134801598261568> is referred to by <function 134803784915584>._cache[0m
[1m[31mE               <function 134803784915584> is referred to by numpyro.infer.mcmc._collect_and_postprocess[0m
[1m[31mE               [0m
[1m[31mE               Traced<ShapedArray(float32[2])>with<DynamicJaxprTrace>[0m
[1m[31mE               The error occurred while tracing the function get_samples at 616/codebase/test/infer/test_mcmc.py:634 for jit. This concrete value was not available in Python because it depends on the values of the arguments rng_key, data, step_size, trajectory_length, and target_accept_prob.[0m
[1m[31mE               <DynamicJaxprTracer 134801581635408> is referred to by <tuple 134801596794416>[2][0m
[1m[31mE               <tuple 134801596794416> is referred to by <HMCAdaptState 134801596767856>[4][0m
[1m[31mE               <HMCAdaptState 134801596767856> is referred to by <HMCState 134801582616512>[11][0m
[1m[31mE               <HMCState 134801582616512> is referred to by <MCMC 134801597783968>._last_state[0m
[1m[31mE               <MCMC 134801597783968> is referred to by <function 134801582779552> (_postprocess_fn) closed-over variable self[0m
[1m[31mE               <function 134801582779552> is referred to by <partial 134801597081664>[0m
[1m[31mE               <partial 134801597081664> is referred to by <tuple 134801597627376>[0][0m
[1m[31mE               <tuple 134801597627376> is referred to by <OrderedDict 134801598261568> at keys [0m
[1m[31mE               <OrderedDict 134801598261568> is referred to by <function 134803784915584>._cache[0m
[1m[31mE               <function 134803784915584> is referred to by numpyro.infer.mcmc._collect_and_postprocess[0m
[1m[31mE               [0m
[1m[31mE               Traced<ShapedArray(float32[2])>with<DynamicJaxprTrace>[0m
[1m[31mE               The error occurred while tracing the function get_samples at 616/codebase/test/infer/test_mcmc.py:634 for jit. This concrete value was not available in Python because it depends on the values of the arguments rng_key, data, step_size, trajectory_length, and target_accept_prob.[0m
[1m[31mE               <DynamicJaxprTracer 134801581634928> is referred to by <tuple 134801596794416>[1][0m
[1m[31mE               <tuple 134801596794416> is referred to by <HMCAdaptState 134801596767856>[4][0m
[1m[31mE               <HMCAdaptState 134801596767856> is referred to by <HMCState 134801582616512>[11][0m
[1m[31mE               <HMCState 134801582616512> is referred to by <MCMC 134801597783968>._last_state[0m
[1m[31mE               <MCMC 134801597783968> is referred to by <function 134801582779552> (_postprocess_fn) closed-over variable self[0m
[1m[31mE               <function 134801582779552> is referred to by <partial 134801597081664>[0m
[1m[31mE               <partial 134801597081664> is referred to by <tuple 134801597627376>[0][0m
[1m[31mE               <tuple 134801597627376> is referred to by <OrderedDict 134801598261568> at keys [0m
[1m[31mE               <OrderedDict 134801598261568> is referred to by <function 134803784915584>._cache[0m
[1m[31mE               <function 134803784915584> is referred to by numpyro.infer.mcmc._collect_and_postprocess[0m
[1m[31mE               [0m
[1m[31mE               Traced<ShapedArray(float32[2])>with<DynamicJaxprTrace>[0m
[1m[31mE               The error occurred while tracing the function get_samples at 616/codebase/test/infer/test_mcmc.py:634 for jit. This concrete value was not available in Python because it depends on the values of the arguments rng_key, data, step_size, trajectory_length, and target_accept_prob.[0m
[1m[31mE               <DynamicJaxprTracer 134801581628448> is referred to by <tuple 134801596794416>[0][0m
[1m[31mE               <tuple 134801596794416> is referred to by <HMCAdaptState 134801596767856>[4][0m
[1m[31mE               <HMCAdaptState 134801596767856> is referred to by <HMCState 134801582616512>[11][0m
[1m[31mE               <HMCState 134801582616512> is referred to by <MCMC 134801597783968>._last_state[0m
[1m[31mE               <MCMC 134801597783968> is referred to by <function 134801582779552> (_postprocess_fn) closed-over variable self[0m
[1m[31mE               <function 134801582779552> is referred to by <partial 134801597081664>[0m
[1m[31mE               <partial 134801597081664> is referred to by <tuple 134801597627376>[0][0m
[1m[31mE               <tuple 134801597627376> is referred to by <OrderedDict 134801598261568> at keys [0m
[1m[31mE               <OrderedDict 134801598261568> is referred to by <function 134803784915584>._cache[0m
[1m[31mE               <function 134803784915584> is referred to by numpyro.infer.mcmc._collect_and_postprocess[0m
[1m[31mE               [0m
[1m[31mE               Traced<ShapedArray(float32[2,2])>with<DynamicJaxprTrace>[0m
[1m[31mE               The error occurred while tracing the function get_samples at 616/codebase/test/infer/test_mcmc.py:634 for jit. This concrete value was not available in Python because it depends on the values of the arguments rng_key, data, step_size, trajectory_length, and target_accept_prob.[0m
[1m[31mE               <DynamicJaxprTracer 134801581628608> is referred to by <dict 134801593274112>[('p_latent',)][0m
[1m[31mE               <dict 134801593274112> is referred to by <HMCAdaptState 134801596767856>[3][0m
[1m[31mE               <HMCAdaptState 134801596767856> is referred to by <HMCState 134801582616512>[11][0m
[1m[31mE               <HMCState 134801582616512> is referred to by <MCMC 134801597783968>._last_state[0m
[1m[31mE               <MCMC 134801597783968> is referred to by <function 134801582779552> (_postprocess_fn) closed-over variable self[0m
[1m[31mE               <function 134801582779552> is referred to by <partial 134801597081664>[0m
[1m[31mE               <partial 134801597081664> is referred to by <tuple 134801597627376>[0][0m
[1m[31mE               <tuple 134801597627376> is referred to by <OrderedDict 134801598261568> at keys [0m
[1m[31mE               <OrderedDict 134801598261568> is referred to by <function 134803784915584>._cache[0m
[1m[31mE               <function 134803784915584> is referred to by numpyro.infer.mcmc._collect_and_postprocess[0m
[1m[31mE               [0m
[1m[31mE               Traced<ShapedArray(float32[2,2])>with<DynamicJaxprTrace>[0m
[1m[31mE               The error occurred while tracing the function get_samples at 616/codebase/test/infer/test_mcmc.py:634 for jit. This concrete value was not available in Python because it depends on the values of the arguments rng_key, data, step_size, trajectory_length, and target_accept_prob.[0m
[1m[31mE               <DynamicJaxprTracer 134801581622128> is referred to by <dict 134801593273920>[('p_latent',)][0m
[1m[31mE               <dict 134801593273920> is referred to by <HMCAdaptState 134801596767856>[2][0m
[1m[31mE               <HMCAdaptState 134801596767856> is referred to by <HMCState 134801582616512>[11][0m
[1m[31mE               <HMCState 134801582616512> is referred to by <MCMC 134801597783968>._last_state[0m
[1m[31mE               <MCMC 134801597783968> is referred to by <function 134801582779552> (_postprocess_fn) closed-over variable self[0m
[1m[31mE               <function 134801582779552> is referred to by <partial 134801597081664>[0m
[1m[31mE               <partial 134801597081664> is referred to by <tuple 134801597627376>[0][0m
[1m[31mE               <tuple 134801597627376> is referred to by <OrderedDict 134801598261568> at keys [0m
[1m[31mE               <OrderedDict 134801598261568> is referred to by <function 134803784915584>._cache[0m
[1m[31mE               <function 134803784915584> is referred to by numpyro.infer.mcmc._collect_and_postprocess[0m
[1m[31mE               [0m
[1m[31mE               Traced<ShapedArray(float32[2,2])>with<DynamicJaxprTrace>[0m
[1m[31mE               The error occurred while tracing the function get_samples at 616/codebase/test/infer/test_mcmc.py:634 for jit. This concrete value was not available in Python because it depends on the values of the arguments rng_key, data, step_size, trajectory_length, and target_accept_prob.[0m
[1m[31mE               <DynamicJaxprTracer 134801581621408> is referred to by <dict 134801595471552>[('p_latent',)][0m
[1m[31mE               <dict 134801595471552> is referred to by <HMCAdaptState 134801596767856>[1][0m
[1m[31mE               <HMCAdaptState 134801596767856> is referred to by <HMCState 134801582616512>[11][0m
[1m[31mE               <HMCState 134801582616512> is referred to by <MCMC 134801597783968>._last_state[0m
[1m[31mE               <MCMC 134801597783968> is referred to by <function 134801582779552> (_postprocess_fn) closed-over variable self[0m
[1m[31mE               <function 134801582779552> is referred to by <partial 134801597081664>[0m
[1m[31mE               <partial 134801597081664> is referred to by <tuple 134801597627376>[0][0m
[1m[31mE               <tuple 134801597627376> is referred to by <OrderedDict 134801598261568> at keys [0m
[1m[31mE               <OrderedDict 134801598261568> is referred to by <function 134803784915584>._cache[0m
[1m[31mE               <function 134803784915584> is referred to by numpyro.infer.mcmc._collect_and_postprocess[0m
[1m[31mE               [0m
[1m[31mE               Traced<ShapedArray(int32[2])>with<DynamicJaxprTrace>[0m
[1m[31mE               The error occurred while tracing the function get_samples at 616/codebase/test/infer/test_mcmc.py:634 for jit. This concrete value was not available in Python because it depends on the values of the arguments rng_key, data, step_size, trajectory_length, and target_accept_prob.[0m
[1m[31mE               <DynamicJaxprTracer 134801581637168> is referred to by <tuple 134801593259904>[2][0m
[1m[31mE               <tuple 134801593259904> is referred to by <dict 134801593762688>[('p_latent',)][0m
[1m[31mE               <dict 134801593762688> is referred to by <HMCAdaptState 134801596767856>[5][0m
[1m[31mE               <HMCAdaptState 134801596767856> is referred to by <HMCState 134801582616512>[11][0m
[1m[31mE               <HMCState 134801582616512> is referred to by <MCMC 134801597783968>._last_state[0m
[1m[31mE               <MCMC 134801597783968> is referred to by <function 134801582779552> (_postprocess_fn) closed-over variable self[0m
[1m[31mE               <function 134801582779552> is referred to by <partial 134801597081664>[0m
[1m[31mE               <partial 134801597081664> is referred to by <tuple 134801597627376>[0][0m
[1m[31mE               <tuple 134801597627376> is referred to by <OrderedDict 134801598261568> at keys [0m
[1m[31mE               <OrderedDict 134801598261568> is referred to by <function 134803784915584>._cache[0m
[1m[31mE               <function 134803784915584> is referred to by numpyro.infer.mcmc._collect_and_postprocess[0m
[1m[31mE               [0m
[1m[31mE               Traced<ShapedArray(float32[2,2])>with<DynamicJaxprTrace>[0m
[1m[31mE               The error occurred while tracing the function get_samples at 616/codebase/test/infer/test_mcmc.py:634 for jit. This concrete value was not available in Python because it depends on the values of the arguments rng_key, data, step_size, trajectory_length, and target_accept_prob.[0m
[1m[31mE               <DynamicJaxprTracer 134801581637008> is referred to by <tuple 134801593259904>[1][0m
[1m[31mE               <tuple 134801593259904> is referred to by <dict 134801593762688>[('p_latent',)][0m
[1m[31mE               <dict 134801593762688> is referred to by <HMCAdaptState 134801596767856>[5][0m
[1m[31mE               <HMCAdaptState 134801596767856> is referred to by <HMCState 134801582616512>[11][0m
[1m[31mE               <HMCState 134801582616512> is referred to by <MCMC 134801597783968>._last_state[0m
[1m[31mE               <MCMC 134801597783968> is referred to by <function 134801582779552> (_postprocess_fn) closed-over variable self[0m
[1m[31mE               <function 134801582779552> is referred to by <partial 134801597081664>[0m
[1m[31mE               <partial 134801597081664> is referred to by <tuple 134801597627376>[0][0m
[1m[31mE               <tuple 134801597627376> is referred to by <OrderedDict 134801598261568> at keys [0m
[1m[31mE               <OrderedDict 134801598261568> is referred to by <function 134803784915584>._cache[0m
[1m[31mE               <function 134803784915584> is referred to by numpyro.infer.mcmc._collect_and_postprocess[0m
[1m[31mE               [0m
[1m[31mE               Traced<ShapedArray(float32[2,2])>with<DynamicJaxprTrace>[0m
[1m[31mE               The error occurred while tracing the function get_samples at 616/codebase/test/infer/test_mcmc.py:634 for jit. This concrete value was not available in Python because it depends on the values of the arguments rng_key, data, step_size, trajectory_length, and target_accept_prob.[0m
[1m[31mE               <DynamicJaxprTracer 134801581636848> is referred to by <tuple 134801593259904>[0][0m
[1m[31mE               <tuple 134801593259904> is referred to by <dict 134801593762688>[('p_latent',)][0m
[1m[31mE               <dict 134801593762688> is referred to by <HMCAdaptState 134801596767856>[5][0m
[1m[31mE               <HMCAdaptState 134801596767856> is referred to by <HMCState 134801582616512>[11][0m
[1m[31mE               <HMCState 134801582616512> is referred to by <MCMC 134801597783968>._last_state[0m
[1m[31mE               <MCMC 134801597783968> is referred to by <function 134801582779552> (_postprocess_fn) closed-over variable self[0m
[1m[31mE               <function 134801582779552> is referred to by <partial 134801597081664>[0m
[1m[31mE               <partial 134801597081664> is referred to by <tuple 134801597627376>[0][0m
[1m[31mE               <tuple 134801597627376> is referred to by <OrderedDict 134801598261568> at keys [0m
[1m[31mE               <OrderedDict 134801598261568> is referred to by <function 134803784915584>._cache[0m
[1m[31mE               <function 134803784915584> is referred to by numpyro.infer.mcmc._collect_and_postprocess[0m
[1m[31mE               [0m
[1m[31mE               --------------------[0m
[1m[31mE               For simplicity, JAX has removed its internal frames from the traceback of the following exception. Set JAX_TRACEBACK_FILTERING=off to include these.[0m

[1m[31m/usr/lib/python3.12/contextlib.py[0m:144: Exception
[31m[1m____________________ test_chain_inside_jit[vectorized-NUTS] ____________________[0m

kernel_cls = <class 'numpyro.infer.hmc.NUTS'>, chain_method = 'vectorized'

    [0m[37m@pytest[39;49;00m.mark.parametrize([33m"[39;49;00m[33mkernel_cls[39;49;00m[33m"[39;49;00m, [HMC, NUTS])[90m[39;49;00m
    [37m@pytest[39;49;00m.mark.parametrize([90m[39;49;00m
        [33m"[39;49;00m[33mchain_method[39;49;00m[33m"[39;49;00m,[90m[39;49;00m
        [[90m[39;49;00m
            pytest.param([90m[39;49;00m
                [33m"[39;49;00m[33mparallel[39;49;00m[33m"[39;49;00m,[90m[39;49;00m
                marks=pytest.mark.xfail(reason=[33m"[39;49;00m[33mjit+pmap does not work in CPU yet[39;49;00m[33m"[39;49;00m),[90m[39;49;00m
            ),[90m[39;49;00m
            [33m"[39;49;00m[33msequential[39;49;00m[33m"[39;49;00m,[90m[39;49;00m
            [33m"[39;49;00m[33mvectorized[39;49;00m[33m"[39;49;00m,[90m[39;49;00m
        ],[90m[39;49;00m
    )[90m[39;49;00m
    [37m@pytest[39;49;00m.mark.skipif([90m[39;49;00m
        [33m"[39;49;00m[33mCI[39;49;00m[33m"[39;49;00m [95min[39;49;00m os.environ, reason=[33m"[39;49;00m[33mCompiling time the whole sampling process is slow.[39;49;00m[33m"[39;49;00m[90m[39;49;00m
    )[90m[39;49;00m
    [94mdef[39;49;00m[90m [39;49;00m[92mtest_chain_inside_jit[39;49;00m(kernel_cls, chain_method):[90m[39;49;00m
        [90m# NB: this feature is useful for consensus MC.[39;49;00m[90m[39;49;00m
        [90m# Caution: compiling time will be slow (~ 90s)[39;49;00m[90m[39;49;00m
        [94mif[39;49;00m chain_method == [33m"[39;49;00m[33mparallel[39;49;00m[33m"[39;49;00m [95mand[39;49;00m jax.device_count() == [94m1[39;49;00m:[90m[39;49;00m
            pytest.skip([33m"[39;49;00m[33mparallel method requires device_count greater than 1.[39;49;00m[33m"[39;49;00m)[90m[39;49;00m
        num_warmup, num_samples = [94m100[39;49;00m, [94m2000[39;49;00m[90m[39;49;00m
        [90m# Here are settings which is currently supported.[39;49;00m[90m[39;49;00m
        rng_key = random.PRNGKey([94m2[39;49;00m)[90m[39;49;00m
        step_size = [94m1.0[39;49;00m[90m[39;49;00m
        target_accept_prob = [94m0.8[39;49;00m[90m[39;49;00m
        trajectory_length = [94m1.0[39;49;00m[90m[39;49;00m
        [90m# Not supported yet:[39;49;00m[90m[39;49;00m
        [90m#   + adapt_step_size[39;49;00m[90m[39;49;00m
        [90m#   + adapt_mass_matrix[39;49;00m[90m[39;49;00m
        [90m#   + max_tree_depth[39;49;00m[90m[39;49;00m
        [90m#   + num_warmup[39;49;00m[90m[39;49;00m
        [90m#   + num_samples[39;49;00m[90m[39;49;00m
    [90m[39;49;00m
        [94mdef[39;49;00m[90m [39;49;00m[92mmodel[39;49;00m(data):[90m[39;49;00m
            concentration = jnp.array([[94m1.0[39;49;00m, [94m1.0[39;49;00m, [94m1.0[39;49;00m])[90m[39;49;00m
            p_latent = numpyro.sample([33m"[39;49;00m[33mp_latent[39;49;00m[33m"[39;49;00m, dist.Dirichlet(concentration))[90m[39;49;00m
            numpyro.sample([33m"[39;49;00m[33mobs[39;49;00m[33m"[39;49;00m, dist.Categorical(p_latent), obs=data)[90m[39;49;00m
            [94mreturn[39;49;00m p_latent[90m[39;49;00m
    [90m[39;49;00m
        [37m@jit[39;49;00m[90m[39;49;00m
        [94mdef[39;49;00m[90m [39;49;00m[92mget_samples[39;49;00m(rng_key, data, step_size, trajectory_length, target_accept_prob):[90m[39;49;00m
            kernel = kernel_cls([90m[39;49;00m
                model,[90m[39;49;00m
                step_size=step_size,[90m[39;49;00m
                trajectory_length=trajectory_length,[90m[39;49;00m
                target_accept_prob=target_accept_prob,[90m[39;49;00m
            )[90m[39;49;00m
            mcmc = MCMC([90m[39;49;00m
                kernel,[90m[39;49;00m
                num_warmup=num_warmup,[90m[39;49;00m
                num_samples=num_samples,[90m[39;49;00m
                num_chains=[94m2[39;49;00m,[90m[39;49;00m
                chain_method=chain_method,[90m[39;49;00m
                progress_bar=[94mFalse[39;49;00m,[90m[39;49;00m
            )[90m[39;49;00m
            mcmc.run(rng_key, data)[90m[39;49;00m
            [94mreturn[39;49;00m mcmc.get_samples()[90m[39;49;00m
    [90m[39;49;00m
        true_probs = jnp.array([[94m0.1[39;49;00m, [94m0.6[39;49;00m, [94m0.3[39;49;00m])[90m[39;49;00m
        data = dist.Categorical(true_probs).sample(random.PRNGKey([94m1[39;49;00m), ([94m2000[39;49;00m,))[90m[39;49;00m
>       samples = get_samples([90m[39;49;00m
            rng_key, data, step_size, trajectory_length, target_accept_prob[90m[39;49;00m
        )[90m[39;49;00m

[1m[31mcodebase/test/infer/test_mcmc.py[0m:655: 
_ _ _ _ _ _ _ _ _ _ _ _ _ _ _ _ _ _ _ _ _ _ _ _ _ _ _ _ _ _ _ _ _ _ _ _ _ _ _ _ 

self = <contextlib._GeneratorContextManager object at 0x7a99f157b710>
typ = None, value = None, traceback = None

    [0m[94mdef[39;49;00m[90m [39;49;00m[92m__exit__[39;49;00m([96mself[39;49;00m, typ, value, traceback):[90m[39;49;00m
        [94mif[39;49;00m typ [95mis[39;49;00m [94mNone[39;49;00m:[90m[39;49;00m
            [94mtry[39;49;00m:[90m[39;49;00m
>               [96mnext[39;49;00m([96mself[39;49;00m.gen)[90m[39;49;00m
[1m[31mE               Exception: Leaked trace DynamicJaxprTrace. Leaked tracer(s):[0m
[1m[31mE               [0m
[1m[31mE               Traced<ShapedArray(float32[], weak_type=True)>with<DynamicJaxprTrace>[0m
[1m[31mE               The error occurred while tracing the function get_samples at 616/codebase/test/infer/test_mcmc.py:634 for jit. This concrete value was not available in Python because it depends on the value of the argument target_accept_prob.[0m
[1m[31mE               <DynamicJaxprTracer 134801597074720> is referred to by <list 134801595210304>[2][0m
[1m[31mE               <list 134801595210304> is referred to by <PjitParams 134801581854016>[0][0m
[1m[31mE               <PjitParams 134801581854016> is referred to by <InferParamsCacheEntry 134801581561728>[0m
[1m[31mE               [0m
[1m[31mE               Traced<ShapedArray(int32[2000])>with<DynamicJaxprTrace>[0m
[1m[31mE               The error occurred while tracing the function get_samples at 616/codebase/test/infer/test_mcmc.py:634 for jit. This concrete value was not available in Python because it depends on the value of the argument data.[0m
[1m[31mE               <DynamicJaxprTracer 134801597074800> is referred to by <list 134801595210304>[1][0m
[1m[31mE               <list 134801595210304> is referred to by <PjitParams 134801581854016>[0][0m
[1m[31mE               <PjitParams 134801581854016> is referred to by <InferParamsCacheEntry 134801581561728>[0m
[1m[31mE               [0m
[1m[31mE               Traced<ShapedArray(float32[], weak_type=True)>with<DynamicJaxprTrace>[0m
[1m[31mE               The error occurred while tracing the function get_samples at 616/codebase/test/infer/test_mcmc.py:634 for jit. This concrete value was not available in Python because it depends on the value of the argument step_size.[0m
[1m[31mE               <DynamicJaxprTracer 134801597072800> is referred to by <NUTS 134801597632144>._step_size[0m
[1m[31mE               <NUTS 134801597632144> is referred to by <dict 134801581578432>['sampler'][0m
[1m[31mE               <dict 134801581578432> is referred to by <partial 134801597100288>[0m
[1m[31mE               <partial 134801597100288> is referred to by <tuple 134801595544256>[0][0m
[1m[31mE               <tuple 134801595544256> is referred to by <OrderedDict 134801598259136> at keys [0m
[1m[31mE               <OrderedDict 134801598259136> is referred to by <function 134803789265664>._cache[0m
[1m[31mE               <function 134803789265664> is referred to by numpyro.util.fori_collect[0m
[1m[31mE               [0m
[1m[31mE               Traced<ShapedArray(float32[], weak_type=True)>with<DynamicJaxprTrace>[0m
[1m[31mE               The error occurred while tracing the function get_samples at 616/codebase/test/infer/test_mcmc.py:634 for jit. This concrete value was not available in Python because it depends on the value of the argument trajectory_length.[0m
[1m[31mE               <DynamicJaxprTracer 134801597075120> is referred to by <NUTS 134801597632144>._trajectory_length[0m
[1m[31mE               <NUTS 134801597632144> is referred to by <dict 134801581578432>['sampler'][0m
[1m[31mE               <dict 134801581578432> is referred to by <partial 134801597100288>[0m
[1m[31mE               <partial 134801597100288> is referred to by <tuple 134801595544256>[0][0m
[1m[31mE               <tuple 134801595544256> is referred to by <OrderedDict 134801598259136> at keys [0m
[1m[31mE               <OrderedDict 134801598259136> is referred to by <function 134803789265664>._cache[0m
[1m[31mE               <function 134803789265664> is referred to by numpyro.util.fori_collect[0m
[1m[31mE               [0m
[1m[31mE               Traced<ShapedArray(bool[2,2000])>with<DynamicJaxprTrace>[0m
[1m[31mE               The error occurred while tracing the function get_samples at 616/codebase/test/infer/test_mcmc.py:634 for jit. This concrete value was not available in Python because it depends on the values of the arguments rng_key, data, step_size, trajectory_length, and target_accept_prob.[0m
[1m[31mE               <DynamicJaxprTracer 134801577922064> is referred to by <dict 134801581477248>['diverging'][0m
[1m[31mE               <dict 134801581477248> is referred to by <MCMC 134801597637184>._states[0m
[1m[31mE               <MCMC 134801597637184> is referred to by <function 134801582616672> (_postprocess_fn) closed-over variable self[0m
[1m[31mE               <function 134801582616672> is referred to by <partial 134801597092608>[0m
[1m[31mE               <partial 134801597092608> is referred to by <tuple 134801597079824>[0][0m
[1m[31mE               <tuple 134801597079824> is referred to by <OrderedDict 134801598261568> at keys [0m
[1m[31mE               <OrderedDict 134801598261568> is referred to by <function 134803784915584>._cache[0m
[1m[31mE               <function 134803784915584> is referred to by numpyro.infer.mcmc._collect_and_postprocess[0m
[1m[31mE               [0m
[1m[31mE               Traced<ShapedArray(bool[4000])>with<DynamicJaxprTrace>[0m
[1m[31mE               The error occurred while tracing the function get_samples at 616/codebase/test/infer/test_mcmc.py:634 for jit. This concrete value was not available in Python because it depends on the values of the arguments rng_key, data, step_size, trajectory_length, and target_accept_prob.[0m
[1m[31mE               <DynamicJaxprTracer 134801583023648> is referred to by <dict 134801581573568>['diverging'][0m
[1m[31mE               <dict 134801581573568> is referred to by <MCMC 134801597637184>._states_flat[0m
[1m[31mE               <MCMC 134801597637184> is referred to by <function 134801582616672> (_postprocess_fn) closed-over variable self[0m
[1m[31mE               <function 134801582616672> is referred to by <partial 134801597092608>[0m
[1m[31mE               <partial 134801597092608> is referred to by <tuple 134801597079824>[0][0m
[1m[31mE               <tuple 134801597079824> is referred to by <OrderedDict 134801598261568> at keys [0m
[1m[31mE               <OrderedDict 134801598261568> is referred to by <function 134803784915584>._cache[0m
[1m[31mE               <function 134803784915584> is referred to by numpyro.infer.mcmc._collect_and_postprocess[0m
[1m[31mE               [0m
[1m[31mE               Traced<ShapedArray(uint32[2,2])>with<DynamicJaxprTrace>[0m
[1m[31mE               The error occurred while tracing the function get_samples at 616/codebase/test/infer/test_mcmc.py:634 for jit. This concrete value was not available in Python because it depends on the values of the arguments rng_key, data, step_size, trajectory_length, and target_accept_prob.[0m
[1m[31mE               <DynamicJaxprTracer 134801597627552> is referred to by <HMCState 134801582777152>[12][0m
[1m[31mE               <HMCState 134801582777152> is referred to by <MCMC 134801597637184>._last_state[0m
[1m[31mE               <MCMC 134801597637184> is referred to by <function 134801582616672> (_postprocess_fn) closed-over variable self[0m
[1m[31mE               <function 134801582616672> is referred to by <partial 134801597092608>[0m
[1m[31mE               <partial 134801597092608> is referred to by <tuple 134801597079824>[0][0m
[1m[31mE               <tuple 134801597079824> is referred to by <OrderedDict 134801598261568> at keys [0m
[1m[31mE               <OrderedDict 134801598261568> is referred to by <function 134803784915584>._cache[0m
[1m[31mE               <function 134803784915584> is referred to by numpyro.infer.mcmc._collect_and_postprocess[0m
[1m[31mE               [0m
[1m[31mE               Traced<ShapedArray(bool[2])>with<DynamicJaxprTrace>[0m
[1m[31mE               The error occurred while tracing the function get_samples at 616/codebase/test/infer/test_mcmc.py:634 for jit. This concrete value was not available in Python because it depends on the values of the arguments rng_key, data, step_size, trajectory_length, and target_accept_prob.[0m
[1m[31mE               <DynamicJaxprTracer 134801582538912> is referred to by <HMCState 134801582777152>[10][0m
[1m[31mE               <HMCState 134801582777152> is referred to by <MCMC 134801597637184>._last_state[0m
[1m[31mE               <MCMC 134801597637184> is referred to by <function 134801582616672> (_postprocess_fn) closed-over variable self[0m
[1m[31mE               <function 134801582616672> is referred to by <partial 134801597092608>[0m
[1m[31mE               <partial 134801597092608> is referred to by <tuple 134801597079824>[0][0m
[1m[31mE               <tuple 134801597079824> is referred to by <OrderedDict 134801598261568> at keys [0m
[1m[31mE               <OrderedDict 134801598261568> is referred to by <function 134803784915584>._cache[0m
[1m[31mE               <function 134803784915584> is referred to by numpyro.infer.mcmc._collect_and_postprocess[0m
[1m[31mE               [0m
[1m[31mE               Traced<ShapedArray(float32[2])>with<DynamicJaxprTrace>[0m
[1m[31mE               The error occurred while tracing the function get_samples at 616/codebase/test/infer/test_mcmc.py:634 for jit. This concrete value was not available in Python because it depends on the values of the arguments rng_key, data, step_size, trajectory_length, and target_accept_prob.[0m
[1m[31mE               <DynamicJaxprTracer 134801582553552> is referred to by <HMCState 134801582777152>[9][0m
[1m[31mE               <HMCState 134801582777152> is referred to by <MCMC 134801597637184>._last_state[0m
[1m[31mE               <MCMC 134801597637184> is referred to by <function 134801582616672> (_postprocess_fn) closed-over variable self[0m
[1m[31mE               <function 134801582616672> is referred to by <partial 134801597092608>[0m
[1m[31mE               <partial 134801597092608> is referred to by <tuple 134801597079824>[0][0m
[1m[31mE               <tuple 134801597079824> is referred to by <OrderedDict 134801598261568> at keys [0m
[1m[31mE               <OrderedDict 134801598261568> is referred to by <function 134803784915584>._cache[0m
[1m[31mE               <function 134803784915584> is referred to by numpyro.infer.mcmc._collect_and_postprocess[0m
[1m[31mE               [0m
[1m[31mE               Traced<ShapedArray(float32[2])>with<DynamicJaxprTrace>[0m
[1m[31mE               The error occurred while tracing the function get_samples at 616/codebase/test/infer/test_mcmc.py:634 for jit. This concrete value was not available in Python because it depends on the values of the arguments rng_key, data, step_size, trajectory_length, and target_accept_prob.[0m
[1m[31mE               <DynamicJaxprTracer 134801582552592> is referred to by <HMCState 134801582777152>[8][0m
[1m[31mE               <HMCState 134801582777152> is referred to by <MCMC 134801597637184>._last_state[0m
[1m[31mE               <MCMC 134801597637184> is referred to by <function 134801582616672> (_postprocess_fn) closed-over variable self[0m
[1m[31mE               <function 134801582616672> is referred to by <partial 134801597092608>[0m
[1m[31mE               <partial 134801597092608> is referred to by <tuple 134801597079824>[0][0m
[1m[31mE               <tuple 134801597079824> is referred to by <OrderedDict 134801598261568> at keys [0m
[1m[31mE               <OrderedDict 134801598261568> is referred to by <function 134803784915584>._cache[0m
[1m[31mE               <function 134803784915584> is referred to by numpyro.infer.mcmc._collect_and_postprocess[0m
[1m[31mE               [0m
[1m[31mE               Traced<ShapedArray(int32[2])>with<DynamicJaxprTrace>[0m
[1m[31mE               The error occurred while tracing the function get_samples at 616/codebase/test/infer/test_mcmc.py:634 for jit. This concrete value was not available in Python because it depends on the values of the arguments rng_key, data, step_size, trajectory_length, and target_accept_prob.[0m
[1m[31mE               <DynamicJaxprTracer 134801582538832> is referred to by <HMCState 134801582777152>[7][0m
[1m[31mE               <HMCState 134801582777152> is referred to by <MCMC 134801597637184>._last_state[0m
[1m[31mE               <MCMC 134801597637184> is referred to by <function 134801582616672> (_postprocess_fn) closed-over variable self[0m
[1m[31mE               <function 134801582616672> is referred to by <partial 134801597092608>[0m
[1m[31mE               <partial 134801597092608> is referred to by <tuple 134801597079824>[0][0m
[1m[31mE               <tuple 134801597079824> is referred to by <OrderedDict 134801598261568> at keys [0m
[1m[31mE               <OrderedDict 134801598261568> is referred to by <function 134803784915584>._cache[0m
[1m[31mE               <function 134803784915584> is referred to by numpyro.infer.mcmc._collect_and_postprocess[0m
[1m[31mE               [0m
[1m[31mE               Traced<ShapedArray(float32[2])>with<DynamicJaxprTrace>[0m
[1m[31mE               The error occurred while tracing the function get_samples at 616/codebase/test/infer/test_mcmc.py:634 for jit. This concrete value was not available in Python because it depends on the values of the arguments rng_key, data, step_size, trajectory_length, and target_accept_prob.[0m
[1m[31mE               <DynamicJaxprTracer 134801582542432> is referred to by <HMCState 134801582777152>[6][0m
[1m[31mE               <HMCState 134801582777152> is referred to by <MCMC 134801597637184>._last_state[0m
[1m[31mE               <MCMC 134801597637184> is referred to by <function 134801582616672> (_postprocess_fn) closed-over variable self[0m
[1m[31mE               <function 134801582616672> is referred to by <partial 134801597092608>[0m
[1m[31mE               <partial 134801597092608> is referred to by <tuple 134801597079824>[0][0m
[1m[31mE               <tuple 134801597079824> is referred to by <OrderedDict 134801598261568> at keys [0m
[1m[31mE               <OrderedDict 134801598261568> is referred to by <function 134803784915584>._cache[0m
[1m[31mE               <function 134803784915584> is referred to by numpyro.infer.mcmc._collect_and_postprocess[0m
[1m[31mE               [0m
[1m[31mE               Traced<ShapedArray(float32[2])>with<DynamicJaxprTrace>[0m
[1m[31mE               The error occurred while tracing the function get_samples at 616/codebase/test/infer/test_mcmc.py:634 for jit. This concrete value was not available in Python because it depends on the values of the arguments rng_key, data, step_size, trajectory_length, and target_accept_prob.[0m
[1m[31mE               <DynamicJaxprTracer 134801582555072> is referred to by <HMCState 134801582777152>[4][0m
[1m[31mE               <HMCState 134801582777152> is referred to by <MCMC 134801597637184>._last_state[0m
[1m[31mE               <MCMC 134801597637184> is referred to by <function 134801582616672> (_postprocess_fn) closed-over variable self[0m
[1m[31mE               <function 134801582616672> is referred to by <partial 134801597092608>[0m
[1m[31mE               <partial 134801597092608> is referred to by <tuple 134801597079824>[0][0m
[1m[31mE               <tuple 134801597079824> is referred to by <OrderedDict 134801598261568> at keys [0m
[1m[31mE               <OrderedDict 134801598261568> is referred to by <function 134803784915584>._cache[0m
[1m[31mE               <function 134803784915584> is referred to by numpyro.infer.mcmc._collect_and_postprocess[0m
[1m[31mE               [0m
[1m[31mE               Traced<ShapedArray(float32[2])>with<DynamicJaxprTrace>[0m
[1m[31mE               The error occurred while tracing the function get_samples at 616/codebase/test/infer/test_mcmc.py:634 for jit. This concrete value was not available in Python because it depends on the values of the arguments rng_key, data, step_size, trajectory_length, and target_accept_prob.[0m
[1m[31mE               <DynamicJaxprTracer 134801582539632> is referred to by <HMCState 134801582777152>[3][0m
[1m[31mE               <HMCState 134801582777152> is referred to by <MCMC 134801597637184>._last_state[0m
[1m[31mE               <MCMC 134801597637184> is referred to by <function 134801582616672> (_postprocess_fn) closed-over variable self[0m
[1m[31mE               <function 134801582616672> is referred to by <partial 134801597092608>[0m
[1m[31mE               <partial 134801597092608> is referred to by <tuple 134801597079824>[0][0m
[1m[31mE               <tuple 134801597079824> is referred to by <OrderedDict 134801598261568> at keys [0m
[1m[31mE               <OrderedDict 134801598261568> is referred to by <function 134803784915584>._cache[0m
[1m[31mE               <function 134803784915584> is referred to by numpyro.infer.mcmc._collect_and_postprocess[0m
[1m[31mE               [0m
[1m[31mE               Traced<ShapedArray(int32[2])>with<DynamicJaxprTrace>[0m
[1m[31mE               The error occurred while tracing the function get_samples at 616/codebase/test/infer/test_mcmc.py:634 for jit. This concrete value was not available in Python because it depends on the values of the arguments rng_key, data, step_size, trajectory_length, and target_accept_prob.[0m
[1m[31mE               <DynamicJaxprTracer 134801582554032> is referred to by <HMCState 134801582777152>[0][0m
[1m[31mE               <HMCState 134801582777152> is referred to by <MCMC 134801597637184>._last_state[0m
[1m[31mE               <MCMC 134801597637184> is referred to by <function 134801582616672> (_postprocess_fn) closed-over variable self[0m
[1m[31mE               <function 134801582616672> is referred to by <partial 134801597092608>[0m
[1m[31mE               <partial 134801597092608> is referred to by <tuple 134801597079824>[0][0m
[1m[31mE               <tuple 134801597079824> is referred to by <OrderedDict 134801598261568> at keys [0m
[1m[31mE               <OrderedDict 134801598261568> is referred to by <function 134803784915584>._cache[0m
[1m[31mE               <function 134803784915584> is referred to by numpyro.infer.mcmc._collect_and_postprocess[0m
[1m[31mE               [0m
[1m[31mE               Traced<ShapedArray(float32[2,2000,3])>with<DynamicJaxprTrace>[0m
[1m[31mE               The error occurred while tracing the function get_samples at 616/codebase/test/infer/test_mcmc.py:634 for jit. This concrete value was not available in Python because it depends on the values of the arguments rng_key, data, step_size, trajectory_length, and target_accept_prob.[0m
[1m[31mE               <DynamicJaxprTracer 134801597091744> is referred to by <dict 134801595626496>['p_latent'][0m
[1m[31mE               <dict 134801595626496> is referred to by <dict 134801581477248>['z'][0m
[1m[31mE               <dict 134801581477248> is referred to by <MCMC 134801597637184>._states[0m
[1m[31mE               <MCMC 134801597637184> is referred to by <function 134801582616672> (_postprocess_fn) closed-over variable self[0m
[1m[31mE               <function 134801582616672> is referred to by <partial 134801597092608>[0m
[1m[31mE               <partial 134801597092608> is referred to by <tuple 134801597079824>[0][0m
[1m[31mE               <tuple 134801597079824> is referred to by <OrderedDict 134801598261568> at keys [0m
[1m[31mE               <OrderedDict 134801598261568> is referred to by <function 134803784915584>._cache[0m
[1m[31mE               <function 134803784915584> is referred to by numpyro.infer.mcmc._collect_and_postprocess[0m
[1m[31mE               [0m
[1m[31mE               Traced<ShapedArray(float32[4000,3])>with<DynamicJaxprTrace>[0m
[1m[31mE               The error occurred while tracing the function get_samples at 616/codebase/test/infer/test_mcmc.py:634 for jit. This concrete value was not available in Python because it depends on the values of the arguments rng_key, data, step_size, trajectory_length, and target_accept_prob.[0m
[1m[31mE               <DynamicJaxprTracer 134801583019728> is referred to by <dict 134801593765504>['p_latent'][0m
[1m[31mE               <dict 134801593765504> is referred to by <dict 134801581573568>['z'][0m
[1m[31mE               <dict 134801581573568> is referred to by <MCMC 134801597637184>._states_flat[0m
[1m[31mE               <MCMC 134801597637184> is referred to by <function 134801582616672> (_postprocess_fn) closed-over variable self[0m
[1m[31mE               <function 134801582616672> is referred to by <partial 134801597092608>[0m
[1m[31mE               <partial 134801597092608> is referred to by <tuple 134801597079824>[0][0m
[1m[31mE               <tuple 134801597079824> is referred to by <OrderedDict 134801598261568> at keys [0m
[1m[31mE               <OrderedDict 134801598261568> is referred to by <function 134803784915584>._cache[0m
[1m[31mE               <function 134803784915584> is referred to by numpyro.infer.mcmc._collect_and_postprocess[0m
[1m[31mE               [0m
[1m[31mE               Traced<ShapedArray(uint32[2,2])>with<DynamicJaxprTrace>[0m
[1m[31mE               The error occurred while tracing the function get_samples at 616/codebase/test/infer/test_mcmc.py:634 for jit. This concrete value was not available in Python because it depends on the values of the arguments rng_key, data, step_size, trajectory_length, and target_accept_prob.[0m
[1m[31mE               <DynamicJaxprTracer 134801597627472> is referred to by <HMCAdaptState 134801769621632>[7][0m
[1m[31mE               <HMCAdaptState 134801769621632> is referred to by <HMCState 134801582777152>[11][0m
[1m[31mE               <HMCState 134801582777152> is referred to by <MCMC 134801597637184>._last_state[0m
[1m[31mE               <MCMC 134801597637184> is referred to by <function 134801582616672> (_postprocess_fn) closed-over variable self[0m
[1m[31mE               <function 134801582616672> is referred to by <partial 134801597092608>[0m
[1m[31mE               <partial 134801597092608> is referred to by <tuple 134801597079824>[0][0m
[1m[31mE               <tuple 134801597079824> is referred to by <OrderedDict 134801598261568> at keys [0m
[1m[31mE               <OrderedDict 134801598261568> is referred to by <function 134803784915584>._cache[0m
[1m[31mE               <function 134803784915584> is referred to by numpyro.infer.mcmc._collect_and_postprocess[0m
[1m[31mE               [0m
[1m[31mE               Traced<ShapedArray(int32[2])>with<DynamicJaxprTrace>[0m
[1m[31mE               The error occurred while tracing the function get_samples at 616/codebase/test/infer/test_mcmc.py:634 for jit. This concrete value was not available in Python because it depends on the values of the arguments rng_key, data, step_size, trajectory_length, and target_accept_prob.[0m
[1m[31mE               <DynamicJaxprTracer 134801597624752> is referred to by <HMCAdaptState 134801769621632>[6][0m
[1m[31mE               <HMCAdaptState 134801769621632> is referred to by <HMCState 134801582777152>[11][0m
[1m[31mE               <HMCState 134801582777152> is referred to by <MCMC 134801597637184>._last_state[0m
[1m[31mE               <MCMC 134801597637184> is referred to by <function 134801582616672> (_postprocess_fn) closed-over variable self[0m
[1m[31mE               <function 134801582616672> is referred to by <partial 134801597092608>[0m
[1m[31mE               <partial 134801597092608> is referred to by <tuple 134801597079824>[0][0m
[1m[31mE               <tuple 134801597079824> is referred to by <OrderedDict 134801598261568> at keys [0m
[1m[31mE               <OrderedDict 134801598261568> is referred to by <function 134803784915584>._cache[0m
[1m[31mE               <function 134803784915584> is referred to by numpyro.infer.mcmc._collect_and_postprocess[0m
[1m[31mE               [0m
[1m[31mE               Traced<ShapedArray(float32[2])>with<DynamicJaxprTrace>[0m
[1m[31mE               The error occurred while tracing the function get_samples at 616/codebase/test/infer/test_mcmc.py:634 for jit. This concrete value was not available in Python because it depends on the values of the arguments rng_key, data, step_size, trajectory_length, and target_accept_prob.[0m
[1m[31mE               <DynamicJaxprTracer 134801582539792> is referred to by <HMCAdaptState 134801769621632>[0][0m
[1m[31mE               <HMCAdaptState 134801769621632> is referred to by <HMCState 134801582777152>[11][0m
[1m[31mE               <HMCState 134801582777152> is referred to by <MCMC 134801597637184>._last_state[0m
[1m[31mE               <MCMC 134801597637184> is referred to by <function 134801582616672> (_postprocess_fn) closed-over variable self[0m
[1m[31mE               <function 134801582616672> is referred to by <partial 134801597092608>[0m
[1m[31mE               <partial 134801597092608> is referred to by <tuple 134801597079824>[0][0m
[1m[31mE               <tuple 134801597079824> is referred to by <OrderedDict 134801598261568> at keys [0m
[1m[31mE               <OrderedDict 134801598261568> is referred to by <function 134803784915584>._cache[0m
[1m[31mE               <function 134803784915584> is referred to by numpyro.infer.mcmc._collect_and_postprocess[0m
[1m[31mE               [0m
[1m[31mE               Traced<ShapedArray(float32[2,2])>with<DynamicJaxprTrace>[0m
[1m[31mE               The error occurred while tracing the function get_samples at 616/codebase/test/infer/test_mcmc.py:634 for jit. This concrete value was not available in Python because it depends on the values of the arguments rng_key, data, step_size, trajectory_length, and target_accept_prob.[0m
[1m[31mE               <DynamicJaxprTracer 134801582541232> is referred to by <dict 134801582076480>['p_latent'][0m
[1m[31mE               <dict 134801582076480> is referred to by <HMCState 134801582777152>[2][0m
[1m[31mE               <HMCState 134801582777152> is referred to by <MCMC 134801597637184>._last_state[0m
[1m[31mE               <MCMC 134801597637184> is referred to by <function 134801582616672> (_postprocess_fn) closed-over variable self[0m
[1m[31mE               <function 134801582616672> is referred to by <partial 134801597092608>[0m
[1m[31mE               <partial 134801597092608> is referred to by <tuple 134801597079824>[0][0m
[1m[31mE               <tuple 134801597079824> is referred to by <OrderedDict 134801598261568> at keys [0m
[1m[31mE               <OrderedDict 134801598261568> is referred to by <function 134803784915584>._cache[0m
[1m[31mE               <function 134803784915584> is referred to by numpyro.infer.mcmc._collect_and_postprocess[0m
[1m[31mE               [0m
[1m[31mE               Traced<ShapedArray(float32[2,2])>with<DynamicJaxprTrace>[0m
[1m[31mE               The error occurred while tracing the function get_samples at 616/codebase/test/infer/test_mcmc.py:634 for jit. This concrete value was not available in Python because it depends on the values of the arguments rng_key, data, step_size, trajectory_length, and target_accept_prob.[0m
[1m[31mE               <DynamicJaxprTracer 134801582539072> is referred to by <dict 134801595625600>['p_latent'][0m
[1m[31mE               <dict 134801595625600> is referred to by <HMCState 134801582777152>[1][0m
[1m[31mE               <HMCState 134801582777152> is referred to by <MCMC 134801597637184>._last_state[0m
[1m[31mE               <MCMC 134801597637184> is referred to by <function 134801582616672> (_postprocess_fn) closed-over variable self[0m
[1m[31mE               <function 134801582616672> is referred to by <partial 134801597092608>[0m
[1m[31mE               <partial 134801597092608> is referred to by <tuple 134801597079824>[0][0m
[1m[31mE               <tuple 134801597079824> is referred to by <OrderedDict 134801598261568> at keys [0m
[1m[31mE               <OrderedDict 134801598261568> is referred to by <function 134803784915584>._cache[0m
[1m[31mE               <function 134803784915584> is referred to by numpyro.infer.mcmc._collect_and_postprocess[0m
[1m[31mE               [0m
[1m[31mE               Traced<ShapedArray(float32[2])>with<DynamicJaxprTrace>[0m
[1m[31mE               The error occurred while tracing the function get_samples at 616/codebase/test/infer/test_mcmc.py:634 for jit. This concrete value was not available in Python because it depends on the values of the arguments rng_key, data, step_size, trajectory_length, and target_accept_prob.[0m
[1m[31mE               <DynamicJaxprTracer 134801582552832> is referred to by <tuple 134801581631152>[4][0m
[1m[31mE               <tuple 134801581631152> is referred to by <HMCAdaptState 134801769621632>[4][0m
[1m[31mE               <HMCAdaptState 134801769621632> is referred to by <HMCState 134801582777152>[11][0m
[1m[31mE               <HMCState 134801582777152> is referred to by <MCMC 134801597637184>._last_state[0m
[1m[31mE               <MCMC 134801597637184> is referred to by <function 134801582616672> (_postprocess_fn) closed-over variable self[0m
[1m[31mE               <function 134801582616672> is referred to by <partial 134801597092608>[0m
[1m[31mE               <partial 134801597092608> is referred to by <tuple 134801597079824>[0][0m
[1m[31mE               <tuple 134801597079824> is referred to by <OrderedDict 134801598261568> at keys [0m
[1m[31mE               <OrderedDict 134801598261568> is referred to by <function 134803784915584>._cache[0m
[1m[31mE               <function 134803784915584> is referred to by numpyro.infer.mcmc._collect_and_postprocess[0m
[1m[31mE               [0m
[1m[31mE               Traced<ShapedArray(int32[2])>with<DynamicJaxprTrace>[0m
[1m[31mE               The error occurred while tracing the function get_samples at 616/codebase/test/infer/test_mcmc.py:634 for jit. This concrete value was not available in Python because it depends on the values of the arguments rng_key, data, step_size, trajectory_length, and target_accept_prob.[0m
[1m[31mE               <DynamicJaxprTracer 134801582552032> is referred to by <tuple 134801581631152>[3][0m
[1m[31mE               <tuple 134801581631152> is referred to by <HMCAdaptState 134801769621632>[4][0m
[1m[31mE               <HMCAdaptState 134801769621632> is referred to by <HMCState 134801582777152>[11][0m
[1m[31mE               <HMCState 134801582777152> is referred to by <MCMC 134801597637184>._last_state[0m
[1m[31mE               <MCMC 134801597637184> is referred to by <function 134801582616672> (_postprocess_fn) closed-over variable self[0m
[1m[31mE               <function 134801582616672> is referred to by <partial 134801597092608>[0m
[1m[31mE               <partial 134801597092608> is referred to by <tuple 134801597079824>[0][0m
[1m[31mE               <tuple 134801597079824> is referred to by <OrderedDict 134801598261568> at keys [0m
[1m[31mE               <OrderedDict 134801598261568> is referred to by <function 134803784915584>._cache[0m
[1m[31mE               <function 134803784915584> is referred to by numpyro.infer.mcmc._collect_and_postprocess[0m
[1m[31mE               [0m
[1m[31mE               Traced<ShapedArray(float32[2])>with<DynamicJaxprTrace>[0m
[1m[31mE               The error occurred while tracing the function get_samples at 616/codebase/test/infer/test_mcmc.py:634 for jit. This concrete value was not available in Python because it depends on the values of the arguments rng_key, data, step_size, trajectory_length, and target_accept_prob.[0m
[1m[31mE               <DynamicJaxprTracer 134801582552352> is referred to by <tuple 134801581631152>[2][0m
[1m[31mE               <tuple 134801581631152> is referred to by <HMCAdaptState 134801769621632>[4][0m
[1m[31mE               <HMCAdaptState 134801769621632> is referred to by <HMCState 134801582777152>[11][0m
[1m[31mE               <HMCState 134801582777152> is referred to by <MCMC 134801597637184>._last_state[0m
[1m[31mE               <MCMC 134801597637184> is referred to by <function 134801582616672> (_postprocess_fn) closed-over variable self[0m
[1m[31mE               <function 134801582616672> is referred to by <partial 134801597092608>[0m
[1m[31mE               <partial 134801597092608> is referred to by <tuple 134801597079824>[0][0m
[1m[31mE               <tuple 134801597079824> is referred to by <OrderedDict 134801598261568> at keys [0m
[1m[31mE               <OrderedDict 134801598261568> is referred to by <function 134803784915584>._cache[0m
[1m[31mE               <function 134803784915584> is referred to by numpyro.infer.mcmc._collect_and_postprocess[0m
[1m[31mE               [0m
[1m[31mE               Traced<ShapedArray(float32[2])>with<DynamicJaxprTrace>[0m
[1m[31mE               The error occurred while tracing the function get_samples at 616/codebase/test/infer/test_mcmc.py:634 for jit. This concrete value was not available in Python because it depends on the values of the arguments rng_key, data, step_size, trajectory_length, and target_accept_prob.[0m
[1m[31mE               <DynamicJaxprTracer 134801582540592> is referred to by <tuple 134801581631152>[1][0m
[1m[31mE               <tuple 134801581631152> is referred to by <HMCAdaptState 134801769621632>[4][0m
[1m[31mE               <HMCAdaptState 134801769621632> is referred to by <HMCState 134801582777152>[11][0m
[1m[31mE               <HMCState 134801582777152> is referred to by <MCMC 134801597637184>._last_state[0m
[1m[31mE               <MCMC 134801597637184> is referred to by <function 134801582616672> (_postprocess_fn) closed-over variable self[0m
[1m[31mE               <function 134801582616672> is referred to by <partial 134801597092608>[0m
[1m[31mE               <partial 134801597092608> is referred to by <tuple 134801597079824>[0][0m
[1m[31mE               <tuple 134801597079824> is referred to by <OrderedDict 134801598261568> at keys [0m
[1m[31mE               <OrderedDict 134801598261568> is referred to by <function 134803784915584>._cache[0m
[1m[31mE               <function 134803784915584> is referred to by numpyro.infer.mcmc._collect_and_postprocess[0m
[1m[31mE               [0m
[1m[31mE               Traced<ShapedArray(float32[2])>with<DynamicJaxprTrace>[0m
[1m[31mE               The error occurred while tracing the function get_samples at 616/codebase/test/infer/test_mcmc.py:634 for jit. This concrete value was not available in Python because it depends on the values of the arguments rng_key, data, step_size, trajectory_length, and target_accept_prob.[0m
[1m[31mE               <DynamicJaxprTracer 134801582542832> is referred to by <tuple 134801581631152>[0][0m
[1m[31mE               <tuple 134801581631152> is referred to by <HMCAdaptState 134801769621632>[4][0m
[1m[31mE               <HMCAdaptState 134801769621632> is referred to by <HMCState 134801582777152>[11][0m
[1m[31mE               <HMCState 134801582777152> is referred to by <MCMC 134801597637184>._last_state[0m
[1m[31mE               <MCMC 134801597637184> is referred to by <function 134801582616672> (_postprocess_fn) closed-over variable self[0m
[1m[31mE               <function 134801582616672> is referred to by <partial 134801597092608>[0m
[1m[31mE               <partial 134801597092608> is referred to by <tuple 134801597079824>[0][0m
[1m[31mE               <tuple 134801597079824> is referred to by <OrderedDict 134801598261568> at keys [0m
[1m[31mE               <OrderedDict 134801598261568> is referred to by <function 134803784915584>._cache[0m
[1m[31mE               <function 134803784915584> is referred to by numpyro.infer.mcmc._collect_and_postprocess[0m
[1m[31mE               [0m
[1m[31mE               Traced<ShapedArray(float32[2,2])>with<DynamicJaxprTrace>[0m
[1m[31mE               The error occurred while tracing the function get_samples at 616/codebase/test/infer/test_mcmc.py:634 for jit. This concrete value was not available in Python because it depends on the values of the arguments rng_key, data, step_size, trajectory_length, and target_accept_prob.[0m
[1m[31mE               <DynamicJaxprTracer 134801582551952> is referred to by <dict 134801595418560>[('p_latent',)][0m
[1m[31mE               <dict 134801595418560> is referred to by <HMCAdaptState 134801769621632>[3][0m
[1m[31mE               <HMCAdaptState 134801769621632> is referred to by <HMCState 134801582777152>[11][0m
[1m[31mE               <HMCState 134801582777152> is referred to by <MCMC 134801597637184>._last_state[0m
[1m[31mE               <MCMC 134801597637184> is referred to by <function 134801582616672> (_postprocess_fn) closed-over variable self[0m
[1m[31mE               <function 134801582616672> is referred to by <partial 134801597092608>[0m
[1m[31mE               <partial 134801597092608> is referred to by <tuple 134801597079824>[0][0m
[1m[31mE               <tuple 134801597079824> is referred to by <OrderedDict 134801598261568> at keys [0m
[1m[31mE               <OrderedDict 134801598261568> is referred to by <function 134803784915584>._cache[0m
[1m[31mE               <function 134803784915584> is referred to by numpyro.infer.mcmc._collect_and_postprocess[0m
[1m[31mE               [0m
[1m[31mE               Traced<ShapedArray(float32[2,2])>with<DynamicJaxprTrace>[0m
[1m[31mE               The error occurred while tracing the function get_samples at 616/codebase/test/infer/test_mcmc.py:634 for jit. This concrete value was not available in Python because it depends on the values of the arguments rng_key, data, step_size, trajectory_length, and target_accept_prob.[0m
[1m[31mE               <DynamicJaxprTracer 134801582538992> is referred to by <dict 134801595422144>[('p_latent',)][0m
[1m[31mE               <dict 134801595422144> is referred to by <HMCAdaptState 134801769621632>[2][0m
[1m[31mE               <HMCAdaptState 134801769621632> is referred to by <HMCState 134801582777152>[11][0m
[1m[31mE               <HMCState 134801582777152> is referred to by <MCMC 134801597637184>._last_state[0m
[1m[31mE               <MCMC 134801597637184> is referred to by <function 134801582616672> (_postprocess_fn) closed-over variable self[0m
[1m[31mE               <function 134801582616672> is referred to by <partial 134801597092608>[0m
[1m[31mE               <partial 134801597092608> is referred to by <tuple 134801597079824>[0][0m
[1m[31mE               <tuple 134801597079824> is referred to by <OrderedDict 134801598261568> at keys [0m
[1m[31mE               <OrderedDict 134801598261568> is referred to by <function 134803784915584>._cache[0m
[1m[31mE               <function 134803784915584> is referred to by numpyro.infer.mcmc._collect_and_postprocess[0m
[1m[31mE               [0m
[1m[31mE               Traced<ShapedArray(float32[2,2])>with<DynamicJaxprTrace>[0m
[1m[31mE               The error occurred while tracing the function get_samples at 616/codebase/test/infer/test_mcmc.py:634 for jit. This concrete value was not available in Python because it depends on the values of the arguments rng_key, data, step_size, trajectory_length, and target_accept_prob.[0m
[1m[31mE               <DynamicJaxprTracer 134801582544352> is referred to by <dict 134801595348480>[('p_latent',)][0m
[1m[31mE               <dict 134801595348480> is referred to by <HMCAdaptState 134801769621632>[1][0m
[1m[31mE               <HMCAdaptState 134801769621632> is referred to by <HMCState 134801582777152>[11][0m
[1m[31mE               <HMCState 134801582777152> is referred to by <MCMC 134801597637184>._last_state[0m
[1m[31mE               <MCMC 134801597637184> is referred to by <function 134801582616672> (_postprocess_fn) closed-over variable self[0m
[1m[31mE               <function 134801582616672> is referred to by <partial 134801597092608>[0m
[1m[31mE               <partial 134801597092608> is referred to by <tuple 134801597079824>[0][0m
[1m[31mE               <tuple 134801597079824> is referred to by <OrderedDict 134801598261568> at keys [0m
[1m[31mE               <OrderedDict 134801598261568> is referred to by <function 134803784915584>._cache[0m
[1m[31mE               <function 134803784915584> is referred to by numpyro.infer.mcmc._collect_and_postprocess[0m
[1m[31mE               [0m
[1m[31mE               Traced<ShapedArray(int32[2])>with<DynamicJaxprTrace>[0m
[1m[31mE               The error occurred while tracing the function get_samples at 616/codebase/test/infer/test_mcmc.py:634 for jit. This concrete value was not available in Python because it depends on the values of the arguments rng_key, data, step_size, trajectory_length, and target_accept_prob.[0m
[1m[31mE               <DynamicJaxprTracer 134801582553472> is referred to by <tuple 134801769528320>[2][0m
[1m[31mE               <tuple 134801769528320> is referred to by <dict 134801595372800>[('p_latent',)][0m
[1m[31mE               <dict 134801595372800> is referred to by <HMCAdaptState 134801769621632>[5][0m
[1m[31mE               <HMCAdaptState 134801769621632> is referred to by <HMCState 134801582777152>[11][0m
[1m[31mE               <HMCState 134801582777152> is referred to by <MCMC 134801597637184>._last_state[0m
[1m[31mE               <MCMC 134801597637184> is referred to by <function 134801582616672> (_postprocess_fn) closed-over variable self[0m
[1m[31mE               <function 134801582616672> is referred to by <partial 134801597092608>[0m
[1m[31mE               <partial 134801597092608> is referred to by <tuple 134801597079824>[0][0m
[1m[31mE               <tuple 134801597079824> is referred to by <OrderedDict 134801598261568> at keys [0m
[1m[31mE               <OrderedDict 134801598261568> is referred to by <function 134803784915584>._cache[0m
[1m[31mE               <function 134803784915584> is referred to by numpyro.infer.mcmc._collect_and_postprocess[0m
[1m[31mE               [0m
[1m[31mE               Traced<ShapedArray(float32[2,2])>with<DynamicJaxprTrace>[0m
[1m[31mE               The error occurred while tracing the function get_samples at 616/codebase/test/infer/test_mcmc.py:634 for jit. This concrete value was not available in Python because it depends on the values of the arguments rng_key, data, step_size, trajectory_length, and target_accept_prob.[0m
[1m[31mE               <DynamicJaxprTracer 134801582552672> is referred to by <tuple 134801769528320>[1][0m
[1m[31mE               <tuple 134801769528320> is referred to by <dict 134801595372800>[('p_latent',)][0m
[1m[31mE               <dict 134801595372800> is referred to by <HMCAdaptState 134801769621632>[5][0m
[1m[31mE               <HMCAdaptState 134801769621632> is referred to by <HMCState 134801582777152>[11][0m
[1m[31mE               <HMCState 134801582777152> is referred to by <MCMC 134801597637184>._last_state[0m
[1m[31mE               <MCMC 134801597637184> is referred to by <function 134801582616672> (_postprocess_fn) closed-over variable self[0m
[1m[31mE               <function 134801582616672> is referred to by <partial 134801597092608>[0m
[1m[31mE               <partial 134801597092608> is referred to by <tuple 134801597079824>[0][0m
[1m[31mE               <tuple 134801597079824> is referred to by <OrderedDict 134801598261568> at keys [0m
[1m[31mE               <OrderedDict 134801598261568> is referred to by <function 134803784915584>._cache[0m
[1m[31mE               <function 134803784915584> is referred to by numpyro.infer.mcmc._collect_and_postprocess[0m
[1m[31mE               [0m
[1m[31mE               Traced<ShapedArray(float32[2,2])>with<DynamicJaxprTrace>[0m
[1m[31mE               The error occurred while tracing the function get_samples at 616/codebase/test/infer/test_mcmc.py:634 for jit. This concrete value was not available in Python because it depends on the values of the arguments rng_key, data, step_size, trajectory_length, and target_accept_prob.[0m
[1m[31mE               <DynamicJaxprTracer 134801582554832> is referred to by <tuple 134801769528320>[0][0m
[1m[31mE               <tuple 134801769528320> is referred to by <dict 134801595372800>[('p_latent',)][0m
[1m[31mE               <dict 134801595372800> is referred to by <HMCAdaptState 134801769621632>[5][0m
[1m[31mE               <HMCAdaptState 134801769621632> is referred to by <HMCState 134801582777152>[11][0m
[1m[31mE               <HMCState 134801582777152> is referred to by <MCMC 134801597637184>._last_state[0m
[1m[31mE               <MCMC 134801597637184> is referred to by <function 134801582616672> (_postprocess_fn) closed-over variable self[0m
[1m[31mE               <function 134801582616672> is referred to by <partial 134801597092608>[0m
[1m[31mE               <partial 134801597092608> is referred to by <tuple 134801597079824>[0][0m
[1m[31mE               <tuple 134801597079824> is referred to by <OrderedDict 134801598261568> at keys [0m
[1m[31mE               <OrderedDict 134801598261568> is referred to by <function 134803784915584>._cache[0m
[1m[31mE               <function 134803784915584> is referred to by numpyro.infer.mcmc._collect_and_postprocess[0m
[1m[31mE               [0m
[1m[31mE               --------------------[0m
[1m[31mE               For simplicity, JAX has removed its internal frames from the traceback of the following exception. Set JAX_TRACEBACK_FILTERING=off to include these.[0m

[1m[31m/usr/lib/python3.12/contextlib.py[0m:144: Exception
[36m[1m=========================== short test summary info ============================[0m
[31mFAILED[0m codebase/test/infer/test_mcmc.py::[1mtest_chain_inside_jit[sequential-HMC][0m - Exception: Leaked trace DynamicJaxprTrace. Leaked tracer(s):

Traced<ShapedArray(float32[], weak_type=True)>with<DynamicJaxprTrace>
The error occurred while tracing the function get_samples at 616/codebase/test/infer/test_mcmc.py:634 for jit. This concrete value was not available in Python because it depends on the value of the argument target_accept_prob.
<DynamicJaxprTracer 134801710367520> is referred to by <list 134801597453184>[2]
<list 134801597453184> is referred to by <PjitParams 134801598973504>[0]
<PjitParams 134801598973504> is referred to by <InferParamsCacheEntry 134801598641680>

Traced<ShapedArray(int32[2000])>with<DynamicJaxprTrace>
The error occurred while tracing the function get_samples at 616/codebase/test/infer/test_mcmc.py:634 for jit. This concrete value was not available in Python because it depends on the value of the argument data.
<DynamicJaxprTracer 134801710367280> is referred to by <list 134801597453184>[1]
<list 134801597453184> is referred to by <PjitParams 134801598973504>[0]
<PjitParams 134801598973504> is referred to by <InferParamsCacheEntry 134801598641680>

Traced<ShapedArray(float32[], weak_type=True)>with<DynamicJaxprTrace>
The error occurred while tracing the function get_samples at 616/codebase/test/infer/test_mcmc.py:634 for jit. This concrete value was not available in Python because it depends on the value of the argument step_size.
<DynamicJaxprTracer 134801710367360> is referred to by <HMC 134801709938496>._step_size
<HMC 134801709938496> is referred to by <dict 134801598198528>['sampler']
<dict 134801598198528> is referred to by <partial 134801599755936>
<partial 134801599755936> is referred to by <tuple 134801599306496>[0]
<tuple 134801599306496> is referred to by <OrderedDict 134801598259136> at keys 
<OrderedDict 134801598259136> is referred to by <function 134803789265664>._cache
<function 134803789265664> is referred to by numpyro.util.fori_collect

Traced<ShapedArray(float32[], weak_type=True)>with<DynamicJaxprTrace>
The error occurred while tracing the function get_samples at 616/codebase/test/infer/test_mcmc.py:634 for jit. This concrete value was not available in Python because it depends on the value of the argument trajectory_length.
<DynamicJaxprTracer 134801710367440> is referred to by <HMC 134801709938496>._trajectory_length
<HMC 134801709938496> is referred to by <dict 134801598198528>['sampler']
<dict 134801598198528> is referred to by <partial 134801599755936>
<partial 134801599755936> is referred to by <tuple 134801599306496>[0]
<tuple 134801599306496> is referred to by <OrderedDict 134801598259136> at keys 
<OrderedDict 134801598259136> is referred to by <function 134803789265664>._cache
<function 134803789265664> is referred to by numpyro.util.fori_collect

Traced<ShapedArray(bool[2,2000])>with<DynamicJaxprTrace>
The error occurred while tracing the function get_samples at 616/codebase/test/infer/test_mcmc.py:634 for jit. This concrete value was not available in Python because it depends on the values of the arguments rng_key, data, step_size, trajectory_length, and target_accept_prob.
<DynamicJaxprTracer 134801597612112> is referred to by <dict 134801597591808>['diverging']
<dict 134801597591808> is referred to by <MCMC 134801709938832>._states
<MCMC 134801709938832> is referred to by <function 134801710131264> (_postprocess_fn) closed-over variable self
<function 134801710131264> is referred to by <partial 134801599408512>
<partial 134801599408512> is referred to by <function 134801598418272> (collect_and_postprocess) closed-over variable postprocess_fn
<function 134801598418272> is referred to by <OrderedDict 134801598261568>[(functools.partial(<function MCMC._get_cached_fns.<locals>._postprocess_fn at 0x7a99f80c2840>, args=(Traced<ShapedArray(int32[2000])>with<DynamicJaxprTrace>,), kwargs={}), ('z', 'diverging'), (), 'collect_and_postprocess')]
<OrderedDict 134801598261568> is referred to by <function 134803784915584>._cache
<function 134803784915584> is referred to by numpyro.infer.mcmc._collect_and_postprocess

Traced<ShapedArray(bool[4000])>with<DynamicJaxprTrace>
The error occurred while tracing the function get_samples at 616/codebase/test/infer/test_mcmc.py:634 for jit. This concrete value was not available in Python because it depends on the values of the arguments rng_key, data, step_size, trajectory_length, and target_accept_prob.
<DynamicJaxprTracer 134801710370720> is referred to by <dict 134801710232448>['diverging']
<dict 134801710232448> is referred to by <MCMC 134801709938832>._states_flat
<MCMC 134801709938832> is referred to by <function 134801710131264> (_postprocess_fn) closed-over variable self
<function 134801710131264> is referred to by <partial 134801599408512>
<partial 134801599408512> is referred to by <function 134801598418272> (collect_and_postprocess) closed-over variable postprocess_fn
<function 134801598418272> is referred to by <OrderedDict 134801598261568>[(functools.partial(<function MCMC._get_cached_fns.<locals>._postprocess_fn at 0x7a99f80c2840>, args=(Traced<ShapedArray(int32[2000])>with<DynamicJaxprTrace>,), kwargs={}), ('z', 'diverging'), (), 'collect_and_postprocess')]
<OrderedDict 134801598261568> is referred to by <function 134803784915584>._cache
<function 134803784915584> is referred to by numpyro.infer.mcmc._collect_and_postprocess

Traced<ShapedArray(uint32[2,2])>with<DynamicJaxprTrace>
The error occurred while tracing the function get_samples at 616/codebase/test/infer/test_mcmc.py:634 for jit. This concrete value was not available in Python because it depends on the values of the arguments rng_key, data, step_size, trajectory_length, and target_accept_prob.
<DynamicJaxprTracer 134801597622672> is referred to by <HMCState 134801710307328>[12]
<HMCState 134801710307328> is referred to by <MCMC 134801709938832>._last_state
<MCMC 134801709938832> is referred to by <function 134801710131264> (_postprocess_fn) closed-over variable self
<function 134801710131264> is referred to by <partial 134801599408512>
<partial 134801599408512> is referred to by <function 134801598418272> (collect_and_postprocess) closed-over variable postprocess_fn
<function 134801598418272> is referred to by <OrderedDict 134801598261568>[(functools.partial(<function MCMC._get_cached_fns.<locals>._postprocess_fn at 0x7a99f80c2840>, args=(Traced<ShapedArray(int32[2000])>with<DynamicJaxprTrace>,), kwargs={}), ('z', 'diverging'), (), 'collect_and_postprocess')]
<OrderedDict 134801598261568> is referred to by <function 134803784915584>._cache
<function 134803784915584> is referred to by numpyro.infer.mcmc._collect_and_postprocess

Traced<ShapedArray(bool[2])>with<DynamicJaxprTrace>
The error occurred while tracing the function get_samples at 616/codebase/test/infer/test_mcmc.py:634 for jit. This concrete value was not available in Python because it depends on the values of the arguments rng_key, data, step_size, trajectory_length, and target_accept_prob.
<DynamicJaxprTracer 134801597617072> is referred to by <HMCState 134801710307328>[10]
<HMCState 134801710307328> is referred to by <MCMC 134801709938832>._last_state
<MCMC 134801709938832> is referred to by <function 134801710131264> (_postprocess_fn) closed-over variable self
<function 134801710131264> is referred to by <partial 134801599408512>
<partial 134801599408512> is referred to by <function 134801598418272> (collect_and_postprocess) closed-over variable postprocess_fn
<function 134801598418272> is referred to by <OrderedDict 134801598261568>[(functools.partial(<function MCMC._get_cached_fns.<locals>._postprocess_fn at 0x7a99f80c2840>, args=(Traced<ShapedArray(int32[2000])>with<DynamicJaxprTrace>,), kwargs={}), ('z', 'diverging'), (), 'collect_and_postprocess')]
<OrderedDict 134801598261568> is referred to by <function 134803784915584>._cache
<function 134803784915584> is referred to by numpyro.infer.mcmc._collect_and_postprocess

Traced<ShapedArray(float32[2])>with<DynamicJaxprTrace>
The error occurred while tracing the function get_samples at 616/codebase/test/infer/test_mcmc.py:634 for jit. This concrete value was not available in Python because it depends on the values of the arguments rng_key, data, step_size, trajectory_length, and target_accept_prob.
<DynamicJaxprTracer 134801597615392> is referred to by <HMCState 134801710307328>[9]
<HMCState 134801710307328> is referred to by <MCMC 134801709938832>._last_state
<MCMC 134801709938832> is referred to by <function 134801710131264> (_postprocess_fn) closed-over variable self
<function 134801710131264> is referred to by <partial 134801599408512>
<partial 134801599408512> is referred to by <function 134801598418272> (collect_and_postprocess) closed-over variable postprocess_fn
<function 134801598418272> is referred to by <OrderedDict 134801598261568>[(functools.partial(<function MCMC._get_cached_fns.<locals>._postprocess_fn at 0x7a99f80c2840>, args=(Traced<ShapedArray(int32[2000])>with<DynamicJaxprTrace>,), kwargs={}), ('z', 'diverging'), (), 'collect_and_postprocess')]
<OrderedDict 134801598261568> is referred to by <function 134803784915584>._cache
<function 134803784915584> is referred to by numpyro.infer.mcmc._collect_and_postprocess

Traced<ShapedArray(float32[2])>with<DynamicJaxprTrace>
The error occurred while tracing the function get_samples at 616/codebase/test/infer/test_mcmc.py:634 for jit. This concrete value was not available in Python because it depends on the values of the arguments rng_key, data, step_size, trajectory_length, and target_accept_prob.
<DynamicJaxprTracer 134801597615552> is referred to by <HMCState 134801710307328>[8]
<HMCState 134801710307328> is referred to by <MCMC 134801709938832>._last_state
<MCMC 134801709938832> is referred to by <function 134801710131264> (_postprocess_fn) closed-over variable self
<function 134801710131264> is referred to by <partial 134801599408512>
<partial 134801599408512> is referred to by <function 134801598418272> (collect_and_postprocess) closed-over variable postprocess_fn
<function 134801598418272> is referred to by <OrderedDict 134801598261568>[(functools.partial(<function MCMC._get_cached_fns.<locals>._postprocess_fn at 0x7a99f80c2840>, args=(Traced<ShapedArray(int32[2000])>with<DynamicJaxprTrace>,), kwargs={}), ('z', 'diverging'), (), 'collect_and_postprocess')]
<OrderedDict 134801598261568> is referred to by <function 134803784915584>._cache
<function 134803784915584> is referred to by numpyro.infer.mcmc._collect_and_postprocess

Traced<ShapedArray(int32[2])>with<DynamicJaxprTrace>
The error occurred while tracing the function get_samples at 616/codebase/test/infer/test_mcmc.py:634 for jit. This concrete value was not available in Python because it depends on the values of the arguments rng_key, data, step_size, trajectory_length, and target_accept_prob.
<DynamicJaxprTracer 134801597614512> is referred to by <HMCState 134801710307328>[7]
<HMCState 134801710307328> is referred to by <MCMC 134801709938832>._last_state
<MCMC 134801709938832> is referred to by <function 134801710131264> (_postprocess_fn) closed-over variable self
<function 134801710131264> is referred to by <partial 134801599408512>
<partial 134801599408512> is referred to by <function 134801598418272> (collect_and_postprocess) closed-over variable postprocess_fn
<function 134801598418272> is referred to by <OrderedDict 134801598261568>[(functools.partial(<function MCMC._get_cached_fns.<locals>._postprocess_fn at 0x7a99f80c2840>, args=(Traced<ShapedArray(int32[2000])>with<DynamicJaxprTrace>,), kwargs={}), ('z', 'diverging'), (), 'collect_and_postprocess')]
<OrderedDict 134801598261568> is referred to by <function 134803784915584>._cache
<function 134803784915584> is referred to by numpyro.infer.mcmc._collect_and_postprocess

Traced<ShapedArray(float32[2])>with<DynamicJaxprTrace>
The error occurred while tracing the function get_samples at 616/codebase/test/infer/test_mcmc.py:634 for jit. This concrete value was not available in Python because it depends on the values of the arguments rng_key, data, step_size, trajectory_length, and target_accept_prob.
<DynamicJaxprTracer 134801597614432> is referred to by <HMCState 134801710307328>[6]
<HMCState 134801710307328> is referred to by <MCMC 134801709938832>._last_state
<MCMC 134801709938832> is referred to by <function 134801710131264> (_postprocess_fn) closed-over variable self
<function 134801710131264> is referred to by <partial 134801599408512>
<partial 134801599408512> is referred to by <function 134801598418272> (collect_and_postprocess) closed-over variable postprocess_fn
<function 134801598418272> is referred to by <OrderedDict 134801598261568>[(functools.partial(<function MCMC._get_cached_fns.<locals>._postprocess_fn at 0x7a99f80c2840>, args=(Traced<ShapedArray(int32[2000])>with<DynamicJaxprTrace>,), kwargs={}), ('z', 'diverging'), (), 'collect_and_postprocess')]
<OrderedDict 134801598261568> is referred to by <function 134803784915584>._cache
<function 134803784915584> is referred to by numpyro.infer.mcmc._collect_and_postprocess

Traced<ShapedArray(float32[2])>with<DynamicJaxprTrace>
The error occurred while tracing the function get_samples at 616/codebase/test/infer/test_mcmc.py:634 for jit. This concrete value was not available in Python because it depends on the values of the arguments rng_key, data, step_size, trajectory_length, and target_accept_prob.
<DynamicJaxprTracer 134801597612832> is referred to by <HMCState 134801710307328>[4]
<HMCState 134801710307328> is referred to by <MCMC 134801709938832>._last_state
<MCMC 134801709938832> is referred to by <function 134801710131264> (_postprocess_fn) closed-over variable self
<function 134801710131264> is referred to by <partial 134801599408512>
<partial 134801599408512> is referred to by <function 134801598418272> (collect_and_postprocess) closed-over variable postprocess_fn
<function 134801598418272> is referred to by <OrderedDict 134801598261568>[(functools.partial(<function MCMC._get_cached_fns.<locals>._postprocess_fn at 0x7a99f80c2840>, args=(Traced<ShapedArray(int32[2000])>with<DynamicJaxprTrace>,), kwargs={}), ('z', 'diverging'), (), 'collect_and_postprocess')]
<OrderedDict 134801598261568> is referred to by <function 134803784915584>._cache
<function 134803784915584> is referred to by numpyro.infer.mcmc._collect_and_postprocess

Traced<ShapedArray(float32[2])>with<DynamicJaxprTrace>
The error occurred while tracing the function get_samples at 616/codebase/test/infer/test_mcmc.py:634 for jit. This concrete value was not available in Python because it depends on the values of the arguments rng_key, data, step_size, trajectory_length, and target_accept_prob.
<DynamicJaxprTracer 134801597612752> is referred to by <HMCState 134801710307328>[3]
<HMCState 134801710307328> is referred to by <MCMC 134801709938832>._last_state
<MCMC 134801709938832> is referred to by <function 134801710131264> (_postprocess_fn) closed-over variable self
<function 134801710131264> is referred to by <partial 134801599408512>
<partial 134801599408512> is referred to by <function 134801598418272> (collect_and_postprocess) closed-over variable postprocess_fn
<function 134801598418272> is referred to by <OrderedDict 134801598261568>[(functools.partial(<function MCMC._get_cached_fns.<locals>._postprocess_fn at 0x7a99f80c2840>, args=(Traced<ShapedArray(int32[2000])>with<DynamicJaxprTrace>,), kwargs={}), ('z', 'diverging'), (), 'collect_and_postprocess')]
<OrderedDict 134801598261568> is referred to by <function 134803784915584>._cache
<function 134803784915584> is referred to by numpyro.infer.mcmc._collect_and_postprocess

Traced<ShapedArray(int32[2])>with<DynamicJaxprTrace>
The error occurred while tracing the function get_samples at 616/codebase/test/infer/test_mcmc.py:634 for jit. This concrete value was not available in Python because it depends on the values of the arguments rng_key, data, step_size, trajectory_length, and target_accept_prob.
<DynamicJaxprTracer 134801597625472> is referred to by <HMCState 134801710307328>[0]
<HMCState 134801710307328> is referred to by <MCMC 134801709938832>._last_state
<MCMC 134801709938832> is referred to by <function 134801710131264> (_postprocess_fn) closed-over variable self
<function 134801710131264> is referred to by <partial 134801599408512>
<partial 134801599408512> is referred to by <function 134801598418272> (collect_and_postprocess) closed-over variable postprocess_fn
<function 134801598418272> is referred to by <OrderedDict 134801598261568>[(functools.partial(<function MCMC._get_cached_fns.<locals>._postprocess_fn at 0x7a99f80c2840>, args=(Traced<ShapedArray(int32[2000])>with<DynamicJaxprTrace>,), kwargs={}), ('z', 'diverging'), (), 'collect_and_postprocess')]
<OrderedDict 134801598261568> is referred to by <function 134803784915584>._cache
<function 134803784915584> is referred to by numpyro.infer.mcmc._collect_and_postprocess

Traced<ShapedArray(float32[2,2000,3])>with<DynamicJaxprTrace>
The error occurred while tracing the function get_samples at 616/codebase/test/infer/test_mcmc.py:634 for jit. This concrete value was not available in Python because it depends on the values of the arguments rng_key, data, step_size, trajectory_length, and target_accept_prob.
<DynamicJaxprTracer 134801597624592> is referred to by <dict 134801597675328>['p_latent']
<dict 134801597675328> is referred to by <dict 134801597591808>['z']
<dict 134801597591808> is referred to by <MCMC 134801709938832>._states
<MCMC 134801709938832> is referred to by <function 134801710131264> (_postprocess_fn) closed-over variable self
<function 134801710131264> is referred to by <partial 134801599408512>
<partial 134801599408512> is referred to by <function 134801598418272> (collect_and_postprocess) closed-over variable postprocess_fn
<function 134801598418272> is referred to by <OrderedDict 134801598261568>[(functools.partial(<function MCMC._get_cached_fns.<locals>._postprocess_fn at 0x7a99f80c2840>, args=(Traced<ShapedArray(int32[2000])>with<DynamicJaxprTrace>,), kwargs={}), ('z', 'diverging'), (), 'collect_and_postprocess')]
<OrderedDict 134801598261568> is referred to by <function 134803784915584>._cache
<function 134803784915584> is referred to by numpyro.infer.mcmc._collect_and_postprocess

Traced<ShapedArray(float32[4000,3])>with<DynamicJaxprTrace>
The error occurred while tracing the function get_samples at 616/codebase/test/infer/test_mcmc.py:634 for jit. This concrete value was not available in Python because it depends on the values of the arguments rng_key, data, step_size, trajectory_length, and target_accept_prob.
<DynamicJaxprTracer 134801597624032> is referred to by <dict 134801710388416>['p_latent']
<dict 134801710388416> is referred to by <dict 134801710232448>['z']
<dict 134801710232448> is referred to by <MCMC 134801709938832>._states_flat
<MCMC 134801709938832> is referred to by <function 134801710131264> (_postprocess_fn) closed-over variable self
<function 134801710131264> is referred to by <partial 134801599408512>
<partial 134801599408512> is referred to by <function 134801598418272> (collect_and_postprocess) closed-over variable postprocess_fn
<function 134801598418272> is referred to by <OrderedDict 134801598261568>[(functools.partial(<function MCMC._get_cached_fns.<locals>._postprocess_fn at 0x7a99f80c2840>, args=(Traced<ShapedArray(int32[2000])>with<DynamicJaxprTrace>,), kwargs={}), ('z', 'diverging'), (), 'collect_and_postprocess')]
<OrderedDict 134801598261568> is referred to by <function 134803784915584>._cache
<function 134803784915584> is referred to by numpyro.infer.mcmc._collect_and_postprocess

Traced<ShapedArray(uint32[2,2])>with<DynamicJaxprTrace>
The error occurred while tracing the function get_samples at 616/codebase/test/infer/test_mcmc.py:634 for jit. This concrete value was not available in Python because it depends on the values of the arguments rng_key, data, step_size, trajectory_length, and target_accept_prob.
<DynamicJaxprTracer 134801597625152> is referred to by <HMCAdaptState 134801769380800>[7]
<HMCAdaptState 134801769380800> is referred to by <HMCState 134801710307328>[11]
<HMCState 134801710307328> is referred to by <MCMC 134801709938832>._last_state
<MCMC 134801709938832> is referred to by <function 134801710131264> (_postprocess_fn) closed-over variable self
<function 134801710131264> is referred to by <partial 134801599408512>
<partial 134801599408512> is referred to by <function 134801598418272> (collect_and_postprocess) closed-over variable postprocess_fn
<function 134801598418272> is referred to by <OrderedDict 134801598261568>[(functools.partial(<function MCMC._get_cached_fns.<locals>._postprocess_fn at 0x7a99f80c2840>, args=(Traced<ShapedArray(int32[2000])>with<DynamicJaxprTrace>,), kwargs={}), ('z', 'diverging'), (), 'collect_and_postprocess')]
<OrderedDict 134801598261568> is referred to by <function 134803784915584>._cache
<function 134803784915584> is referred to by numpyro.infer.mcmc._collect_and_postprocess

Traced<ShapedArray(int32[2])>with<DynamicJaxprTrace>
The error occurred while tracing the function get_samples at 616/codebase/test/infer/test_mcmc.py:634 for jit. This concrete value was not available in Python because it depends on the values of the arguments rng_key, data, step_size, trajectory_length, and target_accept_prob.
<DynamicJaxprTracer 134801597626832> is referred to by <HMCAdaptState 134801769380800>[6]
<HMCAdaptState 134801769380800> is referred to by <HMCState 134801710307328>[11]
<HMCState 134801710307328> is referred to by <MCMC 134801709938832>._last_state
<MCMC 134801709938832> is referred to by <function 134801710131264> (_postprocess_fn) closed-over variable self
<function 134801710131264> is referred to by <partial 134801599408512>
<partial 134801599408512> is referred to by <function 134801598418272> (collect_and_postprocess) closed-over variable postprocess_fn
<function 134801598418272> is referred to by <OrderedDict 134801598261568>[(functools.partial(<function MCMC._get_cached_fns.<locals>._postprocess_fn at 0x7a99f80c2840>, args=(Traced<ShapedArray(int32[2000])>with<DynamicJaxprTrace>,), kwargs={}), ('z', 'diverging'), (), 'collect_and_postprocess')]
<OrderedDict 134801598261568> is referred to by <function 134803784915584>._cache
<function 134803784915584> is referred to by numpyro.infer.mcmc._collect_and_postprocess

Traced<ShapedArray(float32[2])>with<DynamicJaxprTrace>
The error occurred while tracing the function get_samples at 616/codebase/test/infer/test_mcmc.py:634 for jit. This concrete value was not available in Python because it depends on the values of the arguments rng_key, data, step_size, trajectory_length, and target_accept_prob.
<DynamicJaxprTracer 134801597617152> is referred to by <HMCAdaptState 134801769380800>[0]
<HMCAdaptState 134801769380800> is referred to by <HMCState 134801710307328>[11]
<HMCState 134801710307328> is referred to by <MCMC 134801709938832>._last_state
<MCMC 134801709938832> is referred to by <function 134801710131264> (_postprocess_fn) closed-over variable self
<function 134801710131264> is referred to by <partial 134801599408512>
<partial 134801599408512> is referred to by <function 134801598418272> (collect_and_postprocess) closed-over variable postprocess_fn
<function 134801598418272> is referred to by <OrderedDict 134801598261568>[(functools.partial(<function MCMC._get_cached_fns.<locals>._postprocess_fn at 0x7a99f80c2840>, args=(Traced<ShapedArray(int32[2000])>with<DynamicJaxprTrace>,), kwargs={}), ('z', 'diverging'), (), 'collect_and_postprocess')]
<OrderedDict 134801598261568> is referred to by <function 134803784915584>._cache
<function 134803784915584> is referred to by numpyro.infer.mcmc._collect_and_postprocess

Traced<ShapedArray(float32[2,2])>with<DynamicJaxprTrace>
The error occurred while tracing the function get_samples at 616/codebase/test/infer/test_mcmc.py:634 for jit. This concrete value was not available in Python because it depends on the values of the arguments rng_key, data, step_size, trajectory_length, and target_accept_prob.
<DynamicJaxprTracer 134801597626752> is referred to by <dict 134801597646656>['p_latent']
<dict 134801597646656> is referred to by <HMCState 134801710307328>[2]
<HMCState 134801710307328> is referred to by <MCMC 134801709938832>._last_state
<MCMC 134801709938832> is referred to by <function 134801710131264> (_postprocess_fn) closed-over variable self
<function 134801710131264> is referred to by <partial 134801599408512>
<partial 134801599408512> is referred to by <function 134801598418272> (collect_and_postprocess) closed-over variable postprocess_fn
<function 134801598418272> is referred to by <OrderedDict 134801598261568>[(functools.partial(<function MCMC._get_cached_fns.<locals>._postprocess_fn at 0x7a99f80c2840>, args=(Traced<ShapedArray(int32[2000])>with<DynamicJaxprTrace>,), kwargs={}), ('z', 'diverging'), (), 'collect_and_postprocess')]
<OrderedDict 134801598261568> is referred to by <function 134803784915584>._cache
<function 134803784915584> is referred to by numpyro.infer.mcmc._collect_and_postprocess

Traced<ShapedArray(float32[2,2])>with<DynamicJaxprTrace>
The error occurred while tracing the function get_samples at 616/codebase/test/infer/test_mcmc.py:634 for jit. This concrete value was not available in Python because it depends on the values of the arguments rng_key, data, step_size, trajectory_length, and target_accept_prob.
<DynamicJaxprTracer 134801597623312> is referred to by <dict 134801597674944>['p_latent']
<dict 134801597674944> is referred to by <HMCState 134801710307328>[1]
<HMCState 134801710307328> is referred to by <MCMC 134801709938832>._last_state
<MCMC 134801709938832> is referred to by <function 134801710131264> (_postprocess_fn) closed-over variable self
<function 134801710131264> is referred to by <partial 134801599408512>
<partial 134801599408512> is referred to by <function 134801598418272> (collect_and_postprocess) closed-over variable postprocess_fn
<function 134801598418272> is referred to by <OrderedDict 134801598261568>[(functools.partial(<function MCMC._get_cached_fns.<locals>._postprocess_fn at 0x7a99f80c2840>, args=(Traced<ShapedArray(int32[2000])>with<DynamicJaxprTrace>,), kwargs={}), ('z', 'diverging'), (), 'collect_and_postprocess')]
<OrderedDict 134801598261568> is referred to by <function 134803784915584>._cache
<function 134803784915584> is referred to by numpyro.infer.mcmc._collect_and_postprocess

Traced<ShapedArray(float32[2])>with<DynamicJaxprTrace>
The error occurred while tracing the function get_samples at 616/codebase/test/infer/test_mcmc.py:634 for jit. This concrete value was not available in Python because it depends on the values of the arguments rng_key, data, step_size, trajectory_length, and target_accept_prob.
<DynamicJaxprTracer 134801597620832> is referred to by <tuple 134801597251024>[4]
<tuple 134801597251024> is referred to by <HMCAdaptState 134801769380800>[4]
<HMCAdaptState 134801769380800> is referred to by <HMCState 134801710307328>[11]
<HMCState 134801710307328> is referred to by <MCMC 134801709938832>._last_state
<MCMC 134801709938832> is referred to by <function 134801710131264> (_postprocess_fn) closed-over variable self
<function 134801710131264> is referred to by <partial 134801599408512>
<partial 134801599408512> is referred to by <function 134801598418272> (collect_and_postprocess) closed-over variable postprocess_fn
<function 134801598418272> is referred to by <OrderedDict 134801598261568>[(functools.partial(<function MCMC._get_cached_fns.<locals>._postprocess_fn at 0x7a99f80c2840>, args=(Traced<ShapedArray(int32[2000])>with<DynamicJaxprTrace>,), kwargs={}), ('z', 'diverging'), (), 'collect_and_postprocess')]
<OrderedDict 134801598261568> is referred to by <function 134803784915584>._cache
<function 134803784915584> is referred to by numpyro.infer.mcmc._collect_and_postprocess

Traced<ShapedArray(int32[2])>with<DynamicJaxprTrace>
The error occurred while tracing the function get_samples at 616/codebase/test/infer/test_mcmc.py:634 for jit. This concrete value was not available in Python because it depends on the values of the arguments rng_key, data, step_size, trajectory_length, and target_accept_prob.
<DynamicJaxprTracer 134801597620752> is referred to by <tuple 134801597251024>[3]
<tuple 134801597251024> is referred to by <HMCAdaptState 134801769380800>[4]
<HMCAdaptState 134801769380800> is referred to by <HMCState 134801710307328>[11]
<HMCState 134801710307328> is referred to by <MCMC 134801709938832>._last_state
<MCMC 134801709938832> is referred to by <function 134801710131264> (_postprocess_fn) closed-over variable self
<function 134801710131264> is referred to by <partial 134801599408512>
<partial 134801599408512> is referred to by <function 134801598418272> (collect_and_postprocess) closed-over variable postprocess_fn
<function 134801598418272> is referred to by <OrderedDict 134801598261568>[(functools.partial(<function MCMC._get_cached_fns.<locals>._postprocess_fn at 0x7a99f80c2840>, args=(Traced<ShapedArray(int32[2000])>with<DynamicJaxprTrace>,), kwargs={}), ('z', 'diverging'), (), 'collect_and_postprocess')]
<OrderedDict 134801598261568> is referred to by <function 134803784915584>._cache
<function 134803784915584> is referred to by numpyro.infer.mcmc._collect_and_postprocess

Traced<ShapedArray(float32[2])>with<DynamicJaxprTrace>
The error occurred while tracing the function get_samples at 616/codebase/test/infer/test_mcmc.py:634 for jit. This concrete value was not available in Python because it depends on the values of the arguments rng_key, data, step_size, trajectory_length, and target_accept_prob.
<DynamicJaxprTracer 134801597622272> is referred to by <tuple 134801597251024>[2]
<tuple 134801597251024> is referred to by <HMCAdaptState 134801769380800>[4]
<HMCAdaptState 134801769380800> is referred to by <HMCState 134801710307328>[11]
<HMCState 134801710307328> is referred to by <MCMC 134801709938832>._last_state
<MCMC 134801709938832> is referred to by <function 134801710131264> (_postprocess_fn) closed-over variable self
<function 134801710131264> is referred to by <partial 134801599408512>
<partial 134801599408512> is referred to by <function 134801598418272> (collect_and_postprocess) closed-over variable postprocess_fn
<function 134801598418272> is referred to by <OrderedDict 134801598261568>[(functools.partial(<function MCMC._get_cached_fns.<locals>._postprocess_fn at 0x7a99f80c2840>, args=(Traced<ShapedArray(int32[2000])>with<DynamicJaxprTrace>,), kwargs={}), ('z', 'diverging'), (), 'collect_and_postprocess')]
<OrderedDict 134801598261568> is referred to by <function 134803784915584>._cache
<function 134803784915584> is referred to by numpyro.infer.mcmc._collect_and_postprocess

Traced<ShapedArray(float32[2])>with<DynamicJaxprTrace>
The error occurred while tracing the function get_samples at 616/codebase/test/infer/test_mcmc.py:634 for jit. This concrete value was not available in Python because it depends on the values of the arguments rng_key, data, step_size, trajectory_length, and target_accept_prob.
<DynamicJaxprTracer 134801597626272> is referred to by <tuple 134801597251024>[1]
<tuple 134801597251024> is referred to by <HMCAdaptState 134801769380800>[4]
<HMCAdaptState 134801769380800> is referred to by <HMCState 134801710307328>[11]
<HMCState 134801710307328> is referred to by <MCMC 134801709938832>._last_state
<MCMC 134801709938832> is referred to by <function 134801710131264> (_postprocess_fn) closed-over variable self
<function 134801710131264> is referred to by <partial 134801599408512>
<partial 134801599408512> is referred to by <function 134801598418272> (collect_and_postprocess) closed-over variable postprocess_fn
<function 134801598418272> is referred to by <OrderedDict 134801598261568>[(functools.partial(<function MCMC._get_cached_fns.<locals>._postprocess_fn at 0x7a99f80c2840>, args=(Traced<ShapedArray(int32[2000])>with<DynamicJaxprTrace>,), kwargs={}), ('z', 'diverging'), (), 'collect_and_postprocess')]
<OrderedDict 134801598261568> is referred to by <function 134803784915584>._cache
<function 134803784915584> is referred to by numpyro.infer.mcmc._collect_and_postprocess

Traced<ShapedArray(float32[2])>with<DynamicJaxprTrace>
The error occurred while tracing the function get_samples at 616/codebase/test/infer/test_mcmc.py:634 for jit. This concrete value was not available in Python because it depends on the values of the arguments rng_key, data, step_size, trajectory_length, and target_accept_prob.
<DynamicJaxprTracer 134801597619232> is referred to by <tuple 134801597251024>[0]
<tuple 134801597251024> is referred to by <HMCAdaptState 134801769380800>[4]
<HMCAdaptState 134801769380800> is referred to by <HMCState 134801710307328>[11]
<HMCState 134801710307328> is referred to by <MCMC 134801709938832>._last_state
<MCMC 134801709938832> is referred to by <function 134801710131264> (_postprocess_fn) closed-over variable self
<function 134801710131264> is referred to by <partial 134801599408512>
<partial 134801599408512> is referred to by <function 134801598418272> (collect_and_postprocess) closed-over variable postprocess_fn
<function 134801598418272> is referred to by <OrderedDict 134801598261568>[(functools.partial(<function MCMC._get_cached_fns.<locals>._postprocess_fn at 0x7a99f80c2840>, args=(Traced<ShapedArray(int32[2000])>with<DynamicJaxprTrace>,), kwargs={}), ('z', 'diverging'), (), 'collect_and_postprocess')]
<OrderedDict 134801598261568> is referred to by <function 134803784915584>._cache
<function 134803784915584> is referred to by numpyro.infer.mcmc._collect_and_postprocess

Traced<ShapedArray(float32[2,2])>with<DynamicJaxprTrace>
The error occurred while tracing the function get_samples at 616/codebase/test/infer/test_mcmc.py:634 for jit. This concrete value was not available in Python because it depends on the values of the arguments rng_key, data, step_size, trajectory_length, and target_accept_prob.
<DynamicJaxprTracer 134801597616272> is referred to by <dict 134801597605696>[('p_latent',)]
<dict 134801597605696> is referred to by <HMCAdaptState 134801769380800>[3]
<HMCAdaptState 134801769380800> is referred to by <HMCState 134801710307328>[11]
<HMCState 134801710307328> is referred to by <MCMC 134801709938832>._last_state
<MCMC 134801709938832> is referred to by <function 134801710131264> (_postprocess_fn) closed-over variable self
<function 134801710131264> is referred to by <partial 134801599408512>
<partial 134801599408512> is referred to by <function 134801598418272> (collect_and_postprocess) closed-over variable postprocess_fn
<function 134801598418272> is referred to by <OrderedDict 134801598261568>[(functools.partial(<function MCMC._get_cached_fns.<locals>._postprocess_fn at 0x7a99f80c2840>, args=(Traced<ShapedArray(int32[2000])>with<DynamicJaxprTrace>,), kwargs={}), ('z', 'diverging'), (), 'collect_and_postprocess')]
<OrderedDict 134801598261568> is referred to by <function 134803784915584>._cache
<function 134803784915584> is referred to by numpyro.infer.mcmc._collect_and_postprocess

Traced<ShapedArray(float32[2,2])>with<DynamicJaxprTrace>
The error occurred while tracing the function get_samples at 616/codebase/test/infer/test_mcmc.py:634 for jit. This concrete value was not available in Python because it depends on the values of the arguments rng_key, data, step_size, trajectory_length, and target_accept_prob.
<DynamicJaxprTracer 134801597618512> is referred to by <dict 134801597855168>[('p_latent',)]
<dict 134801597855168> is referred to by <HMCAdaptState 134801769380800>[2]
<HMCAdaptState 134801769380800> is referred to by <HMCState 134801710307328>[11]
<HMCState 134801710307328> is referred to by <MCMC 134801709938832>._last_state
<MCMC 134801709938832> is referred to by <function 134801710131264> (_postprocess_fn) closed-over variable self
<function 134801710131264> is referred to by <partial 134801599408512>
<partial 134801599408512> is referred to by <function 134801598418272> (collect_and_postprocess) closed-over variable postprocess_fn
<function 134801598418272> is referred to by <OrderedDict 134801598261568>[(functools.partial(<function MCMC._get_cached_fns.<locals>._postprocess_fn at 0x7a99f80c2840>, args=(Traced<ShapedArray(int32[2000])>with<DynamicJaxprTrace>,), kwargs={}), ('z', 'diverging'), (), 'collect_and_postprocess')]
<OrderedDict 134801598261568> is referred to by <function 134803784915584>._cache
<function 134803784915584> is referred to by numpyro.infer.mcmc._collect_and_postprocess

Traced<ShapedArray(float32[2,2])>with<DynamicJaxprTrace>
The error occurred while tracing the function get_samples at 616/codebase/test/infer/test_mcmc.py:634 for jit. This concrete value was not available in Python because it depends on the values of the arguments rng_key, data, step_size, trajectory_length, and target_accept_prob.
<DynamicJaxprTracer 134801597618192> is referred to by <dict 134801597855808>[('p_latent',)]
<dict 134801597855808> is referred to by <HMCAdaptState 134801769380800>[1]
<HMCAdaptState 134801769380800> is referred to by <HMCState 134801710307328>[11]
<HMCState 134801710307328> is referred to by <MCMC 134801709938832>._last_state
<MCMC 134801709938832> is referred to by <function 134801710131264> (_postprocess_fn) closed-over variable self
<function 134801710131264> is referred to by <partial 134801599408512>
<partial 134801599408512> is referred to by <function 134801598418272> (collect_and_postprocess) closed-over variable postprocess_fn
<function 134801598418272> is referred to by <OrderedDict 134801598261568>[(functools.partial(<function MCMC._get_cached_fns.<locals>._postprocess_fn at 0x7a99f80c2840>, args=(Traced<ShapedArray(int32[2000])>with<DynamicJaxprTrace>,), kwargs={}), ('z', 'diverging'), (), 'collect_and_postprocess')]
<OrderedDict 134801598261568> is referred to by <function 134803784915584>._cache
<function 134803784915584> is referred to by numpyro.infer.mcmc._collect_and_postprocess

Traced<ShapedArray(int32[2])>with<DynamicJaxprTrace>
The error occurred while tracing the function get_samples at 616/codebase/test/infer/test_mcmc.py:634 for jit. This concrete value was not available in Python because it depends on the values of the arguments rng_key, data, step_size, trajectory_length, and target_accept_prob.
<DynamicJaxprTracer 134801597622192> is referred to by <tuple 134801597762880>[2]
<tuple 134801597762880> is referred to by <dict 134801597854272>[('p_latent',)]
<dict 134801597854272> is referred to by <HMCAdaptState 134801769380800>[5]
<HMCAdaptState 134801769380800> is referred to by <HMCState 134801710307328>[11]
<HMCState 134801710307328> is referred to by <MCMC 134801709938832>._last_state
<MCMC 134801709938832> is referred to by <function 134801710131264> (_postprocess_fn) closed-over variable self
<function 134801710131264> is referred to by <partial 134801599408512>
<partial 134801599408512> is referred to by <function 134801598418272> (collect_and_postprocess) closed-over variable postprocess_fn
<function 134801598418272> is referred to by <OrderedDict 134801598261568>[(functools.partial(<function MCMC._get_cached_fns.<locals>._postprocess_fn at 0x7a99f80c2840>, args=(Traced<ShapedArray(int32[2000])>with<DynamicJaxprTrace>,), kwargs={}), ('z', 'diverging'), (), 'collect_and_postprocess')]
<OrderedDict 134801598261568> is referred to by <function 134803784915584>._cache
<function 134803784915584> is referred to by numpyro.infer.mcmc._collect_and_postprocess

Traced<ShapedArray(float32[2,2])>with<DynamicJaxprTrace>
The error occurred while tracing the function get_samples at 616/codebase/test/infer/test_mcmc.py:634 for jit. This concrete value was not available in Python because it depends on the values of the arguments rng_key, data, step_size, trajectory_length, and target_accept_prob.
<DynamicJaxprTracer 134801597621872> is referred to by <tuple 134801597762880>[1]
<tuple 134801597762880> is referred to by <dict 134801597854272>[('p_latent',)]
<dict 134801597854272> is referred to by <HMCAdaptState 134801769380800>[5]
<HMCAdaptState 134801769380800> is referred to by <HMCState 134801710307328>[11]
<HMCState 134801710307328> is referred to by <MCMC 134801709938832>._last_state
<MCMC 134801709938832> is referred to by <function 134801710131264> (_postprocess_fn) closed-over variable self
<function 134801710131264> is referred to by <partial 134801599408512>
<partial 134801599408512> is referred to by <function 134801598418272> (collect_and_postprocess) closed-over variable postprocess_fn
<function 134801598418272> is referred to by <OrderedDict 134801598261568>[(functools.partial(<function MCMC._get_cached_fns.<locals>._postprocess_fn at 0x7a99f80c2840>, args=(Traced<ShapedArray(int32[2000])>with<DynamicJaxprTrace>,), kwargs={}), ('z', 'diverging'), (), 'collect_and_postprocess')]
<OrderedDict 134801598261568> is referred to by <function 134803784915584>._cache
<function 134803784915584> is referred to by numpyro.infer.mcmc._collect_and_postprocess

Traced<ShapedArray(float32[2,2])>with<DynamicJaxprTrace>
The error occurred while tracing the function get_samples at 616/codebase/test/infer/test_mcmc.py:634 for jit. This concrete value was not available in Python because it depends on the values of the arguments rng_key, data, step_size, trajectory_length, and target_accept_prob.
<DynamicJaxprTracer 134801597621392> is referred to by <tuple 134801597762880>[0]
<tuple 134801597762880> is referred to by <dict 134801597854272>[('p_latent',)]
<dict 134801597854272> is referred to by <HMCAdaptState 134801769380800>[5]
<HMCAdaptState 134801769380800> is referred to by <HMCState 134801710307328>[11]
<HMCState 134801710307328> is referred to by <MCMC 134801709938832>._last_state
<MCMC 134801709938832> is referred to by <function 134801710131264> (_postprocess_fn) closed-over variable self
<function 134801710131264> is referred to by <partial 134801599408512>
<partial 134801599408512> is referred to by <function 134801598418272> (collect_and_postprocess) closed-over variable postprocess_fn
<function 134801598418272> is referred to by <OrderedDict 134801598261568>[(functools.partial(<function MCMC._get_cached_fns.<locals>._postprocess_fn at 0x7a99f80c2840>, args=(Traced<ShapedArray(int32[2000])>with<DynamicJaxprTrace>,), kwargs={}), ('z', 'diverging'), (), 'collect_and_postprocess')]
<OrderedDict 134801598261568> is referred to by <function 134803784915584>._cache
<function 134803784915584> is referred to by numpyro.infer.mcmc._collect_and_postprocess

--------------------
For simplicity, JAX has removed its internal frames from the traceback of the following exception. Set JAX_TRACEBACK_FILTERING=off to include these.
[31mFAILED[0m codebase/test/infer/test_mcmc.py::[1mtest_chain_inside_jit[sequential-NUTS][0m - Exception: Leaked trace DynamicJaxprTrace. Leaked tracer(s):

Traced<ShapedArray(float32[], weak_type=True)>with<DynamicJaxprTrace>
The error occurred while tracing the function get_samples at 616/codebase/test/infer/test_mcmc.py:634 for jit. This concrete value was not available in Python because it depends on the value of the argument target_accept_prob.
<DynamicJaxprTracer 134801596809072> is referred to by <list 134801582466176>[2]
<list 134801582466176> is referred to by <PjitParams 134801769499200>[0]
<PjitParams 134801769499200> is referred to by <InferParamsCacheEntry 134801597711504>

Traced<ShapedArray(int32[2000])>with<DynamicJaxprTrace>
The error occurred while tracing the function get_samples at 616/codebase/test/infer/test_mcmc.py:634 for jit. This concrete value was not available in Python because it depends on the value of the argument data.
<DynamicJaxprTracer 134801596808912> is referred to by <list 134801582466176>[1]
<list 134801582466176> is referred to by <PjitParams 134801769499200>[0]
<PjitParams 134801769499200> is referred to by <InferParamsCacheEntry 134801597711504>

Traced<ShapedArray(float32[], weak_type=True)>with<DynamicJaxprTrace>
The error occurred while tracing the function get_samples at 616/codebase/test/infer/test_mcmc.py:634 for jit. This concrete value was not available in Python because it depends on the value of the argument step_size.
<DynamicJaxprTracer 134801596808672> is referred to by <NUTS 134801598959872>._step_size
<NUTS 134801598959872> is referred to by <dict 134801596867520>['sampler']
<dict 134801596867520> is referred to by <partial 134801597093568>
<partial 134801597093568> is referred to by <tuple 134801775918016>[0]
<tuple 134801775918016> is referred to by <OrderedDict 134801598259136> at keys 
<OrderedDict 134801598259136> is referred to by <function 134803789265664>._cache
<function 134803789265664> is referred to by numpyro.util.fori_collect

Traced<ShapedArray(float32[], weak_type=True)>with<DynamicJaxprTrace>
The error occurred while tracing the function get_samples at 616/codebase/test/infer/test_mcmc.py:634 for jit. This concrete value was not available in Python because it depends on the value of the argument trajectory_length.
<DynamicJaxprTracer 134801596808832> is referred to by <NUTS 134801598959872>._trajectory_length
<NUTS 134801598959872> is referred to by <dict 134801596867520>['sampler']
<dict 134801596867520> is referred to by <partial 134801597093568>
<partial 134801597093568> is referred to by <tuple 134801775918016>[0]
<tuple 134801775918016> is referred to by <OrderedDict 134801598259136> at keys 
<OrderedDict 134801598259136> is referred to by <function 134803789265664>._cache
<function 134803789265664> is referred to by numpyro.util.fori_collect

Traced<ShapedArray(bool[2,2000])>with<DynamicJaxprTrace>
The error occurred while tracing the function get_samples at 616/codebase/test/infer/test_mcmc.py:634 for jit. This concrete value was not available in Python because it depends on the values of the arguments rng_key, data, step_size, trajectory_length, and target_accept_prob.
<DynamicJaxprTracer 134801598115792> is referred to by <dict 134801583299136>['diverging']
<dict 134801583299136> is referred to by <MCMC 134801598963040>._states
<MCMC 134801598963040> is referred to by <function 134801596725696> (_postprocess_fn) closed-over variable self
<function 134801596725696> is referred to by <partial 134801597102368>
<partial 134801597102368> is referred to by <function 134801582775712> (collect_and_postprocess) closed-over variable postprocess_fn
<function 134801582775712> is referred to by <OrderedDict 134801598261568>[(functools.partial(<function MCMC._get_cached_fns.<locals>._postprocess_fn at 0x7a99f149b9c0>, args=(Traced<ShapedArray(int32[2000])>with<DynamicJaxprTrace>,), kwargs={}), ('z', 'diverging'), (), 'collect_and_postprocess')]
<OrderedDict 134801598261568> is referred to by <function 134803784915584>._cache
<function 134803784915584> is referred to by numpyro.infer.mcmc._collect_and_postprocess

Traced<ShapedArray(bool[4000])>with<DynamicJaxprTrace>
The error occurred while tracing the function get_samples at 616/codebase/test/infer/test_mcmc.py:634 for jit. This concrete value was not available in Python because it depends on the values of the arguments rng_key, data, step_size, trajectory_length, and target_accept_prob.
<DynamicJaxprTracer 134801597088544> is referred to by <dict 134801593530112>['diverging']
<dict 134801593530112> is referred to by <MCMC 134801598963040>._states_flat
<MCMC 134801598963040> is referred to by <function 134801596725696> (_postprocess_fn) closed-over variable self
<function 134801596725696> is referred to by <partial 134801597102368>
<partial 134801597102368> is referred to by <function 134801582775712> (collect_and_postprocess) closed-over variable postprocess_fn
<function 134801582775712> is referred to by <OrderedDict 134801598261568>[(functools.partial(<function MCMC._get_cached_fns.<locals>._postprocess_fn at 0x7a99f149b9c0>, args=(Traced<ShapedArray(int32[2000])>with<DynamicJaxprTrace>,), kwargs={}), ('z', 'diverging'), (), 'collect_and_postprocess')]
<OrderedDict 134801598261568> is referred to by <function 134803784915584>._cache
<function 134803784915584> is referred to by numpyro.infer.mcmc._collect_and_postprocess

Traced<ShapedArray(uint32[2,2])>with<DynamicJaxprTrace>
The error occurred while tracing the function get_samples at 616/codebase/test/infer/test_mcmc.py:634 for jit. This concrete value was not available in Python because it depends on the values of the arguments rng_key, data, step_size, trajectory_length, and target_accept_prob.
<DynamicJaxprTracer 134801582548752> is referred to by <HMCState 134801596725856>[12]
<HMCState 134801596725856> is referred to by <MCMC 134801598963040>._last_state
<MCMC 134801598963040> is referred to by <function 134801596725696> (_postprocess_fn) closed-over variable self
<function 134801596725696> is referred to by <partial 134801597102368>
<partial 134801597102368> is referred to by <function 134801582775712> (collect_and_postprocess) closed-over variable postprocess_fn
<function 134801582775712> is referred to by <OrderedDict 134801598261568>[(functools.partial(<function MCMC._get_cached_fns.<locals>._postprocess_fn at 0x7a99f149b9c0>, args=(Traced<ShapedArray(int32[2000])>with<DynamicJaxprTrace>,), kwargs={}), ('z', 'diverging'), (), 'collect_and_postprocess')]
<OrderedDict 134801598261568> is referred to by <function 134803784915584>._cache
<function 134803784915584> is referred to by numpyro.infer.mcmc._collect_and_postprocess

Traced<ShapedArray(bool[2])>with<DynamicJaxprTrace>
The error occurred while tracing the function get_samples at 616/codebase/test/infer/test_mcmc.py:634 for jit. This concrete value was not available in Python because it depends on the values of the arguments rng_key, data, step_size, trajectory_length, and target_accept_prob.
<DynamicJaxprTracer 134801598118672> is referred to by <HMCState 134801596725856>[10]
<HMCState 134801596725856> is referred to by <MCMC 134801598963040>._last_state
<MCMC 134801598963040> is referred to by <function 134801596725696> (_postprocess_fn) closed-over variable self
<function 134801596725696> is referred to by <partial 134801597102368>
<partial 134801597102368> is referred to by <function 134801582775712> (collect_and_postprocess) closed-over variable postprocess_fn
<function 134801582775712> is referred to by <OrderedDict 134801598261568>[(functools.partial(<function MCMC._get_cached_fns.<locals>._postprocess_fn at 0x7a99f149b9c0>, args=(Traced<ShapedArray(int32[2000])>with<DynamicJaxprTrace>,), kwargs={}), ('z', 'diverging'), (), 'collect_and_postprocess')]
<OrderedDict 134801598261568> is referred to by <function 134803784915584>._cache
<function 134803784915584> is referred to by numpyro.infer.mcmc._collect_and_postprocess

Traced<ShapedArray(float32[2])>with<DynamicJaxprTrace>
The error occurred while tracing the function get_samples at 616/codebase/test/infer/test_mcmc.py:634 for jit. This concrete value was not available in Python because it depends on the values of the arguments rng_key, data, step_size, trajectory_length, and target_accept_prob.
<DynamicJaxprTracer 134801598110832> is referred to by <HMCState 134801596725856>[9]
<HMCState 134801596725856> is referred to by <MCMC 134801598963040>._last_state
<MCMC 134801598963040> is referred to by <function 134801596725696> (_postprocess_fn) closed-over variable self
<function 134801596725696> is referred to by <partial 134801597102368>
<partial 134801597102368> is referred to by <function 134801582775712> (collect_and_postprocess) closed-over variable postprocess_fn
<function 134801582775712> is referred to by <OrderedDict 134801598261568>[(functools.partial(<function MCMC._get_cached_fns.<locals>._postprocess_fn at 0x7a99f149b9c0>, args=(Traced<ShapedArray(int32[2000])>with<DynamicJaxprTrace>,), kwargs={}), ('z', 'diverging'), (), 'collect_and_postprocess')]
<OrderedDict 134801598261568> is referred to by <function 134803784915584>._cache
<function 134803784915584> is referred to by numpyro.infer.mcmc._collect_and_postprocess

Traced<ShapedArray(float32[2])>with<DynamicJaxprTrace>
The error occurred while tracing the function get_samples at 616/codebase/test/infer/test_mcmc.py:634 for jit. This concrete value was not available in Python because it depends on the values of the arguments rng_key, data, step_size, trajectory_length, and target_accept_prob.
<DynamicJaxprTracer 134801598119872> is referred to by <HMCState 134801596725856>[8]
<HMCState 134801596725856> is referred to by <MCMC 134801598963040>._last_state
<MCMC 134801598963040> is referred to by <function 134801596725696> (_postprocess_fn) closed-over variable self
<function 134801596725696> is referred to by <partial 134801597102368>
<partial 134801597102368> is referred to by <function 134801582775712> (collect_and_postprocess) closed-over variable postprocess_fn
<function 134801582775712> is referred to by <OrderedDict 134801598261568>[(functools.partial(<function MCMC._get_cached_fns.<locals>._postprocess_fn at 0x7a99f149b9c0>, args=(Traced<ShapedArray(int32[2000])>with<DynamicJaxprTrace>,), kwargs={}), ('z', 'diverging'), (), 'collect_and_postprocess')]
<OrderedDict 134801598261568> is referred to by <function 134803784915584>._cache
<function 134803784915584> is referred to by numpyro.infer.mcmc._collect_and_postprocess

Traced<ShapedArray(int32[2])>with<DynamicJaxprTrace>
The error occurred while tracing the function get_samples at 616/codebase/test/infer/test_mcmc.py:634 for jit. This concrete value was not available in Python because it depends on the values of the arguments rng_key, data, step_size, trajectory_length, and target_accept_prob.
<DynamicJaxprTracer 134801598109712> is referred to by <HMCState 134801596725856>[7]
<HMCState 134801596725856> is referred to by <MCMC 134801598963040>._last_state
<MCMC 134801598963040> is referred to by <function 134801596725696> (_postprocess_fn) closed-over variable self
<function 134801596725696> is referred to by <partial 134801597102368>
<partial 134801597102368> is referred to by <function 134801582775712> (collect_and_postprocess) closed-over variable postprocess_fn
<function 134801582775712> is referred to by <OrderedDict 134801598261568>[(functools.partial(<function MCMC._get_cached_fns.<locals>._postprocess_fn at 0x7a99f149b9c0>, args=(Traced<ShapedArray(int32[2000])>with<DynamicJaxprTrace>,), kwargs={}), ('z', 'diverging'), (), 'collect_and_postprocess')]
<OrderedDict 134801598261568> is referred to by <function 134803784915584>._cache
<function 134803784915584> is referred to by numpyro.infer.mcmc._collect_and_postprocess

Traced<ShapedArray(float32[2])>with<DynamicJaxprTrace>
The error occurred while tracing the function get_samples at 616/codebase/test/infer/test_mcmc.py:634 for jit. This concrete value was not available in Python because it depends on the values of the arguments rng_key, data, step_size, trajectory_length, and target_accept_prob.
<DynamicJaxprTracer 134801598108512> is referred to by <HMCState 134801596725856>[6]
<HMCState 134801596725856> is referred to by <MCMC 134801598963040>._last_state
<MCMC 134801598963040> is referred to by <function 134801596725696> (_postprocess_fn) closed-over variable self
<function 134801596725696> is referred to by <partial 134801597102368>
<partial 134801597102368> is referred to by <function 134801582775712> (collect_and_postprocess) closed-over variable postprocess_fn
<function 134801582775712> is referred to by <OrderedDict 134801598261568>[(functools.partial(<function MCMC._get_cached_fns.<locals>._postprocess_fn at 0x7a99f149b9c0>, args=(Traced<ShapedArray(int32[2000])>with<DynamicJaxprTrace>,), kwargs={}), ('z', 'diverging'), (), 'collect_and_postprocess')]
<OrderedDict 134801598261568> is referred to by <function 134803784915584>._cache
<function 134803784915584> is referred to by numpyro.infer.mcmc._collect_and_postprocess

Traced<ShapedArray(float32[2])>with<DynamicJaxprTrace>
The error occurred while tracing the function get_samples at 616/codebase/test/infer/test_mcmc.py:634 for jit. This concrete value was not available in Python because it depends on the values of the arguments rng_key, data, step_size, trajectory_length, and target_accept_prob.
<DynamicJaxprTracer 134801598104512> is referred to by <HMCState 134801596725856>[4]
<HMCState 134801596725856> is referred to by <MCMC 134801598963040>._last_state
<MCMC 134801598963040> is referred to by <function 134801596725696> (_postprocess_fn) closed-over variable self
<function 134801596725696> is referred to by <partial 134801597102368>
<partial 134801597102368> is referred to by <function 134801582775712> (collect_and_postprocess) closed-over variable postprocess_fn
<function 134801582775712> is referred to by <OrderedDict 134801598261568>[(functools.partial(<function MCMC._get_cached_fns.<locals>._postprocess_fn at 0x7a99f149b9c0>, args=(Traced<ShapedArray(int32[2000])>with<DynamicJaxprTrace>,), kwargs={}), ('z', 'diverging'), (), 'collect_and_postprocess')]
<OrderedDict 134801598261568> is referred to by <function 134803784915584>._cache
<function 134803784915584> is referred to by numpyro.infer.mcmc._collect_and_postprocess

Traced<ShapedArray(float32[2])>with<DynamicJaxprTrace>
The error occurred while tracing the function get_samples at 616/codebase/test/infer/test_mcmc.py:634 for jit. This concrete value was not available in Python because it depends on the values of the arguments rng_key, data, step_size, trajectory_length, and target_accept_prob.
<DynamicJaxprTracer 134801598107632> is referred to by <HMCState 134801596725856>[3]
<HMCState 134801596725856> is referred to by <MCMC 134801598963040>._last_state
<MCMC 134801598963040> is referred to by <function 134801596725696> (_postprocess_fn) closed-over variable self
<function 134801596725696> is referred to by <partial 134801597102368>
<partial 134801597102368> is referred to by <function 134801582775712> (collect_and_postprocess) closed-over variable postprocess_fn
<function 134801582775712> is referred to by <OrderedDict 134801598261568>[(functools.partial(<function MCMC._get_cached_fns.<locals>._postprocess_fn at 0x7a99f149b9c0>, args=(Traced<ShapedArray(int32[2000])>with<DynamicJaxprTrace>,), kwargs={}), ('z', 'diverging'), (), 'collect_and_postprocess')]
<OrderedDict 134801598261568> is referred to by <function 134803784915584>._cache
<function 134803784915584> is referred to by numpyro.infer.mcmc._collect_and_postprocess

Traced<ShapedArray(int32[2])>with<DynamicJaxprTrace>
The error occurred while tracing the function get_samples at 616/codebase/test/infer/test_mcmc.py:634 for jit. This concrete value was not available in Python because it depends on the values of the arguments rng_key, data, step_size, trajectory_length, and target_accept_prob.
<DynamicJaxprTracer 134801598115872> is referred to by <HMCState 134801596725856>[0]
<HMCState 134801596725856> is referred to by <MCMC 134801598963040>._last_state
<MCMC 134801598963040> is referred to by <function 134801596725696> (_postprocess_fn) closed-over variable self
<function 134801596725696> is referred to by <partial 134801597102368>
<partial 134801597102368> is referred to by <function 134801582775712> (collect_and_postprocess) closed-over variable postprocess_fn
<function 134801582775712> is referred to by <OrderedDict 134801598261568>[(functools.partial(<function MCMC._get_cached_fns.<locals>._postprocess_fn at 0x7a99f149b9c0>, args=(Traced<ShapedArray(int32[2000])>with<DynamicJaxprTrace>,), kwargs={}), ('z', 'diverging'), (), 'collect_and_postprocess')]
<OrderedDict 134801598261568> is referred to by <function 134803784915584>._cache
<function 134803784915584> is referred to by numpyro.infer.mcmc._collect_and_postprocess

Traced<ShapedArray(float32[2,2000,3])>with<DynamicJaxprTrace>
The error occurred while tracing the function get_samples at 616/codebase/test/infer/test_mcmc.py:634 for jit. This concrete value was not available in Python because it depends on the values of the arguments rng_key, data, step_size, trajectory_length, and target_accept_prob.
<DynamicJaxprTracer 134801598107792> is referred to by <dict 134801583378432>['p_latent']
<dict 134801583378432> is referred to by <dict 134801583299136>['z']
<dict 134801583299136> is referred to by <MCMC 134801598963040>._states
<MCMC 134801598963040> is referred to by <function 134801596725696> (_postprocess_fn) closed-over variable self
<function 134801596725696> is referred to by <partial 134801597102368>
<partial 134801597102368> is referred to by <function 134801582775712> (collect_and_postprocess) closed-over variable postprocess_fn
<function 134801582775712> is referred to by <OrderedDict 134801598261568>[(functools.partial(<function MCMC._get_cached_fns.<locals>._postprocess_fn at 0x7a99f149b9c0>, args=(Traced<ShapedArray(int32[2000])>with<DynamicJaxprTrace>,), kwargs={}), ('z', 'diverging'), (), 'collect_and_postprocess')]
<OrderedDict 134801598261568> is referred to by <function 134803784915584>._cache
<function 134803784915584> is referred to by numpyro.infer.mcmc._collect_and_postprocess

Traced<ShapedArray(float32[4000,3])>with<DynamicJaxprTrace>
The error occurred while tracing the function get_samples at 616/codebase/test/infer/test_mcmc.py:634 for jit. This concrete value was not available in Python because it depends on the values of the arguments rng_key, data, step_size, trajectory_length, and target_accept_prob.
<DynamicJaxprTracer 134801582551872> is referred to by <dict 134801593479936>['p_latent']
<dict 134801593479936> is referred to by <dict 134801593530112>['z']
<dict 134801593530112> is referred to by <MCMC 134801598963040>._states_flat
<MCMC 134801598963040> is referred to by <function 134801596725696> (_postprocess_fn) closed-over variable self
<function 134801596725696> is referred to by <partial 134801597102368>
<partial 134801597102368> is referred to by <function 134801582775712> (collect_and_postprocess) closed-over variable postprocess_fn
<function 134801582775712> is referred to by <OrderedDict 134801598261568>[(functools.partial(<function MCMC._get_cached_fns.<locals>._postprocess_fn at 0x7a99f149b9c0>, args=(Traced<ShapedArray(int32[2000])>with<DynamicJaxprTrace>,), kwargs={}), ('z', 'diverging'), (), 'collect_and_postprocess')]
<OrderedDict 134801598261568> is referred to by <function 134803784915584>._cache
<function 134803784915584> is referred to by numpyro.infer.mcmc._collect_and_postprocess

Traced<ShapedArray(uint32[2,2])>with<DynamicJaxprTrace>
The error occurred while tracing the function get_samples at 616/codebase/test/infer/test_mcmc.py:634 for jit. This concrete value was not available in Python because it depends on the values of the arguments rng_key, data, step_size, trajectory_length, and target_accept_prob.
<DynamicJaxprTracer 134801582552272> is referred to by <HMCAdaptState 134801596775024>[7]
<HMCAdaptState 134801596775024> is referred to by <HMCState 134801596725856>[11]
<HMCState 134801596725856> is referred to by <MCMC 134801598963040>._last_state
<MCMC 134801598963040> is referred to by <function 134801596725696> (_postprocess_fn) closed-over variable self
<function 134801596725696> is referred to by <partial 134801597102368>
<partial 134801597102368> is referred to by <function 134801582775712> (collect_and_postprocess) closed-over variable postprocess_fn
<function 134801582775712> is referred to by <OrderedDict 134801598261568>[(functools.partial(<function MCMC._get_cached_fns.<locals>._postprocess_fn at 0x7a99f149b9c0>, args=(Traced<ShapedArray(int32[2000])>with<DynamicJaxprTrace>,), kwargs={}), ('z', 'diverging'), (), 'collect_and_postprocess')]
<OrderedDict 134801598261568> is referred to by <function 134803784915584>._cache
<function 134803784915584> is referred to by numpyro.infer.mcmc._collect_and_postprocess

Traced<ShapedArray(int32[2])>with<DynamicJaxprTrace>
The error occurred while tracing the function get_samples at 616/codebase/test/infer/test_mcmc.py:634 for jit. This concrete value was not available in Python because it depends on the values of the arguments rng_key, data, step_size, trajectory_length, and target_accept_prob.
<DynamicJaxprTracer 134801582542192> is referred to by <HMCAdaptState 134801596775024>[6]
<HMCAdaptState 134801596775024> is referred to by <HMCState 134801596725856>[11]
<HMCState 134801596725856> is referred to by <MCMC 134801598963040>._last_state
<MCMC 134801598963040> is referred to by <function 134801596725696> (_postprocess_fn) closed-over variable self
<function 134801596725696> is referred to by <partial 134801597102368>
<partial 134801597102368> is referred to by <function 134801582775712> (collect_and_postprocess) closed-over variable postprocess_fn
<function 134801582775712> is referred to by <OrderedDict 134801598261568>[(functools.partial(<function MCMC._get_cached_fns.<locals>._postprocess_fn at 0x7a99f149b9c0>, args=(Traced<ShapedArray(int32[2000])>with<DynamicJaxprTrace>,), kwargs={}), ('z', 'diverging'), (), 'collect_and_postprocess')]
<OrderedDict 134801598261568> is referred to by <function 134803784915584>._cache
<function 134803784915584> is referred to by numpyro.infer.mcmc._collect_and_postprocess

Traced<ShapedArray(float32[2])>with<DynamicJaxprTrace>
The error occurred while tracing the function get_samples at 616/codebase/test/infer/test_mcmc.py:634 for jit. This concrete value was not available in Python because it depends on the values of the arguments rng_key, data, step_size, trajectory_length, and target_accept_prob.
<DynamicJaxprTracer 134801598117472> is referred to by <HMCAdaptState 134801596775024>[0]
<HMCAdaptState 134801596775024> is referred to by <HMCState 134801596725856>[11]
<HMCState 134801596725856> is referred to by <MCMC 134801598963040>._last_state
<MCMC 134801598963040> is referred to by <function 134801596725696> (_postprocess_fn) closed-over variable self
<function 134801596725696> is referred to by <partial 134801597102368>
<partial 134801597102368> is referred to by <function 134801582775712> (collect_and_postprocess) closed-over variable postprocess_fn
<function 134801582775712> is referred to by <OrderedDict 134801598261568>[(functools.partial(<function MCMC._get_cached_fns.<locals>._postprocess_fn at 0x7a99f149b9c0>, args=(Traced<ShapedArray(int32[2000])>with<DynamicJaxprTrace>,), kwargs={}), ('z', 'diverging'), (), 'collect_and_postprocess')]
<OrderedDict 134801598261568> is referred to by <function 134803784915584>._cache
<function 134803784915584> is referred to by numpyro.infer.mcmc._collect_and_postprocess

Traced<ShapedArray(float32[2,2])>with<DynamicJaxprTrace>
The error occurred while tracing the function get_samples at 616/codebase/test/infer/test_mcmc.py:634 for jit. This concrete value was not available in Python because it depends on the values of the arguments rng_key, data, step_size, trajectory_length, and target_accept_prob.
<DynamicJaxprTracer 134801598104752> is referred to by <dict 134801583319616>['p_latent']
<dict 134801583319616> is referred to by <HMCState 134801596725856>[2]
<HMCState 134801596725856> is referred to by <MCMC 134801598963040>._last_state
<MCMC 134801598963040> is referred to by <function 134801596725696> (_postprocess_fn) closed-over variable self
<function 134801596725696> is referred to by <partial 134801597102368>
<partial 134801597102368> is referred to by <function 134801582775712> (collect_and_postprocess) closed-over variable postprocess_fn
<function 134801582775712> is referred to by <OrderedDict 134801598261568>[(functools.partial(<function MCMC._get_cached_fns.<locals>._postprocess_fn at 0x7a99f149b9c0>, args=(Traced<ShapedArray(int32[2000])>with<DynamicJaxprTrace>,), kwargs={}), ('z', 'diverging'), (), 'collect_and_postprocess')]
<OrderedDict 134801598261568> is referred to by <function 134803784915584>._cache
<function 134803784915584> is referred to by numpyro.infer.mcmc._collect_and_postprocess

Traced<ShapedArray(float32[2,2])>with<DynamicJaxprTrace>
The error occurred while tracing the function get_samples at 616/codebase/test/infer/test_mcmc.py:634 for jit. This concrete value was not available in Python because it depends on the values of the arguments rng_key, data, step_size, trajectory_length, and target_accept_prob.
<DynamicJaxprTracer 134801598112752> is referred to by <dict 134801583385344>['p_latent']
<dict 134801583385344> is referred to by <HMCState 134801596725856>[1]
<HMCState 134801596725856> is referred to by <MCMC 134801598963040>._last_state
<MCMC 134801598963040> is referred to by <function 134801596725696> (_postprocess_fn) closed-over variable self
<function 134801596725696> is referred to by <partial 134801597102368>
<partial 134801597102368> is referred to by <function 134801582775712> (collect_and_postprocess) closed-over variable postprocess_fn
<function 134801582775712> is referred to by <OrderedDict 134801598261568>[(functools.partial(<function MCMC._get_cached_fns.<locals>._postprocess_fn at 0x7a99f149b9c0>, args=(Traced<ShapedArray(int32[2000])>with<DynamicJaxprTrace>,), kwargs={}), ('z', 'diverging'), (), 'collect_and_postprocess')]
<OrderedDict 134801598261568> is referred to by <function 134803784915584>._cache
<function 134803784915584> is referred to by numpyro.infer.mcmc._collect_and_postprocess

Traced<ShapedArray(float32[2])>with<DynamicJaxprTrace>
The error occurred while tracing the function get_samples at 616/codebase/test/infer/test_mcmc.py:634 for jit. This concrete value was not available in Python because it depends on the values of the arguments rng_key, data, step_size, trajectory_length, and target_accept_prob.
<DynamicJaxprTracer 134801598119472> is referred to by <tuple 134801598104816>[4]
<tuple 134801598104816> is referred to by <HMCAdaptState 134801596775024>[4]
<HMCAdaptState 134801596775024> is referred to by <HMCState 134801596725856>[11]
<HMCState 134801596725856> is referred to by <MCMC 134801598963040>._last_state
<MCMC 134801598963040> is referred to by <function 134801596725696> (_postprocess_fn) closed-over variable self
<function 134801596725696> is referred to by <partial 134801597102368>
<partial 134801597102368> is referred to by <function 134801582775712> (collect_and_postprocess) closed-over variable postprocess_fn
<function 134801582775712> is referred to by <OrderedDict 134801598261568>[(functools.partial(<function MCMC._get_cached_fns.<locals>._postprocess_fn at 0x7a99f149b9c0>, args=(Traced<ShapedArray(int32[2000])>with<DynamicJaxprTrace>,), kwargs={}), ('z', 'diverging'), (), 'collect_and_postprocess')]
<OrderedDict 134801598261568> is referred to by <function 134803784915584>._cache
<function 134803784915584> is referred to by numpyro.infer.mcmc._collect_and_postprocess

Traced<ShapedArray(int32[2])>with<DynamicJaxprTrace>
The error occurred while tracing the function get_samples at 616/codebase/test/infer/test_mcmc.py:634 for jit. This concrete value was not available in Python because it depends on the values of the arguments rng_key, data, step_size, trajectory_length, and target_accept_prob.
<DynamicJaxprTracer 134801598110992> is referred to by <tuple 134801598104816>[3]
<tuple 134801598104816> is referred to by <HMCAdaptState 134801596775024>[4]
<HMCAdaptState 134801596775024> is referred to by <HMCState 134801596725856>[11]
<HMCState 134801596725856> is referred to by <MCMC 134801598963040>._last_state
<MCMC 134801598963040> is referred to by <function 134801596725696> (_postprocess_fn) closed-over variable self
<function 134801596725696> is referred to by <partial 134801597102368>
<partial 134801597102368> is referred to by <function 134801582775712> (collect_and_postprocess) closed-over variable postprocess_fn
<function 134801582775712> is referred to by <OrderedDict 134801598261568>[(functools.partial(<function MCMC._get_cached_fns.<locals>._postprocess_fn at 0x7a99f149b9c0>, args=(Traced<ShapedArray(int32[2000])>with<DynamicJaxprTrace>,), kwargs={}), ('z', 'diverging'), (), 'collect_and_postprocess')]
<OrderedDict 134801598261568> is referred to by <function 134803784915584>._cache
<function 134803784915584> is referred to by numpyro.infer.mcmc._collect_and_postprocess

Traced<ShapedArray(float32[2])>with<DynamicJaxprTrace>
The error occurred while tracing the function get_samples at 616/codebase/test/infer/test_mcmc.py:634 for jit. This concrete value was not available in Python because it depends on the values of the arguments rng_key, data, step_size, trajectory_length, and target_accept_prob.
<DynamicJaxprTracer 134801598109552> is referred to by <tuple 134801598104816>[2]
<tuple 134801598104816> is referred to by <HMCAdaptState 134801596775024>[4]
<HMCAdaptState 134801596775024> is referred to by <HMCState 134801596725856>[11]
<HMCState 134801596725856> is referred to by <MCMC 134801598963040>._last_state
<MCMC 134801598963040> is referred to by <function 134801596725696> (_postprocess_fn) closed-over variable self
<function 134801596725696> is referred to by <partial 134801597102368>
<partial 134801597102368> is referred to by <function 134801582775712> (collect_and_postprocess) closed-over variable postprocess_fn
<function 134801582775712> is referred to by <OrderedDict 134801598261568>[(functools.partial(<function MCMC._get_cached_fns.<locals>._postprocess_fn at 0x7a99f149b9c0>, args=(Traced<ShapedArray(int32[2000])>with<DynamicJaxprTrace>,), kwargs={}), ('z', 'diverging'), (), 'collect_and_postprocess')]
<OrderedDict 134801598261568> is referred to by <function 134803784915584>._cache
<function 134803784915584> is referred to by numpyro.infer.mcmc._collect_and_postprocess

Traced<ShapedArray(float32[2])>with<DynamicJaxprTrace>
The error occurred while tracing the function get_samples at 616/codebase/test/infer/test_mcmc.py:634 for jit. This concrete value was not available in Python because it depends on the values of the arguments rng_key, data, step_size, trajectory_length, and target_accept_prob.
<DynamicJaxprTracer 134801598117392> is referred to by <tuple 134801598104816>[1]
<tuple 134801598104816> is referred to by <HMCAdaptState 134801596775024>[4]
<HMCAdaptState 134801596775024> is referred to by <HMCState 134801596725856>[11]
<HMCState 134801596725856> is referred to by <MCMC 134801598963040>._last_state
<MCMC 134801598963040> is referred to by <function 134801596725696> (_postprocess_fn) closed-over variable self
<function 134801596725696> is referred to by <partial 134801597102368>
<partial 134801597102368> is referred to by <function 134801582775712> (collect_and_postprocess) closed-over variable postprocess_fn
<function 134801582775712> is referred to by <OrderedDict 134801598261568>[(functools.partial(<function MCMC._get_cached_fns.<locals>._postprocess_fn at 0x7a99f149b9c0>, args=(Traced<ShapedArray(int32[2000])>with<DynamicJaxprTrace>,), kwargs={}), ('z', 'diverging'), (), 'collect_and_postprocess')]
<OrderedDict 134801598261568> is referred to by <function 134803784915584>._cache
<function 134803784915584> is referred to by numpyro.infer.mcmc._collect_and_postprocess

Traced<ShapedArray(float32[2])>with<DynamicJaxprTrace>
The error occurred while tracing the function get_samples at 616/codebase/test/infer/test_mcmc.py:634 for jit. This concrete value was not available in Python because it depends on the values of the arguments rng_key, data, step_size, trajectory_length, and target_accept_prob.
<DynamicJaxprTracer 134801598118512> is referred to by <tuple 134801598104816>[0]
<tuple 134801598104816> is referred to by <HMCAdaptState 134801596775024>[4]
<HMCAdaptState 134801596775024> is referred to by <HMCState 134801596725856>[11]
<HMCState 134801596725856> is referred to by <MCMC 134801598963040>._last_state
<MCMC 134801598963040> is referred to by <function 134801596725696> (_postprocess_fn) closed-over variable self
<function 134801596725696> is referred to by <partial 134801597102368>
<partial 134801597102368> is referred to by <function 134801582775712> (collect_and_postprocess) closed-over variable postprocess_fn
<function 134801582775712> is referred to by <OrderedDict 134801598261568>[(functools.partial(<function MCMC._get_cached_fns.<locals>._postprocess_fn at 0x7a99f149b9c0>, args=(Traced<ShapedArray(int32[2000])>with<DynamicJaxprTrace>,), kwargs={}), ('z', 'diverging'), (), 'collect_and_postprocess')]
<OrderedDict 134801598261568> is referred to by <function 134803784915584>._cache
<function 134803784915584> is referred to by numpyro.infer.mcmc._collect_and_postprocess

Traced<ShapedArray(float32[2,2])>with<DynamicJaxprTrace>
The error occurred while tracing the function get_samples at 616/codebase/test/infer/test_mcmc.py:634 for jit. This concrete value was not available in Python because it depends on the values of the arguments rng_key, data, step_size, trajectory_length, and target_accept_prob.
<DynamicJaxprTracer 134801598114272> is referred to by <dict 134801593562240>[('p_latent',)]
<dict 134801593562240> is referred to by <HMCAdaptState 134801596775024>[3]
<HMCAdaptState 134801596775024> is referred to by <HMCState 134801596725856>[11]
<HMCState 134801596725856> is referred to by <MCMC 134801598963040>._last_state
<MCMC 134801598963040> is referred to by <function 134801596725696> (_postprocess_fn) closed-over variable self
<function 134801596725696> is referred to by <partial 134801597102368>
<partial 134801597102368> is referred to by <function 134801582775712> (collect_and_postprocess) closed-over variable postprocess_fn
<function 134801582775712> is referred to by <OrderedDict 134801598261568>[(functools.partial(<function MCMC._get_cached_fns.<locals>._postprocess_fn at 0x7a99f149b9c0>, args=(Traced<ShapedArray(int32[2000])>with<DynamicJaxprTrace>,), kwargs={}), ('z', 'diverging'), (), 'collect_and_postprocess')]
<OrderedDict 134801598261568> is referred to by <function 134803784915584>._cache
<function 134803784915584> is referred to by numpyro.infer.mcmc._collect_and_postprocess

Traced<ShapedArray(float32[2,2])>with<DynamicJaxprTrace>
The error occurred while tracing the function get_samples at 616/codebase/test/infer/test_mcmc.py:634 for jit. This concrete value was not available in Python because it depends on the values of the arguments rng_key, data, step_size, trajectory_length, and target_accept_prob.
<DynamicJaxprTracer 134801598116032> is referred to by <dict 134801593562176>[('p_latent',)]
<dict 134801593562176> is referred to by <HMCAdaptState 134801596775024>[2]
<HMCAdaptState 134801596775024> is referred to by <HMCState 134801596725856>[11]
<HMCState 134801596725856> is referred to by <MCMC 134801598963040>._last_state
<MCMC 134801598963040> is referred to by <function 134801596725696> (_postprocess_fn) closed-over variable self
<function 134801596725696> is referred to by <partial 134801597102368>
<partial 134801597102368> is referred to by <function 134801582775712> (collect_and_postprocess) closed-over variable postprocess_fn
<function 134801582775712> is referred to by <OrderedDict 134801598261568>[(functools.partial(<function MCMC._get_cached_fns.<locals>._postprocess_fn at 0x7a99f149b9c0>, args=(Traced<ShapedArray(int32[2000])>with<DynamicJaxprTrace>,), kwargs={}), ('z', 'diverging'), (), 'collect_and_postprocess')]
<OrderedDict 134801598261568> is referred to by <function 134803784915584>._cache
<function 134803784915584> is referred to by numpyro.infer.mcmc._collect_and_postprocess

Traced<ShapedArray(float32[2,2])>with<DynamicJaxprTrace>
The error occurred while tracing the function get_samples at 616/codebase/test/infer/test_mcmc.py:634 for jit. This concrete value was not available in Python because it depends on the values of the arguments rng_key, data, step_size, trajectory_length, and target_accept_prob.
<DynamicJaxprTracer 134801598112192> is referred to by <dict 134801593563072>[('p_latent',)]
<dict 134801593563072> is referred to by <HMCAdaptState 134801596775024>[1]
<HMCAdaptState 134801596775024> is referred to by <HMCState 134801596725856>[11]
<HMCState 134801596725856> is referred to by <MCMC 134801598963040>._last_state
<MCMC 134801598963040> is referred to by <function 134801596725696> (_postprocess_fn) closed-over variable self
<function 134801596725696> is referred to by <partial 134801597102368>
<partial 134801597102368> is referred to by <function 134801582775712> (collect_and_postprocess) closed-over variable postprocess_fn
<function 134801582775712> is referred to by <OrderedDict 134801598261568>[(functools.partial(<function MCMC._get_cached_fns.<locals>._postprocess_fn at 0x7a99f149b9c0>, args=(Traced<ShapedArray(int32[2000])>with<DynamicJaxprTrace>,), kwargs={}), ('z', 'diverging'), (), 'collect_and_postprocess')]
<OrderedDict 134801598261568> is referred to by <function 134803784915584>._cache
<function 134803784915584> is referred to by numpyro.infer.mcmc._collect_and_postprocess

Traced<ShapedArray(int32[2])>with<DynamicJaxprTrace>
The error occurred while tracing the function get_samples at 616/codebase/test/infer/test_mcmc.py:634 for jit. This concrete value was not available in Python because it depends on the values of the arguments rng_key, data, step_size, trajectory_length, and target_accept_prob.
<DynamicJaxprTracer 134801582548272> is referred to by <tuple 134801583383360>[2]
<tuple 134801583383360> is referred to by <dict 134801593562048>[('p_latent',)]
<dict 134801593562048> is referred to by <HMCAdaptState 134801596775024>[5]
<HMCAdaptState 134801596775024> is referred to by <HMCState 134801596725856>[11]
<HMCState 134801596725856> is referred to by <MCMC 134801598963040>._last_state
<MCMC 134801598963040> is referred to by <function 134801596725696> (_postprocess_fn) closed-over variable self
<function 134801596725696> is referred to by <partial 134801597102368>
<partial 134801597102368> is referred to by <function 134801582775712> (collect_and_postprocess) closed-over variable postprocess_fn
<function 134801582775712> is referred to by <OrderedDict 134801598261568>[(functools.partial(<function MCMC._get_cached_fns.<locals>._postprocess_fn at 0x7a99f149b9c0>, args=(Traced<ShapedArray(int32[2000])>with<DynamicJaxprTrace>,), kwargs={}), ('z', 'diverging'), (), 'collect_and_postprocess')]
<OrderedDict 134801598261568> is referred to by <function 134803784915584>._cache
<function 134803784915584> is referred to by numpyro.infer.mcmc._collect_and_postprocess

Traced<ShapedArray(float32[2,2])>with<DynamicJaxprTrace>
The error occurred while tracing the function get_samples at 616/codebase/test/infer/test_mcmc.py:634 for jit. This concrete value was not available in Python because it depends on the values of the arguments rng_key, data, step_size, trajectory_length, and target_accept_prob.
<DynamicJaxprTracer 134801582542272> is referred to by <tuple 134801583383360>[1]
<tuple 134801583383360> is referred to by <dict 134801593562048>[('p_latent',)]
<dict 134801593562048> is referred to by <HMCAdaptState 134801596775024>[5]
<HMCAdaptState 134801596775024> is referred to by <HMCState 134801596725856>[11]
<HMCState 134801596725856> is referred to by <MCMC 134801598963040>._last_state
<MCMC 134801598963040> is referred to by <function 134801596725696> (_postprocess_fn) closed-over variable self
<function 134801596725696> is referred to by <partial 134801597102368>
<partial 134801597102368> is referred to by <function 134801582775712> (collect_and_postprocess) closed-over variable postprocess_fn
<function 134801582775712> is referred to by <OrderedDict 134801598261568>[(functools.partial(<function MCMC._get_cached_fns.<locals>._postprocess_fn at 0x7a99f149b9c0>, args=(Traced<ShapedArray(int32[2000])>with<DynamicJaxprTrace>,), kwargs={}), ('z', 'diverging'), (), 'collect_and_postprocess')]
<OrderedDict 134801598261568> is referred to by <function 134803784915584>._cache
<function 134803784915584> is referred to by numpyro.infer.mcmc._collect_and_postprocess

Traced<ShapedArray(float32[2,2])>with<DynamicJaxprTrace>
The error occurred while tracing the function get_samples at 616/codebase/test/infer/test_mcmc.py:634 for jit. This concrete value was not available in Python because it depends on the values of the arguments rng_key, data, step_size, trajectory_length, and target_accept_prob.
<DynamicJaxprTracer 134801582542032> is referred to by <tuple 134801583383360>[0]
<tuple 134801583383360> is referred to by <dict 134801593562048>[('p_latent',)]
<dict 134801593562048> is referred to by <HMCAdaptState 134801596775024>[5]
<HMCAdaptState 134801596775024> is referred to by <HMCState 134801596725856>[11]
<HMCState 134801596725856> is referred to by <MCMC 134801598963040>._last_state
<MCMC 134801598963040> is referred to by <function 134801596725696> (_postprocess_fn) closed-over variable self
<function 134801596725696> is referred to by <partial 134801597102368>
<partial 134801597102368> is referred to by <function 134801582775712> (collect_and_postprocess) closed-over variable postprocess_fn
<function 134801582775712> is referred to by <OrderedDict 134801598261568>[(functools.partial(<function MCMC._get_cached_fns.<locals>._postprocess_fn at 0x7a99f149b9c0>, args=(Traced<ShapedArray(int32[2000])>with<DynamicJaxprTrace>,), kwargs={}), ('z', 'diverging'), (), 'collect_and_postprocess')]
<OrderedDict 134801598261568> is referred to by <function 134803784915584>._cache
<function 134803784915584> is referred to by numpyro.infer.mcmc._collect_and_postprocess

--------------------
For simplicity, JAX has removed its internal frames from the traceback of the following exception. Set JAX_TRACEBACK_FILTERING=off to include these.
[31mFAILED[0m codebase/test/infer/test_mcmc.py::[1mtest_chain_inside_jit[vectorized-HMC][0m - Exception: Leaked trace DynamicJaxprTrace. Leaked tracer(s):

Traced<ShapedArray(float32[], weak_type=True)>with<DynamicJaxprTrace>
The error occurred while tracing the function get_samples at 616/codebase/test/infer/test_mcmc.py:634 for jit. This concrete value was not available in Python because it depends on the value of the argument target_accept_prob.
<DynamicJaxprTracer 134801597083600> is referred to by <list 134801582148288>[2]
<list 134801582148288> is referred to by <PjitParams 134801581858240>[0]
<PjitParams 134801581858240> is referred to by <InferParamsCacheEntry 134801582641872>

Traced<ShapedArray(int32[2000])>with<DynamicJaxprTrace>
The error occurred while tracing the function get_samples at 616/codebase/test/infer/test_mcmc.py:634 for jit. This concrete value was not available in Python because it depends on the value of the argument data.
<DynamicJaxprTracer 134801597077520> is referred to by <list 134801582148288>[1]
<list 134801582148288> is referred to by <PjitParams 134801581858240>[0]
<PjitParams 134801581858240> is referred to by <InferParamsCacheEntry 134801582641872>

Traced<ShapedArray(float32[], weak_type=True)>with<DynamicJaxprTrace>
The error occurred while tracing the function get_samples at 616/codebase/test/infer/test_mcmc.py:634 for jit. This concrete value was not available in Python because it depends on the value of the argument step_size.
<DynamicJaxprTracer 134801597085600> is referred to by <HMC 134801597790352>._step_size
<HMC 134801597790352> is referred to by <dict 134801593950336>['sampler']
<dict 134801593950336> is referred to by <partial 134801597079584>
<partial 134801597079584> is referred to by <tuple 134801596828480>[0]
<tuple 134801596828480> is referred to by <OrderedDict 134801598259136> at keys 
<OrderedDict 134801598259136> is referred to by <function 134803789265664>._cache
<function 134803789265664> is referred to by numpyro.util.fori_collect

Traced<ShapedArray(float32[], weak_type=True)>with<DynamicJaxprTrace>
The error occurred while tracing the function get_samples at 616/codebase/test/infer/test_mcmc.py:634 for jit. This concrete value was not available in Python because it depends on the value of the argument trajectory_length.
<DynamicJaxprTracer 134801597087360> is referred to by <HMC 134801597790352>._trajectory_length
<HMC 134801597790352> is referred to by <dict 134801593950336>['sampler']
<dict 134801593950336> is referred to by <partial 134801597079584>
<partial 134801597079584> is referred to by <tuple 134801596828480>[0]
<tuple 134801596828480> is referred to by <OrderedDict 134801598259136> at keys 
<OrderedDict 134801598259136> is referred to by <function 134803789265664>._cache
<function 134803789265664> is referred to by numpyro.util.fori_collect

Traced<ShapedArray(bool[2,2000])>with<DynamicJaxprTrace>
The error occurred while tracing the function get_samples at 616/codebase/test/infer/test_mcmc.py:634 for jit. This concrete value was not available in Python because it depends on the values of the arguments rng_key, data, step_size, trajectory_length, and target_accept_prob.
<DynamicJaxprTracer 134801597103824> is referred to by <dict 134801581412032>['diverging']
<dict 134801581412032> is referred to by <MCMC 134801597783968>._states
<MCMC 134801597783968> is referred to by <function 134801582779552> (_postprocess_fn) closed-over variable self
<function 134801582779552> is referred to by <partial 134801597081664>
<partial 134801597081664> is referred to by <tuple 134801597627376>[0]
<tuple 134801597627376> is referred to by <OrderedDict 134801598261568> at keys 
<OrderedDict 134801598261568> is referred to by <function 134803784915584>._cache
<function 134803784915584> is referred to by numpyro.infer.mcmc._collect_and_postprocess

Traced<ShapedArray(bool[4000])>with<DynamicJaxprTrace>
The error occurred while tracing the function get_samples at 616/codebase/test/infer/test_mcmc.py:634 for jit. This concrete value was not available in Python because it depends on the values of the arguments rng_key, data, step_size, trajectory_length, and target_accept_prob.
<DynamicJaxprTracer 134801597087120> is referred to by <dict 134801593275392>['diverging']
<dict 134801593275392> is referred to by <MCMC 134801597783968>._states_flat
<MCMC 134801597783968> is referred to by <function 134801582779552> (_postprocess_fn) closed-over variable self
<function 134801582779552> is referred to by <partial 134801597081664>
<partial 134801597081664> is referred to by <tuple 134801597627376>[0]
<tuple 134801597627376> is referred to by <OrderedDict 134801598261568> at keys 
<OrderedDict 134801598261568> is referred to by <function 134803784915584>._cache
<function 134803784915584> is referred to by numpyro.infer.mcmc._collect_and_postprocess

Traced<ShapedArray(uint32[2,2])>with<DynamicJaxprTrace>
The error occurred while tracing the function get_samples at 616/codebase/test/infer/test_mcmc.py:634 for jit. This concrete value was not available in Python because it depends on the values of the arguments rng_key, data, step_size, trajectory_length, and target_accept_prob.
<DynamicJaxprTracer 134801581621568> is referred to by <HMCState 134801582616512>[12]
<HMCState 134801582616512> is referred to by <MCMC 134801597783968>._last_state
<MCMC 134801597783968> is referred to by <function 134801582779552> (_postprocess_fn) closed-over variable self
<function 134801582779552> is referred to by <partial 134801597081664>
<partial 134801597081664> is referred to by <tuple 134801597627376>[0]
<tuple 134801597627376> is referred to by <OrderedDict 134801598261568> at keys 
<OrderedDict 134801598261568> is referred to by <function 134803784915584>._cache
<function 134803784915584> is referred to by numpyro.infer.mcmc._collect_and_postprocess

Traced<ShapedArray(bool[2])>with<DynamicJaxprTrace>
The error occurred while tracing the function get_samples at 616/codebase/test/infer/test_mcmc.py:634 for jit. This concrete value was not available in Python because it depends on the values of the arguments rng_key, data, step_size, trajectory_length, and target_accept_prob.
<DynamicJaxprTracer 134801581621648> is referred to by <HMCState 134801582616512>[10]
<HMCState 134801582616512> is referred to by <MCMC 134801597783968>._last_state
<MCMC 134801597783968> is referred to by <function 134801582779552> (_postprocess_fn) closed-over variable self
<function 134801582779552> is referred to by <partial 134801597081664>
<partial 134801597081664> is referred to by <tuple 134801597627376>[0]
<tuple 134801597627376> is referred to by <OrderedDict 134801598261568> at keys 
<OrderedDict 134801598261568> is referred to by <function 134803784915584>._cache
<function 134803784915584> is referred to by numpyro.infer.mcmc._collect_and_postprocess

Traced<ShapedArray(float32[2])>with<DynamicJaxprTrace>
The error occurred while tracing the function get_samples at 616/codebase/test/infer/test_mcmc.py:634 for jit. This concrete value was not available in Python because it depends on the values of the arguments rng_key, data, step_size, trajectory_length, and target_accept_prob.
<DynamicJaxprTracer 134801581621728> is referred to by <HMCState 134801582616512>[9]
<HMCState 134801582616512> is referred to by <MCMC 134801597783968>._last_state
<MCMC 134801597783968> is referred to by <function 134801582779552> (_postprocess_fn) closed-over variable self
<function 134801582779552> is referred to by <partial 134801597081664>
<partial 134801597081664> is referred to by <tuple 134801597627376>[0]
<tuple 134801597627376> is referred to by <OrderedDict 134801598261568> at keys 
<OrderedDict 134801598261568> is referred to by <function 134803784915584>._cache
<function 134803784915584> is referred to by numpyro.infer.mcmc._collect_and_postprocess

Traced<ShapedArray(float32[2])>with<DynamicJaxprTrace>
The error occurred while tracing the function get_samples at 616/codebase/test/infer/test_mcmc.py:634 for jit. This concrete value was not available in Python because it depends on the values of the arguments rng_key, data, step_size, trajectory_length, and target_accept_prob.
<DynamicJaxprTracer 134801581621888> is referred to by <HMCState 134801582616512>[8]
<HMCState 134801582616512> is referred to by <MCMC 134801597783968>._last_state
<MCMC 134801597783968> is referred to by <function 134801582779552> (_postprocess_fn) closed-over variable self
<function 134801582779552> is referred to by <partial 134801597081664>
<partial 134801597081664> is referred to by <tuple 134801597627376>[0]
<tuple 134801597627376> is referred to by <OrderedDict 134801598261568> at keys 
<OrderedDict 134801598261568> is referred to by <function 134803784915584>._cache
<function 134803784915584> is referred to by numpyro.infer.mcmc._collect_and_postprocess

Traced<ShapedArray(int32[2])>with<DynamicJaxprTrace>
The error occurred while tracing the function get_samples at 616/codebase/test/infer/test_mcmc.py:634 for jit. This concrete value was not available in Python because it depends on the values of the arguments rng_key, data, step_size, trajectory_length, and target_accept_prob.
<DynamicJaxprTracer 134801581622048> is referred to by <HMCState 134801582616512>[7]
<HMCState 134801582616512> is referred to by <MCMC 134801597783968>._last_state
<MCMC 134801597783968> is referred to by <function 134801582779552> (_postprocess_fn) closed-over variable self
<function 134801582779552> is referred to by <partial 134801597081664>
<partial 134801597081664> is referred to by <tuple 134801597627376>[0]
<tuple 134801597627376> is referred to by <OrderedDict 134801598261568> at keys 
<OrderedDict 134801598261568> is referred to by <function 134803784915584>._cache
<function 134803784915584> is referred to by numpyro.infer.mcmc._collect_and_postprocess

Traced<ShapedArray(float32[2])>with<DynamicJaxprTrace>
The error occurred while tracing the function get_samples at 616/codebase/test/infer/test_mcmc.py:634 for jit. This concrete value was not available in Python because it depends on the values of the arguments rng_key, data, step_size, trajectory_length, and target_accept_prob.
<DynamicJaxprTracer 134801581622208> is referred to by <HMCState 134801582616512>[6]
<HMCState 134801582616512> is referred to by <MCMC 134801597783968>._last_state
<MCMC 134801597783968> is referred to by <function 134801582779552> (_postprocess_fn) closed-over variable self
<function 134801582779552> is referred to by <partial 134801597081664>
<partial 134801597081664> is referred to by <tuple 134801597627376>[0]
<tuple 134801597627376> is referred to by <OrderedDict 134801598261568> at keys 
<OrderedDict 134801598261568> is referred to by <function 134803784915584>._cache
<function 134803784915584> is referred to by numpyro.infer.mcmc._collect_and_postprocess

Traced<ShapedArray(float32[2])>with<DynamicJaxprTrace>
The error occurred while tracing the function get_samples at 616/codebase/test/infer/test_mcmc.py:634 for jit. This concrete value was not available in Python because it depends on the values of the arguments rng_key, data, step_size, trajectory_length, and target_accept_prob.
<DynamicJaxprTracer 134801581622608> is referred to by <HMCState 134801582616512>[4]
<HMCState 134801582616512> is referred to by <MCMC 134801597783968>._last_state
<MCMC 134801597783968> is referred to by <function 134801582779552> (_postprocess_fn) closed-over variable self
<function 134801582779552> is referred to by <partial 134801597081664>
<partial 134801597081664> is referred to by <tuple 134801597627376>[0]
<tuple 134801597627376> is referred to by <OrderedDict 134801598261568> at keys 
<OrderedDict 134801598261568> is referred to by <function 134803784915584>._cache
<function 134803784915584> is referred to by numpyro.infer.mcmc._collect_and_postprocess

Traced<ShapedArray(float32[2])>with<DynamicJaxprTrace>
The error occurred while tracing the function get_samples at 616/codebase/test/infer/test_mcmc.py:634 for jit. This concrete value was not available in Python because it depends on the values of the arguments rng_key, data, step_size, trajectory_length, and target_accept_prob.
<DynamicJaxprTracer 134801581622528> is referred to by <HMCState 134801582616512>[3]
<HMCState 134801582616512> is referred to by <MCMC 134801597783968>._last_state
<MCMC 134801597783968> is referred to by <function 134801582779552> (_postprocess_fn) closed-over variable self
<function 134801582779552> is referred to by <partial 134801597081664>
<partial 134801597081664> is referred to by <tuple 134801597627376>[0]
<tuple 134801597627376> is referred to by <OrderedDict 134801598261568> at keys 
<OrderedDict 134801598261568> is referred to by <function 134803784915584>._cache
<function 134803784915584> is referred to by numpyro.infer.mcmc._collect_and_postprocess

Traced<ShapedArray(int32[2])>with<DynamicJaxprTrace>
The error occurred while tracing the function get_samples at 616/codebase/test/infer/test_mcmc.py:634 for jit. This concrete value was not available in Python because it depends on the values of the arguments rng_key, data, step_size, trajectory_length, and target_accept_prob.
<DynamicJaxprTracer 134801581628528> is referred to by <HMCState 134801582616512>[0]
<HMCState 134801582616512> is referred to by <MCMC 134801597783968>._last_state
<MCMC 134801597783968> is referred to by <function 134801582779552> (_postprocess_fn) closed-over variable self
<function 134801582779552> is referred to by <partial 134801597081664>
<partial 134801597081664> is referred to by <tuple 134801597627376>[0]
<tuple 134801597627376> is referred to by <OrderedDict 134801598261568> at keys 
<OrderedDict 134801598261568> is referred to by <function 134803784915584>._cache
<function 134803784915584> is referred to by numpyro.infer.mcmc._collect_and_postprocess

Traced<ShapedArray(float32[2,2000,3])>with<DynamicJaxprTrace>
The error occurred while tracing the function get_samples at 616/codebase/test/infer/test_mcmc.py:634 for jit. This concrete value was not available in Python because it depends on the values of the arguments rng_key, data, step_size, trajectory_length, and target_accept_prob.
<DynamicJaxprTracer 134801581627968> is referred to by <dict 134801581498368>['p_latent']
<dict 134801581498368> is referred to by <dict 134801581412032>['z']
<dict 134801581412032> is referred to by <MCMC 134801597783968>._states
<MCMC 134801597783968> is referred to by <function 134801582779552> (_postprocess_fn) closed-over variable self
<function 134801582779552> is referred to by <partial 134801597081664>
<partial 134801597081664> is referred to by <tuple 134801597627376>[0]
<tuple 134801597627376> is referred to by <OrderedDict 134801598261568> at keys 
<OrderedDict 134801598261568> is referred to by <function 134803784915584>._cache
<function 134803784915584> is referred to by numpyro.infer.mcmc._collect_and_postprocess

Traced<ShapedArray(float32[4000,3])>with<DynamicJaxprTrace>
The error occurred while tracing the function get_samples at 616/codebase/test/infer/test_mcmc.py:634 for jit. This concrete value was not available in Python because it depends on the values of the arguments rng_key, data, step_size, trajectory_length, and target_accept_prob.
<DynamicJaxprTracer 134801581623408> is referred to by <dict 134801593306944>['p_latent']
<dict 134801593306944> is referred to by <dict 134801593275392>['z']
<dict 134801593275392> is referred to by <MCMC 134801597783968>._states_flat
<MCMC 134801597783968> is referred to by <function 134801582779552> (_postprocess_fn) closed-over variable self
<function 134801582779552> is referred to by <partial 134801597081664>
<partial 134801597081664> is referred to by <tuple 134801597627376>[0]
<tuple 134801597627376> is referred to by <OrderedDict 134801598261568> at keys 
<OrderedDict 134801598261568> is referred to by <function 134803784915584>._cache
<function 134803784915584> is referred to by numpyro.infer.mcmc._collect_and_postprocess

Traced<ShapedArray(uint32[2,2])>with<DynamicJaxprTrace>
The error occurred while tracing the function get_samples at 616/codebase/test/infer/test_mcmc.py:634 for jit. This concrete value was not available in Python because it depends on the values of the arguments rng_key, data, step_size, trajectory_length, and target_accept_prob.
<DynamicJaxprTracer 134801581621328> is referred to by <HMCAdaptState 134801596767856>[7]
<HMCAdaptState 134801596767856> is referred to by <HMCState 134801582616512>[11]
<HMCState 134801582616512> is referred to by <MCMC 134801597783968>._last_state
<MCMC 134801597783968> is referred to by <function 134801582779552> (_postprocess_fn) closed-over variable self
<function 134801582779552> is referred to by <partial 134801597081664>
<partial 134801597081664> is referred to by <tuple 134801597627376>[0]
<tuple 134801597627376> is referred to by <OrderedDict 134801598261568> at keys 
<OrderedDict 134801598261568> is referred to by <function 134803784915584>._cache
<function 134803784915584> is referred to by numpyro.infer.mcmc._collect_and_postprocess

Traced<ShapedArray(int32[2])>with<DynamicJaxprTrace>
The error occurred while tracing the function get_samples at 616/codebase/test/infer/test_mcmc.py:634 for jit. This concrete value was not available in Python because it depends on the values of the arguments rng_key, data, step_size, trajectory_length, and target_accept_prob.
<DynamicJaxprTracer 134801581637568> is referred to by <HMCAdaptState 134801596767856>[6]
<HMCAdaptState 134801596767856> is referred to by <HMCState 134801582616512>[11]
<HMCState 134801582616512> is referred to by <MCMC 134801597783968>._last_state
<MCMC 134801597783968> is referred to by <function 134801582779552> (_postprocess_fn) closed-over variable self
<function 134801582779552> is referred to by <partial 134801597081664>
<partial 134801597081664> is referred to by <tuple 134801597627376>[0]
<tuple 134801597627376> is referred to by <OrderedDict 134801598261568> at keys 
<OrderedDict 134801598261568> is referred to by <function 134803784915584>._cache
<function 134803784915584> is referred to by numpyro.infer.mcmc._collect_and_postprocess

Traced<ShapedArray(float32[2])>with<DynamicJaxprTrace>
The error occurred while tracing the function get_samples at 616/codebase/test/infer/test_mcmc.py:634 for jit. This concrete value was not available in Python because it depends on the values of the arguments rng_key, data, step_size, trajectory_length, and target_accept_prob.
<DynamicJaxprTracer 134801581621488> is referred to by <HMCAdaptState 134801596767856>[0]
<HMCAdaptState 134801596767856> is referred to by <HMCState 134801582616512>[11]
<HMCState 134801582616512> is referred to by <MCMC 134801597783968>._last_state
<MCMC 134801597783968> is referred to by <function 134801582779552> (_postprocess_fn) closed-over variable self
<function 134801582779552> is referred to by <partial 134801597081664>
<partial 134801597081664> is referred to by <tuple 134801597627376>[0]
<tuple 134801597627376> is referred to by <OrderedDict 134801598261568> at keys 
<OrderedDict 134801598261568> is referred to by <function 134803784915584>._cache
<function 134803784915584> is referred to by numpyro.infer.mcmc._collect_and_postprocess

Traced<ShapedArray(float32[2,2])>with<DynamicJaxprTrace>
The error occurred while tracing the function get_samples at 616/codebase/test/infer/test_mcmc.py:634 for jit. This concrete value was not available in Python because it depends on the values of the arguments rng_key, data, step_size, trajectory_length, and target_accept_prob.
<DynamicJaxprTracer 134801581622768> is referred to by <dict 134801593664192>['p_latent']
<dict 134801593664192> is referred to by <HMCState 134801582616512>[2]
<HMCState 134801582616512> is referred to by <MCMC 134801597783968>._last_state
<MCMC 134801597783968> is referred to by <function 134801582779552> (_postprocess_fn) closed-over variable self
<function 134801582779552> is referred to by <partial 134801597081664>
<partial 134801597081664> is referred to by <tuple 134801597627376>[0]
<tuple 134801597627376> is referred to by <OrderedDict 134801598261568> at keys 
<OrderedDict 134801598261568> is referred to by <function 134803784915584>._cache
<function 134803784915584> is referred to by numpyro.infer.mcmc._collect_and_postprocess

Traced<ShapedArray(float32[2,2])>with<DynamicJaxprTrace>
The error occurred while tracing the function get_samples at 616/codebase/test/infer/test_mcmc.py:634 for jit. This concrete value was not available in Python because it depends on the values of the arguments rng_key, data, step_size, trajectory_length, and target_accept_prob.
<DynamicJaxprTracer 134801581628768> is referred to by <dict 134801593603648>['p_latent']
<dict 134801593603648> is referred to by <HMCState 134801582616512>[1]
<HMCState 134801582616512> is referred to by <MCMC 134801597783968>._last_state
<MCMC 134801597783968> is referred to by <function 134801582779552> (_postprocess_fn) closed-over variable self
<function 134801582779552> is referred to by <partial 134801597081664>
<partial 134801597081664> is referred to by <tuple 134801597627376>[0]
<tuple 134801597627376> is referred to by <OrderedDict 134801598261568> at keys 
<OrderedDict 134801598261568> is referred to by <function 134803784915584>._cache
<function 134803784915584> is referred to by numpyro.infer.mcmc._collect_and_postprocess

Traced<ShapedArray(float32[2])>with<DynamicJaxprTrace>
The error occurred while tracing the function get_samples at 616/codebase/test/infer/test_mcmc.py:634 for jit. This concrete value was not available in Python because it depends on the values of the arguments rng_key, data, step_size, trajectory_length, and target_accept_prob.
<DynamicJaxprTracer 134801581636208> is referred to by <tuple 134801596794416>[4]
<tuple 134801596794416> is referred to by <HMCAdaptState 134801596767856>[4]
<HMCAdaptState 134801596767856> is referred to by <HMCState 134801582616512>[11]
<HMCState 134801582616512> is referred to by <MCMC 134801597783968>._last_state
<MCMC 134801597783968> is referred to by <function 134801582779552> (_postprocess_fn) closed-over variable self
<function 134801582779552> is referred to by <partial 134801597081664>
<partial 134801597081664> is referred to by <tuple 134801597627376>[0]
<tuple 134801597627376> is referred to by <OrderedDict 134801598261568> at keys 
<OrderedDict 134801598261568> is referred to by <function 134803784915584>._cache
<function 134803784915584> is referred to by numpyro.infer.mcmc._collect_and_postprocess

Traced<ShapedArray(int32[2])>with<DynamicJaxprTrace>
The error occurred while tracing the function get_samples at 616/codebase/test/infer/test_mcmc.py:634 for jit. This concrete value was not available in Python because it depends on the values of the arguments rng_key, data, step_size, trajectory_length, and target_accept_prob.
<DynamicJaxprTracer 134801581635968> is referred to by <tuple 134801596794416>[3]
<tuple 134801596794416> is referred to by <HMCAdaptState 134801596767856>[4]
<HMCAdaptState 134801596767856> is referred to by <HMCState 134801582616512>[11]
<HMCState 134801582616512> is referred to by <MCMC 134801597783968>._last_state
<MCMC 134801597783968> is referred to by <function 134801582779552> (_postprocess_fn) closed-over variable self
<function 134801582779552> is referred to by <partial 134801597081664>
<partial 134801597081664> is referred to by <tuple 134801597627376>[0]
<tuple 134801597627376> is referred to by <OrderedDict 134801598261568> at keys 
<OrderedDict 134801598261568> is referred to by <function 134803784915584>._cache
<function 134803784915584> is referred to by numpyro.infer.mcmc._collect_and_postprocess

Traced<ShapedArray(float32[2])>with<DynamicJaxprTrace>
The error occurred while tracing the function get_samples at 616/codebase/test/infer/test_mcmc.py:634 for jit. This concrete value was not available in Python because it depends on the values of the arguments rng_key, data, step_size, trajectory_length, and target_accept_prob.
<DynamicJaxprTracer 134801581635408> is referred to by <tuple 134801596794416>[2]
<tuple 134801596794416> is referred to by <HMCAdaptState 134801596767856>[4]
<HMCAdaptState 134801596767856> is referred to by <HMCState 134801582616512>[11]
<HMCState 134801582616512> is referred to by <MCMC 134801597783968>._last_state
<MCMC 134801597783968> is referred to by <function 134801582779552> (_postprocess_fn) closed-over variable self
<function 134801582779552> is referred to by <partial 134801597081664>
<partial 134801597081664> is referred to by <tuple 134801597627376>[0]
<tuple 134801597627376> is referred to by <OrderedDict 134801598261568> at keys 
<OrderedDict 134801598261568> is referred to by <function 134803784915584>._cache
<function 134803784915584> is referred to by numpyro.infer.mcmc._collect_and_postprocess

Traced<ShapedArray(float32[2])>with<DynamicJaxprTrace>
The error occurred while tracing the function get_samples at 616/codebase/test/infer/test_mcmc.py:634 for jit. This concrete value was not available in Python because it depends on the values of the arguments rng_key, data, step_size, trajectory_length, and target_accept_prob.
<DynamicJaxprTracer 134801581634928> is referred to by <tuple 134801596794416>[1]
<tuple 134801596794416> is referred to by <HMCAdaptState 134801596767856>[4]
<HMCAdaptState 134801596767856> is referred to by <HMCState 134801582616512>[11]
<HMCState 134801582616512> is referred to by <MCMC 134801597783968>._last_state
<MCMC 134801597783968> is referred to by <function 134801582779552> (_postprocess_fn) closed-over variable self
<function 134801582779552> is referred to by <partial 134801597081664>
<partial 134801597081664> is referred to by <tuple 134801597627376>[0]
<tuple 134801597627376> is referred to by <OrderedDict 134801598261568> at keys 
<OrderedDict 134801598261568> is referred to by <function 134803784915584>._cache
<function 134803784915584> is referred to by numpyro.infer.mcmc._collect_and_postprocess

Traced<ShapedArray(float32[2])>with<DynamicJaxprTrace>
The error occurred while tracing the function get_samples at 616/codebase/test/infer/test_mcmc.py:634 for jit. This concrete value was not available in Python because it depends on the values of the arguments rng_key, data, step_size, trajectory_length, and target_accept_prob.
<DynamicJaxprTracer 134801581628448> is referred to by <tuple 134801596794416>[0]
<tuple 134801596794416> is referred to by <HMCAdaptState 134801596767856>[4]
<HMCAdaptState 134801596767856> is referred to by <HMCState 134801582616512>[11]
<HMCState 134801582616512> is referred to by <MCMC 134801597783968>._last_state
<MCMC 134801597783968> is referred to by <function 134801582779552> (_postprocess_fn) closed-over variable self
<function 134801582779552> is referred to by <partial 134801597081664>
<partial 134801597081664> is referred to by <tuple 134801597627376>[0]
<tuple 134801597627376> is referred to by <OrderedDict 134801598261568> at keys 
<OrderedDict 134801598261568> is referred to by <function 134803784915584>._cache
<function 134803784915584> is referred to by numpyro.infer.mcmc._collect_and_postprocess

Traced<ShapedArray(float32[2,2])>with<DynamicJaxprTrace>
The error occurred while tracing the function get_samples at 616/codebase/test/infer/test_mcmc.py:634 for jit. This concrete value was not available in Python because it depends on the values of the arguments rng_key, data, step_size, trajectory_length, and target_accept_prob.
<DynamicJaxprTracer 134801581628608> is referred to by <dict 134801593274112>[('p_latent',)]
<dict 134801593274112> is referred to by <HMCAdaptState 134801596767856>[3]
<HMCAdaptState 134801596767856> is referred to by <HMCState 134801582616512>[11]
<HMCState 134801582616512> is referred to by <MCMC 134801597783968>._last_state
<MCMC 134801597783968> is referred to by <function 134801582779552> (_postprocess_fn) closed-over variable self
<function 134801582779552> is referred to by <partial 134801597081664>
<partial 134801597081664> is referred to by <tuple 134801597627376>[0]
<tuple 134801597627376> is referred to by <OrderedDict 134801598261568> at keys 
<OrderedDict 134801598261568> is referred to by <function 134803784915584>._cache
<function 134803784915584> is referred to by numpyro.infer.mcmc._collect_and_postprocess

Traced<ShapedArray(float32[2,2])>with<DynamicJaxprTrace>
The error occurred while tracing the function get_samples at 616/codebase/test/infer/test_mcmc.py:634 for jit. This concrete value was not available in Python because it depends on the values of the arguments rng_key, data, step_size, trajectory_length, and target_accept_prob.
<DynamicJaxprTracer 134801581622128> is referred to by <dict 134801593273920>[('p_latent',)]
<dict 134801593273920> is referred to by <HMCAdaptState 134801596767856>[2]
<HMCAdaptState 134801596767856> is referred to by <HMCState 134801582616512>[11]
<HMCState 134801582616512> is referred to by <MCMC 134801597783968>._last_state
<MCMC 134801597783968> is referred to by <function 134801582779552> (_postprocess_fn) closed-over variable self
<function 134801582779552> is referred to by <partial 134801597081664>
<partial 134801597081664> is referred to by <tuple 134801597627376>[0]
<tuple 134801597627376> is referred to by <OrderedDict 134801598261568> at keys 
<OrderedDict 134801598261568> is referred to by <function 134803784915584>._cache
<function 134803784915584> is referred to by numpyro.infer.mcmc._collect_and_postprocess

Traced<ShapedArray(float32[2,2])>with<DynamicJaxprTrace>
The error occurred while tracing the function get_samples at 616/codebase/test/infer/test_mcmc.py:634 for jit. This concrete value was not available in Python because it depends on the values of the arguments rng_key, data, step_size, trajectory_length, and target_accept_prob.
<DynamicJaxprTracer 134801581621408> is referred to by <dict 134801595471552>[('p_latent',)]
<dict 134801595471552> is referred to by <HMCAdaptState 134801596767856>[1]
<HMCAdaptState 134801596767856> is referred to by <HMCState 134801582616512>[11]
<HMCState 134801582616512> is referred to by <MCMC 134801597783968>._last_state
<MCMC 134801597783968> is referred to by <function 134801582779552> (_postprocess_fn) closed-over variable self
<function 134801582779552> is referred to by <partial 134801597081664>
<partial 134801597081664> is referred to by <tuple 134801597627376>[0]
<tuple 134801597627376> is referred to by <OrderedDict 134801598261568> at keys 
<OrderedDict 134801598261568> is referred to by <function 134803784915584>._cache
<function 134803784915584> is referred to by numpyro.infer.mcmc._collect_and_postprocess

Traced<ShapedArray(int32[2])>with<DynamicJaxprTrace>
The error occurred while tracing the function get_samples at 616/codebase/test/infer/test_mcmc.py:634 for jit. This concrete value was not available in Python because it depends on the values of the arguments rng_key, data, step_size, trajectory_length, and target_accept_prob.
<DynamicJaxprTracer 134801581637168> is referred to by <tuple 134801593259904>[2]
<tuple 134801593259904> is referred to by <dict 134801593762688>[('p_latent',)]
<dict 134801593762688> is referred to by <HMCAdaptState 134801596767856>[5]
<HMCAdaptState 134801596767856> is referred to by <HMCState 134801582616512>[11]
<HMCState 134801582616512> is referred to by <MCMC 134801597783968>._last_state
<MCMC 134801597783968> is referred to by <function 134801582779552> (_postprocess_fn) closed-over variable self
<function 134801582779552> is referred to by <partial 134801597081664>
<partial 134801597081664> is referred to by <tuple 134801597627376>[0]
<tuple 134801597627376> is referred to by <OrderedDict 134801598261568> at keys 
<OrderedDict 134801598261568> is referred to by <function 134803784915584>._cache
<function 134803784915584> is referred to by numpyro.infer.mcmc._collect_and_postprocess

Traced<ShapedArray(float32[2,2])>with<DynamicJaxprTrace>
The error occurred while tracing the function get_samples at 616/codebase/test/infer/test_mcmc.py:634 for jit. This concrete value was not available in Python because it depends on the values of the arguments rng_key, data, step_size, trajectory_length, and target_accept_prob.
<DynamicJaxprTracer 134801581637008> is referred to by <tuple 134801593259904>[1]
<tuple 134801593259904> is referred to by <dict 134801593762688>[('p_latent',)]
<dict 134801593762688> is referred to by <HMCAdaptState 134801596767856>[5]
<HMCAdaptState 134801596767856> is referred to by <HMCState 134801582616512>[11]
<HMCState 134801582616512> is referred to by <MCMC 134801597783968>._last_state
<MCMC 134801597783968> is referred to by <function 134801582779552> (_postprocess_fn) closed-over variable self
<function 134801582779552> is referred to by <partial 134801597081664>
<partial 134801597081664> is referred to by <tuple 134801597627376>[0]
<tuple 134801597627376> is referred to by <OrderedDict 134801598261568> at keys 
<OrderedDict 134801598261568> is referred to by <function 134803784915584>._cache
<function 134803784915584> is referred to by numpyro.infer.mcmc._collect_and_postprocess

Traced<ShapedArray(float32[2,2])>with<DynamicJaxprTrace>
The error occurred while tracing the function get_samples at 616/codebase/test/infer/test_mcmc.py:634 for jit. This concrete value was not available in Python because it depends on the values of the arguments rng_key, data, step_size, trajectory_length, and target_accept_prob.
<DynamicJaxprTracer 134801581636848> is referred to by <tuple 134801593259904>[0]
<tuple 134801593259904> is referred to by <dict 134801593762688>[('p_latent',)]
<dict 134801593762688> is referred to by <HMCAdaptState 134801596767856>[5]
<HMCAdaptState 134801596767856> is referred to by <HMCState 134801582616512>[11]
<HMCState 134801582616512> is referred to by <MCMC 134801597783968>._last_state
<MCMC 134801597783968> is referred to by <function 134801582779552> (_postprocess_fn) closed-over variable self
<function 134801582779552> is referred to by <partial 134801597081664>
<partial 134801597081664> is referred to by <tuple 134801597627376>[0]
<tuple 134801597627376> is referred to by <OrderedDict 134801598261568> at keys 
<OrderedDict 134801598261568> is referred to by <function 134803784915584>._cache
<function 134803784915584> is referred to by numpyro.infer.mcmc._collect_and_postprocess

--------------------
For simplicity, JAX has removed its internal frames from the traceback of the following exception. Set JAX_TRACEBACK_FILTERING=off to include these.
[31mFAILED[0m codebase/test/infer/test_mcmc.py::[1mtest_chain_inside_jit[vectorized-NUTS][0m - Exception: Leaked trace DynamicJaxprTrace. Leaked tracer(s):

Traced<ShapedArray(float32[], weak_type=True)>with<DynamicJaxprTrace>
The error occurred while tracing the function get_samples at 616/codebase/test/infer/test_mcmc.py:634 for jit. This concrete value was not available in Python because it depends on the value of the argument target_accept_prob.
<DynamicJaxprTracer 134801597074720> is referred to by <list 134801595210304>[2]
<list 134801595210304> is referred to by <PjitParams 134801581854016>[0]
<PjitParams 134801581854016> is referred to by <InferParamsCacheEntry 134801581561728>

Traced<ShapedArray(int32[2000])>with<DynamicJaxprTrace>
The error occurred while tracing the function get_samples at 616/codebase/test/infer/test_mcmc.py:634 for jit. This concrete value was not available in Python because it depends on the value of the argument data.
<DynamicJaxprTracer 134801597074800> is referred to by <list 134801595210304>[1]
<list 134801595210304> is referred to by <PjitParams 134801581854016>[0]
<PjitParams 134801581854016> is referred to by <InferParamsCacheEntry 134801581561728>

Traced<ShapedArray(float32[], weak_type=True)>with<DynamicJaxprTrace>
The error occurred while tracing the function get_samples at 616/codebase/test/infer/test_mcmc.py:634 for jit. This concrete value was not available in Python because it depends on the value of the argument step_size.
<DynamicJaxprTracer 134801597072800> is referred to by <NUTS 134801597632144>._step_size
<NUTS 134801597632144> is referred to by <dict 134801581578432>['sampler']
<dict 134801581578432> is referred to by <partial 134801597100288>
<partial 134801597100288> is referred to by <tuple 134801595544256>[0]
<tuple 134801595544256> is referred to by <OrderedDict 134801598259136> at keys 
<OrderedDict 134801598259136> is referred to by <function 134803789265664>._cache
<function 134803789265664> is referred to by numpyro.util.fori_collect

Traced<ShapedArray(float32[], weak_type=True)>with<DynamicJaxprTrace>
The error occurred while tracing the function get_samples at 616/codebase/test/infer/test_mcmc.py:634 for jit. This concrete value was not available in Python because it depends on the value of the argument trajectory_length.
<DynamicJaxprTracer 134801597075120> is referred to by <NUTS 134801597632144>._trajectory_length
<NUTS 134801597632144> is referred to by <dict 134801581578432>['sampler']
<dict 134801581578432> is referred to by <partial 134801597100288>
<partial 134801597100288> is referred to by <tuple 134801595544256>[0]
<tuple 134801595544256> is referred to by <OrderedDict 134801598259136> at keys 
<OrderedDict 134801598259136> is referred to by <function 134803789265664>._cache
<function 134803789265664> is referred to by numpyro.util.fori_collect

Traced<ShapedArray(bool[2,2000])>with<DynamicJaxprTrace>
The error occurred while tracing the function get_samples at 616/codebase/test/infer/test_mcmc.py:634 for jit. This concrete value was not available in Python because it depends on the values of the arguments rng_key, data, step_size, trajectory_length, and target_accept_prob.
<DynamicJaxprTracer 134801577922064> is referred to by <dict 134801581477248>['diverging']
<dict 134801581477248> is referred to by <MCMC 134801597637184>._states
<MCMC 134801597637184> is referred to by <function 134801582616672> (_postprocess_fn) closed-over variable self
<function 134801582616672> is referred to by <partial 134801597092608>
<partial 134801597092608> is referred to by <tuple 134801597079824>[0]
<tuple 134801597079824> is referred to by <OrderedDict 134801598261568> at keys 
<OrderedDict 134801598261568> is referred to by <function 134803784915584>._cache
<function 134803784915584> is referred to by numpyro.infer.mcmc._collect_and_postprocess

Traced<ShapedArray(bool[4000])>with<DynamicJaxprTrace>
The error occurred while tracing the function get_samples at 616/codebase/test/infer/test_mcmc.py:634 for jit. This concrete value was not available in Python because it depends on the values of the arguments rng_key, data, step_size, trajectory_length, and target_accept_prob.
<DynamicJaxprTracer 134801583023648> is referred to by <dict 134801581573568>['diverging']
<dict 134801581573568> is referred to by <MCMC 134801597637184>._states_flat
<MCMC 134801597637184> is referred to by <function 134801582616672> (_postprocess_fn) closed-over variable self
<function 134801582616672> is referred to by <partial 134801597092608>
<partial 134801597092608> is referred to by <tuple 134801597079824>[0]
<tuple 134801597079824> is referred to by <OrderedDict 134801598261568> at keys 
<OrderedDict 134801598261568> is referred to by <function 134803784915584>._cache
<function 134803784915584> is referred to by numpyro.infer.mcmc._collect_and_postprocess

Traced<ShapedArray(uint32[2,2])>with<DynamicJaxprTrace>
The error occurred while tracing the function get_samples at 616/codebase/test/infer/test_mcmc.py:634 for jit. This concrete value was not available in Python because it depends on the values of the arguments rng_key, data, step_size, trajectory_length, and target_accept_prob.
<DynamicJaxprTracer 134801597627552> is referred to by <HMCState 134801582777152>[12]
<HMCState 134801582777152> is referred to by <MCMC 134801597637184>._last_state
<MCMC 134801597637184> is referred to by <function 134801582616672> (_postprocess_fn) closed-over variable self
<function 134801582616672> is referred to by <partial 134801597092608>
<partial 134801597092608> is referred to by <tuple 134801597079824>[0]
<tuple 134801597079824> is referred to by <OrderedDict 134801598261568> at keys 
<OrderedDict 134801598261568> is referred to by <function 134803784915584>._cache
<function 134803784915584> is referred to by numpyro.infer.mcmc._collect_and_postprocess

Traced<ShapedArray(bool[2])>with<DynamicJaxprTrace>
The error occurred while tracing the function get_samples at 616/codebase/test/infer/test_mcmc.py:634 for jit. This concrete value was not available in Python because it depends on the values of the arguments rng_key, data, step_size, trajectory_length, and target_accept_prob.
<DynamicJaxprTracer 134801582538912> is referred to by <HMCState 134801582777152>[10]
<HMCState 134801582777152> is referred to by <MCMC 134801597637184>._last_state
<MCMC 134801597637184> is referred to by <function 134801582616672> (_postprocess_fn) closed-over variable self
<function 134801582616672> is referred to by <partial 134801597092608>
<partial 134801597092608> is referred to by <tuple 134801597079824>[0]
<tuple 134801597079824> is referred to by <OrderedDict 134801598261568> at keys 
<OrderedDict 134801598261568> is referred to by <function 134803784915584>._cache
<function 134803784915584> is referred to by numpyro.infer.mcmc._collect_and_postprocess

Traced<ShapedArray(float32[2])>with<DynamicJaxprTrace>
The error occurred while tracing the function get_samples at 616/codebase/test/infer/test_mcmc.py:634 for jit. This concrete value was not available in Python because it depends on the values of the arguments rng_key, data, step_size, trajectory_length, and target_accept_prob.
<DynamicJaxprTracer 134801582553552> is referred to by <HMCState 134801582777152>[9]
<HMCState 134801582777152> is referred to by <MCMC 134801597637184>._last_state
<MCMC 134801597637184> is referred to by <function 134801582616672> (_postprocess_fn) closed-over variable self
<function 134801582616672> is referred to by <partial 134801597092608>
<partial 134801597092608> is referred to by <tuple 134801597079824>[0]
<tuple 134801597079824> is referred to by <OrderedDict 134801598261568> at keys 
<OrderedDict 134801598261568> is referred to by <function 134803784915584>._cache
<function 134803784915584> is referred to by numpyro.infer.mcmc._collect_and_postprocess

Traced<ShapedArray(float32[2])>with<DynamicJaxprTrace>
The error occurred while tracing the function get_samples at 616/codebase/test/infer/test_mcmc.py:634 for jit. This concrete value was not available in Python because it depends on the values of the arguments rng_key, data, step_size, trajectory_length, and target_accept_prob.
<DynamicJaxprTracer 134801582552592> is referred to by <HMCState 134801582777152>[8]
<HMCState 134801582777152> is referred to by <MCMC 134801597637184>._last_state
<MCMC 134801597637184> is referred to by <function 134801582616672> (_postprocess_fn) closed-over variable self
<function 134801582616672> is referred to by <partial 134801597092608>
<partial 134801597092608> is referred to by <tuple 134801597079824>[0]
<tuple 134801597079824> is referred to by <OrderedDict 134801598261568> at keys 
<OrderedDict 134801598261568> is referred to by <function 134803784915584>._cache
<function 134803784915584> is referred to by numpyro.infer.mcmc._collect_and_postprocess

Traced<ShapedArray(int32[2])>with<DynamicJaxprTrace>
The error occurred while tracing the function get_samples at 616/codebase/test/infer/test_mcmc.py:634 for jit. This concrete value was not available in Python because it depends on the values of the arguments rng_key, data, step_size, trajectory_length, and target_accept_prob.
<DynamicJaxprTracer 134801582538832> is referred to by <HMCState 134801582777152>[7]
<HMCState 134801582777152> is referred to by <MCMC 134801597637184>._last_state
<MCMC 134801597637184> is referred to by <function 134801582616672> (_postprocess_fn) closed-over variable self
<function 134801582616672> is referred to by <partial 134801597092608>
<partial 134801597092608> is referred to by <tuple 134801597079824>[0]
<tuple 134801597079824> is referred to by <OrderedDict 134801598261568> at keys 
<OrderedDict 134801598261568> is referred to by <function 134803784915584>._cache
<function 134803784915584> is referred to by numpyro.infer.mcmc._collect_and_postprocess

Traced<ShapedArray(float32[2])>with<DynamicJaxprTrace>
The error occurred while tracing the function get_samples at 616/codebase/test/infer/test_mcmc.py:634 for jit. This concrete value was not available in Python because it depends on the values of the arguments rng_key, data, step_size, trajectory_length, and target_accept_prob.
<DynamicJaxprTracer 134801582542432> is referred to by <HMCState 134801582777152>[6]
<HMCState 134801582777152> is referred to by <MCMC 134801597637184>._last_state
<MCMC 134801597637184> is referred to by <function 134801582616672> (_postprocess_fn) closed-over variable self
<function 134801582616672> is referred to by <partial 134801597092608>
<partial 134801597092608> is referred to by <tuple 134801597079824>[0]
<tuple 134801597079824> is referred to by <OrderedDict 134801598261568> at keys 
<OrderedDict 134801598261568> is referred to by <function 134803784915584>._cache
<function 134803784915584> is referred to by numpyro.infer.mcmc._collect_and_postprocess

Traced<ShapedArray(float32[2])>with<DynamicJaxprTrace>
The error occurred while tracing the function get_samples at 616/codebase/test/infer/test_mcmc.py:634 for jit. This concrete value was not available in Python because it depends on the values of the arguments rng_key, data, step_size, trajectory_length, and target_accept_prob.
<DynamicJaxprTracer 134801582555072> is referred to by <HMCState 134801582777152>[4]
<HMCState 134801582777152> is referred to by <MCMC 134801597637184>._last_state
<MCMC 134801597637184> is referred to by <function 134801582616672> (_postprocess_fn) closed-over variable self
<function 134801582616672> is referred to by <partial 134801597092608>
<partial 134801597092608> is referred to by <tuple 134801597079824>[0]
<tuple 134801597079824> is referred to by <OrderedDict 134801598261568> at keys 
<OrderedDict 134801598261568> is referred to by <function 134803784915584>._cache
<function 134803784915584> is referred to by numpyro.infer.mcmc._collect_and_postprocess

Traced<ShapedArray(float32[2])>with<DynamicJaxprTrace>
The error occurred while tracing the function get_samples at 616/codebase/test/infer/test_mcmc.py:634 for jit. This concrete value was not available in Python because it depends on the values of the arguments rng_key, data, step_size, trajectory_length, and target_accept_prob.
<DynamicJaxprTracer 134801582539632> is referred to by <HMCState 134801582777152>[3]
<HMCState 134801582777152> is referred to by <MCMC 134801597637184>._last_state
<MCMC 134801597637184> is referred to by <function 134801582616672> (_postprocess_fn) closed-over variable self
<function 134801582616672> is referred to by <partial 134801597092608>
<partial 134801597092608> is referred to by <tuple 134801597079824>[0]
<tuple 134801597079824> is referred to by <OrderedDict 134801598261568> at keys 
<OrderedDict 134801598261568> is referred to by <function 134803784915584>._cache
<function 134803784915584> is referred to by numpyro.infer.mcmc._collect_and_postprocess

Traced<ShapedArray(int32[2])>with<DynamicJaxprTrace>
The error occurred while tracing the function get_samples at 616/codebase/test/infer/test_mcmc.py:634 for jit. This concrete value was not available in Python because it depends on the values of the arguments rng_key, data, step_size, trajectory_length, and target_accept_prob.
<DynamicJaxprTracer 134801582554032> is referred to by <HMCState 134801582777152>[0]
<HMCState 134801582777152> is referred to by <MCMC 134801597637184>._last_state
<MCMC 134801597637184> is referred to by <function 134801582616672> (_postprocess_fn) closed-over variable self
<function 134801582616672> is referred to by <partial 134801597092608>
<partial 134801597092608> is referred to by <tuple 134801597079824>[0]
<tuple 134801597079824> is referred to by <OrderedDict 134801598261568> at keys 
<OrderedDict 134801598261568> is referred to by <function 134803784915584>._cache
<function 134803784915584> is referred to by numpyro.infer.mcmc._collect_and_postprocess

Traced<ShapedArray(float32[2,2000,3])>with<DynamicJaxprTrace>
The error occurred while tracing the function get_samples at 616/codebase/test/infer/test_mcmc.py:634 for jit. This concrete value was not available in Python because it depends on the values of the arguments rng_key, data, step_size, trajectory_length, and target_accept_prob.
<DynamicJaxprTracer 134801597091744> is referred to by <dict 134801595626496>['p_latent']
<dict 134801595626496> is referred to by <dict 134801581477248>['z']
<dict 134801581477248> is referred to by <MCMC 134801597637184>._states
<MCMC 134801597637184> is referred to by <function 134801582616672> (_postprocess_fn) closed-over variable self
<function 134801582616672> is referred to by <partial 134801597092608>
<partial 134801597092608> is referred to by <tuple 134801597079824>[0]
<tuple 134801597079824> is referred to by <OrderedDict 134801598261568> at keys 
<OrderedDict 134801598261568> is referred to by <function 134803784915584>._cache
<function 134803784915584> is referred to by numpyro.infer.mcmc._collect_and_postprocess

Traced<ShapedArray(float32[4000,3])>with<DynamicJaxprTrace>
The error occurred while tracing the function get_samples at 616/codebase/test/infer/test_mcmc.py:634 for jit. This concrete value was not available in Python because it depends on the values of the arguments rng_key, data, step_size, trajectory_length, and target_accept_prob.
<DynamicJaxprTracer 134801583019728> is referred to by <dict 134801593765504>['p_latent']
<dict 134801593765504> is referred to by <dict 134801581573568>['z']
<dict 134801581573568> is referred to by <MCMC 134801597637184>._states_flat
<MCMC 134801597637184> is referred to by <function 134801582616672> (_postprocess_fn) closed-over variable self
<function 134801582616672> is referred to by <partial 134801597092608>
<partial 134801597092608> is referred to by <tuple 134801597079824>[0]
<tuple 134801597079824> is referred to by <OrderedDict 134801598261568> at keys 
<OrderedDict 134801598261568> is referred to by <function 134803784915584>._cache
<function 134803784915584> is referred to by numpyro.infer.mcmc._collect_and_postprocess

Traced<ShapedArray(uint32[2,2])>with<DynamicJaxprTrace>
The error occurred while tracing the function get_samples at 616/codebase/test/infer/test_mcmc.py:634 for jit. This concrete value was not available in Python because it depends on the values of the arguments rng_key, data, step_size, trajectory_length, and target_accept_prob.
<DynamicJaxprTracer 134801597627472> is referred to by <HMCAdaptState 134801769621632>[7]
<HMCAdaptState 134801769621632> is referred to by <HMCState 134801582777152>[11]
<HMCState 134801582777152> is referred to by <MCMC 134801597637184>._last_state
<MCMC 134801597637184> is referred to by <function 134801582616672> (_postprocess_fn) closed-over variable self
<function 134801582616672> is referred to by <partial 134801597092608>
<partial 134801597092608> is referred to by <tuple 134801597079824>[0]
<tuple 134801597079824> is referred to by <OrderedDict 134801598261568> at keys 
<OrderedDict 134801598261568> is referred to by <function 134803784915584>._cache
<function 134803784915584> is referred to by numpyro.infer.mcmc._collect_and_postprocess

Traced<ShapedArray(int32[2])>with<DynamicJaxprTrace>
The error occurred while tracing the function get_samples at 616/codebase/test/infer/test_mcmc.py:634 for jit. This concrete value was not available in Python because it depends on the values of the arguments rng_key, data, step_size, trajectory_length, and target_accept_prob.
<DynamicJaxprTracer 134801597624752> is referred to by <HMCAdaptState 134801769621632>[6]
<HMCAdaptState 134801769621632> is referred to by <HMCState 134801582777152>[11]
<HMCState 134801582777152> is referred to by <MCMC 134801597637184>._last_state
<MCMC 134801597637184> is referred to by <function 134801582616672> (_postprocess_fn) closed-over variable self
<function 134801582616672> is referred to by <partial 134801597092608>
<partial 134801597092608> is referred to by <tuple 134801597079824>[0]
<tuple 134801597079824> is referred to by <OrderedDict 134801598261568> at keys 
<OrderedDict 134801598261568> is referred to by <function 134803784915584>._cache
<function 134803784915584> is referred to by numpyro.infer.mcmc._collect_and_postprocess

Traced<ShapedArray(float32[2])>with<DynamicJaxprTrace>
The error occurred while tracing the function get_samples at 616/codebase/test/infer/test_mcmc.py:634 for jit. This concrete value was not available in Python because it depends on the values of the arguments rng_key, data, step_size, trajectory_length, and target_accept_prob.
<DynamicJaxprTracer 134801582539792> is referred to by <HMCAdaptState 134801769621632>[0]
<HMCAdaptState 134801769621632> is referred to by <HMCState 134801582777152>[11]
<HMCState 134801582777152> is referred to by <MCMC 134801597637184>._last_state
<MCMC 134801597637184> is referred to by <function 134801582616672> (_postprocess_fn) closed-over variable self
<function 134801582616672> is referred to by <partial 134801597092608>
<partial 134801597092608> is referred to by <tuple 134801597079824>[0]
<tuple 134801597079824> is referred to by <OrderedDict 134801598261568> at keys 
<OrderedDict 134801598261568> is referred to by <function 134803784915584>._cache
<function 134803784915584> is referred to by numpyro.infer.mcmc._collect_and_postprocess

Traced<ShapedArray(float32[2,2])>with<DynamicJaxprTrace>
The error occurred while tracing the function get_samples at 616/codebase/test/infer/test_mcmc.py:634 for jit. This concrete value was not available in Python because it depends on the values of the arguments rng_key, data, step_size, trajectory_length, and target_accept_prob.
<DynamicJaxprTracer 134801582541232> is referred to by <dict 134801582076480>['p_latent']
<dict 134801582076480> is referred to by <HMCState 134801582777152>[2]
<HMCState 134801582777152> is referred to by <MCMC 134801597637184>._last_state
<MCMC 134801597637184> is referred to by <function 134801582616672> (_postprocess_fn) closed-over variable self
<function 134801582616672> is referred to by <partial 134801597092608>
<partial 134801597092608> is referred to by <tuple 134801597079824>[0]
<tuple 134801597079824> is referred to by <OrderedDict 134801598261568> at keys 
<OrderedDict 134801598261568> is referred to by <function 134803784915584>._cache
<function 134803784915584> is referred to by numpyro.infer.mcmc._collect_and_postprocess

Traced<ShapedArray(float32[2,2])>with<DynamicJaxprTrace>
The error occurred while tracing the function get_samples at 616/codebase/test/infer/test_mcmc.py:634 for jit. This concrete value was not available in Python because it depends on the values of the arguments rng_key, data, step_size, trajectory_length, and target_accept_prob.
<DynamicJaxprTracer 134801582539072> is referred to by <dict 134801595625600>['p_latent']
<dict 134801595625600> is referred to by <HMCState 134801582777152>[1]
<HMCState 134801582777152> is referred to by <MCMC 134801597637184>._last_state
<MCMC 134801597637184> is referred to by <function 134801582616672> (_postprocess_fn) closed-over variable self
<function 134801582616672> is referred to by <partial 134801597092608>
<partial 134801597092608> is referred to by <tuple 134801597079824>[0]
<tuple 134801597079824> is referred to by <OrderedDict 134801598261568> at keys 
<OrderedDict 134801598261568> is referred to by <function 134803784915584>._cache
<function 134803784915584> is referred to by numpyro.infer.mcmc._collect_and_postprocess

Traced<ShapedArray(float32[2])>with<DynamicJaxprTrace>
The error occurred while tracing the function get_samples at 616/codebase/test/infer/test_mcmc.py:634 for jit. This concrete value was not available in Python because it depends on the values of the arguments rng_key, data, step_size, trajectory_length, and target_accept_prob.
<DynamicJaxprTracer 134801582552832> is referred to by <tuple 134801581631152>[4]
<tuple 134801581631152> is referred to by <HMCAdaptState 134801769621632>[4]
<HMCAdaptState 134801769621632> is referred to by <HMCState 134801582777152>[11]
<HMCState 134801582777152> is referred to by <MCMC 134801597637184>._last_state
<MCMC 134801597637184> is referred to by <function 134801582616672> (_postprocess_fn) closed-over variable self
<function 134801582616672> is referred to by <partial 134801597092608>
<partial 134801597092608> is referred to by <tuple 134801597079824>[0]
<tuple 134801597079824> is referred to by <OrderedDict 134801598261568> at keys 
<OrderedDict 134801598261568> is referred to by <function 134803784915584>._cache
<function 134803784915584> is referred to by numpyro.infer.mcmc._collect_and_postprocess

Traced<ShapedArray(int32[2])>with<DynamicJaxprTrace>
The error occurred while tracing the function get_samples at 616/codebase/test/infer/test_mcmc.py:634 for jit. This concrete value was not available in Python because it depends on the values of the arguments rng_key, data, step_size, trajectory_length, and target_accept_prob.
<DynamicJaxprTracer 134801582552032> is referred to by <tuple 134801581631152>[3]
<tuple 134801581631152> is referred to by <HMCAdaptState 134801769621632>[4]
<HMCAdaptState 134801769621632> is referred to by <HMCState 134801582777152>[11]
<HMCState 134801582777152> is referred to by <MCMC 134801597637184>._last_state
<MCMC 134801597637184> is referred to by <function 134801582616672> (_postprocess_fn) closed-over variable self
<function 134801582616672> is referred to by <partial 134801597092608>
<partial 134801597092608> is referred to by <tuple 134801597079824>[0]
<tuple 134801597079824> is referred to by <OrderedDict 134801598261568> at keys 
<OrderedDict 134801598261568> is referred to by <function 134803784915584>._cache
<function 134803784915584> is referred to by numpyro.infer.mcmc._collect_and_postprocess

Traced<ShapedArray(float32[2])>with<DynamicJaxprTrace>
The error occurred while tracing the function get_samples at 616/codebase/test/infer/test_mcmc.py:634 for jit. This concrete value was not available in Python because it depends on the values of the arguments rng_key, data, step_size, trajectory_length, and target_accept_prob.
<DynamicJaxprTracer 134801582552352> is referred to by <tuple 134801581631152>[2]
<tuple 134801581631152> is referred to by <HMCAdaptState 134801769621632>[4]
<HMCAdaptState 134801769621632> is referred to by <HMCState 134801582777152>[11]
<HMCState 134801582777152> is referred to by <MCMC 134801597637184>._last_state
<MCMC 134801597637184> is referred to by <function 134801582616672> (_postprocess_fn) closed-over variable self
<function 134801582616672> is referred to by <partial 134801597092608>
<partial 134801597092608> is referred to by <tuple 134801597079824>[0]
<tuple 134801597079824> is referred to by <OrderedDict 134801598261568> at keys 
<OrderedDict 134801598261568> is referred to by <function 134803784915584>._cache
<function 134803784915584> is referred to by numpyro.infer.mcmc._collect_and_postprocess

Traced<ShapedArray(float32[2])>with<DynamicJaxprTrace>
The error occurred while tracing the function get_samples at 616/codebase/test/infer/test_mcmc.py:634 for jit. This concrete value was not available in Python because it depends on the values of the arguments rng_key, data, step_size, trajectory_length, and target_accept_prob.
<DynamicJaxprTracer 134801582540592> is referred to by <tuple 134801581631152>[1]
<tuple 134801581631152> is referred to by <HMCAdaptState 134801769621632>[4]
<HMCAdaptState 134801769621632> is referred to by <HMCState 134801582777152>[11]
<HMCState 134801582777152> is referred to by <MCMC 134801597637184>._last_state
<MCMC 134801597637184> is referred to by <function 134801582616672> (_postprocess_fn) closed-over variable self
<function 134801582616672> is referred to by <partial 134801597092608>
<partial 134801597092608> is referred to by <tuple 134801597079824>[0]
<tuple 134801597079824> is referred to by <OrderedDict 134801598261568> at keys 
<OrderedDict 134801598261568> is referred to by <function 134803784915584>._cache
<function 134803784915584> is referred to by numpyro.infer.mcmc._collect_and_postprocess

Traced<ShapedArray(float32[2])>with<DynamicJaxprTrace>
The error occurred while tracing the function get_samples at 616/codebase/test/infer/test_mcmc.py:634 for jit. This concrete value was not available in Python because it depends on the values of the arguments rng_key, data, step_size, trajectory_length, and target_accept_prob.
<DynamicJaxprTracer 134801582542832> is referred to by <tuple 134801581631152>[0]
<tuple 134801581631152> is referred to by <HMCAdaptState 134801769621632>[4]
<HMCAdaptState 134801769621632> is referred to by <HMCState 134801582777152>[11]
<HMCState 134801582777152> is referred to by <MCMC 134801597637184>._last_state
<MCMC 134801597637184> is referred to by <function 134801582616672> (_postprocess_fn) closed-over variable self
<function 134801582616672> is referred to by <partial 134801597092608>
<partial 134801597092608> is referred to by <tuple 134801597079824>[0]
<tuple 134801597079824> is referred to by <OrderedDict 134801598261568> at keys 
<OrderedDict 134801598261568> is referred to by <function 134803784915584>._cache
<function 134803784915584> is referred to by numpyro.infer.mcmc._collect_and_postprocess

Traced<ShapedArray(float32[2,2])>with<DynamicJaxprTrace>
The error occurred while tracing the function get_samples at 616/codebase/test/infer/test_mcmc.py:634 for jit. This concrete value was not available in Python because it depends on the values of the arguments rng_key, data, step_size, trajectory_length, and target_accept_prob.
<DynamicJaxprTracer 134801582551952> is referred to by <dict 134801595418560>[('p_latent',)]
<dict 134801595418560> is referred to by <HMCAdaptState 134801769621632>[3]
<HMCAdaptState 134801769621632> is referred to by <HMCState 134801582777152>[11]
<HMCState 134801582777152> is referred to by <MCMC 134801597637184>._last_state
<MCMC 134801597637184> is referred to by <function 134801582616672> (_postprocess_fn) closed-over variable self
<function 134801582616672> is referred to by <partial 134801597092608>
<partial 134801597092608> is referred to by <tuple 134801597079824>[0]
<tuple 134801597079824> is referred to by <OrderedDict 134801598261568> at keys 
<OrderedDict 134801598261568> is referred to by <function 134803784915584>._cache
<function 134803784915584> is referred to by numpyro.infer.mcmc._collect_and_postprocess

Traced<ShapedArray(float32[2,2])>with<DynamicJaxprTrace>
The error occurred while tracing the function get_samples at 616/codebase/test/infer/test_mcmc.py:634 for jit. This concrete value was not available in Python because it depends on the values of the arguments rng_key, data, step_size, trajectory_length, and target_accept_prob.
<DynamicJaxprTracer 134801582538992> is referred to by <dict 134801595422144>[('p_latent',)]
<dict 134801595422144> is referred to by <HMCAdaptState 134801769621632>[2]
<HMCAdaptState 134801769621632> is referred to by <HMCState 134801582777152>[11]
<HMCState 134801582777152> is referred to by <MCMC 134801597637184>._last_state
<MCMC 134801597637184> is referred to by <function 134801582616672> (_postprocess_fn) closed-over variable self
<function 134801582616672> is referred to by <partial 134801597092608>
<partial 134801597092608> is referred to by <tuple 134801597079824>[0]
<tuple 134801597079824> is referred to by <OrderedDict 134801598261568> at keys 
<OrderedDict 134801598261568> is referred to by <function 134803784915584>._cache
<function 134803784915584> is referred to by numpyro.infer.mcmc._collect_and_postprocess

Traced<ShapedArray(float32[2,2])>with<DynamicJaxprTrace>
The error occurred while tracing the function get_samples at 616/codebase/test/infer/test_mcmc.py:634 for jit. This concrete value was not available in Python because it depends on the values of the arguments rng_key, data, step_size, trajectory_length, and target_accept_prob.
<DynamicJaxprTracer 134801582544352> is referred to by <dict 134801595348480>[('p_latent',)]
<dict 134801595348480> is referred to by <HMCAdaptState 134801769621632>[1]
<HMCAdaptState 134801769621632> is referred to by <HMCState 134801582777152>[11]
<HMCState 134801582777152> is referred to by <MCMC 134801597637184>._last_state
<MCMC 134801597637184> is referred to by <function 134801582616672> (_postprocess_fn) closed-over variable self
<function 134801582616672> is referred to by <partial 134801597092608>
<partial 134801597092608> is referred to by <tuple 134801597079824>[0]
<tuple 134801597079824> is referred to by <OrderedDict 134801598261568> at keys 
<OrderedDict 134801598261568> is referred to by <function 134803784915584>._cache
<function 134803784915584> is referred to by numpyro.infer.mcmc._collect_and_postprocess

Traced<ShapedArray(int32[2])>with<DynamicJaxprTrace>
The error occurred while tracing the function get_samples at 616/codebase/test/infer/test_mcmc.py:634 for jit. This concrete value was not available in Python because it depends on the values of the arguments rng_key, data, step_size, trajectory_length, and target_accept_prob.
<DynamicJaxprTracer 134801582553472> is referred to by <tuple 134801769528320>[2]
<tuple 134801769528320> is referred to by <dict 134801595372800>[('p_latent',)]
<dict 134801595372800> is referred to by <HMCAdaptState 134801769621632>[5]
<HMCAdaptState 134801769621632> is referred to by <HMCState 134801582777152>[11]
<HMCState 134801582777152> is referred to by <MCMC 134801597637184>._last_state
<MCMC 134801597637184> is referred to by <function 134801582616672> (_postprocess_fn) closed-over variable self
<function 134801582616672> is referred to by <partial 134801597092608>
<partial 134801597092608> is referred to by <tuple 134801597079824>[0]
<tuple 134801597079824> is referred to by <OrderedDict 134801598261568> at keys 
<OrderedDict 134801598261568> is referred to by <function 134803784915584>._cache
<function 134803784915584> is referred to by numpyro.infer.mcmc._collect_and_postprocess

Traced<ShapedArray(float32[2,2])>with<DynamicJaxprTrace>
The error occurred while tracing the function get_samples at 616/codebase/test/infer/test_mcmc.py:634 for jit. This concrete value was not available in Python because it depends on the values of the arguments rng_key, data, step_size, trajectory_length, and target_accept_prob.
<DynamicJaxprTracer 134801582552672> is referred to by <tuple 134801769528320>[1]
<tuple 134801769528320> is referred to by <dict 134801595372800>[('p_latent',)]
<dict 134801595372800> is referred to by <HMCAdaptState 134801769621632>[5]
<HMCAdaptState 134801769621632> is referred to by <HMCState 134801582777152>[11]
<HMCState 134801582777152> is referred to by <MCMC 134801597637184>._last_state
<MCMC 134801597637184> is referred to by <function 134801582616672> (_postprocess_fn) closed-over variable self
<function 134801582616672> is referred to by <partial 134801597092608>
<partial 134801597092608> is referred to by <tuple 134801597079824>[0]
<tuple 134801597079824> is referred to by <OrderedDict 134801598261568> at keys 
<OrderedDict 134801598261568> is referred to by <function 134803784915584>._cache
<function 134803784915584> is referred to by numpyro.infer.mcmc._collect_and_postprocess

Traced<ShapedArray(float32[2,2])>with<DynamicJaxprTrace>
The error occurred while tracing the function get_samples at 616/codebase/test/infer/test_mcmc.py:634 for jit. This concrete value was not available in Python because it depends on the values of the arguments rng_key, data, step_size, trajectory_length, and target_accept_prob.
<DynamicJaxprTracer 134801582554832> is referred to by <tuple 134801769528320>[0]
<tuple 134801769528320> is referred to by <dict 134801595372800>[('p_latent',)]
<dict 134801595372800> is referred to by <HMCAdaptState 134801769621632>[5]
<HMCAdaptState 134801769621632> is referred to by <HMCState 134801582777152>[11]
<HMCState 134801582777152> is referred to by <MCMC 134801597637184>._last_state
<MCMC 134801597637184> is referred to by <function 134801582616672> (_postprocess_fn) closed-over variable self
<function 134801582616672> is referred to by <partial 134801597092608>
<partial 134801597092608> is referred to by <tuple 134801597079824>[0]
<tuple 134801597079824> is referred to by <OrderedDict 134801598261568> at keys 
<OrderedDict 134801598261568> is referred to by <function 134803784915584>._cache
<function 134803784915584> is referred to by numpyro.infer.mcmc._collect_and_postprocess

--------------------
For simplicity, JAX has removed its internal frames from the traceback of the following exception. Set JAX_TRACEBACK_FILTERING=off to include these.
[31m======================== [31m[1m4 failed[0m, [33m2 skipped[0m[31m in 23.24s[0m[31m =========================[0m
